{"type":"FeatureCollection","crs":{"type":"name","properties":{"name":"EPSG:4326"}},"features":[{"type":"Feature","id":363601,"geometry":{"type":"Point","coordinates":[-122.297414682629,47.5992328395492]},"properties":{"OBJECTID":363601,"COMPKEY":null,"UNITID":"CMR-0270","OWNERSHIP":"SDOT","DISTRICT":null,"NAME":"MLK_S_Jackson_NS.jpg","COMPTYPE":16,"URL":"http://www.seattle.gov/trafficcams/images/MLK_S_Jackson_NS.jpg","LOCATION":"MLK Jr Way S & S Jackson St","SERVSTAT":"ACTV","SE_ANNO_CAD_DATA":"","STREAM_NAME":"MLK_S_Jackson_NS","GLOBALID":"cc72d8a5-d102-4365-a6ad-c677d74f0232","CREATOR":"Transportation_SeattleCityGIS","CREATE_DATE":1786716795000,"EDITOR":"Transportation_SeattleCityGIS","EDIT_DATE":1786716795000}},{"type":"Feature","id":363602,"geometry":{"type":"Point","coordinates":[-122.302222006625,47.5955706958849]},"properties":{"OBJECTID":363602,"COMPKEY":null,"UNITID":"CMR-0299","OWNERSHIP":"SDOT","DISTRICT":null,"NAME":"23_S_Dearborn_NS.jpg","COMPTYPE":16,"URL":"http://www.seattle.gov/trafficcams/images/23_S_Dearborn_NS.jpg","LOCATION":"23rd Ave S & S Dearborn St","SERVSTAT":"ACTV","SE_ANNO_CAD_DATA":"","STREAM_NAME":"23_S_Dearborn_NS","GLOBALID":"18ebb229-62e0-4330-af99-af58a1b9ce3c","CREATOR":"Transportation_SeattleCityGIS","CREATE_DATE":1786716795000,"EDITOR":"Transportation_SeattleCityGIS","EDIT_DATE":1786716795000}},{"type":"Feature","id":363603,"geometry":{"type":"Point","coordinates":[-122.296767841633,47.6016561525504]},"properties":{"OBJECTID":363603,"COMPKEY":null,"UNITID":"CMR-0269","OWNERSHIP":"SDOT","DISTRICT":null,"NAME":"MLK_E_Yesler_NS.jpg","COMPTYPE":16,"URL":"http://www.seattle.gov/trafficcams/images/MLK_E_Yesler_NS.jpg","LOCATION":"MLK Jr Way & E Yesler Way","SERVSTAT":"ACTV","SE_ANNO_CAD_DATA":"","STREAM_NAME":"MLK_E_Yesler_NS","GLOBALID":"91b8ceb6-f142-4e3d-983d-13d5783736ea","CREATOR":"Transportation_SeattleCityGIS","CREATE_DATE":1786716795000,"EDITOR":"Transportation_SeattleCityGIS","EDIT_DATE":1786716795000}},{"type":"Feature","id":363604,"geometry":{"type":"Point","coordinates":[-122.296254307144,47.6079966236584]},"properties":{"OBJECTID":363604,"COMPKEY":null,"UNITID":"CMR-0268","OWNERSHIP":"SDOT","DISTRICT":null,"NAME":"MLK_E_Cherry_NS.jpg","COMPTYPE":16,"URL":"http://www.seattle.gov/trafficcams/images/MLK_E_Cherry_NS.jpg","LOCATION":"MLK Jr Way & E Cherry St","SERVSTAT":"ACTV","SE_ANNO_CAD_DATA":"","STREAM_NAME":"MLK_E_Cherry_NS","GLOBALID":"7b91af49-f2ba-4d7d-8e9c-d5f02fb156d8","CREATOR":"Transportation_SeattleCityGIS","CREATE_DATE":1786716795000,"EDITOR":"Transportation_SeattleCityGIS","EDIT_DATE":1786716795000}},{"type":"Feature","id":363605,"geometry":{"type":"Point","coordinates":[-122.376445042262,47.544682573617]},"properties":{"OBJECTID":363605,"COMPKEY":null,"UNITID":"CMR-0323","OWNERSHIP":"SDOT","DISTRICT":null,"NAME":"35_SW_Morgan_NS.jpg","COMPTYPE":16,"URL":"http://www.seattle.gov/trafficcams/images/35_SW_Morgan_NS.jpg","LOCATION":"35th Ave SW & SW Morgan St","SERVSTAT":"ACTV","SE_ANNO_CAD_DATA":"","STREAM_NAME":"35_SW_Morgan_NS","GLOBALID":"4dfe7b06-c625-4deb-b31f-f049e0bed6d4","CREATOR":"Transportation_SeattleCityGIS","CREATE_DATE":1786716795000,"EDITOR":"Transportation_SeattleCityGIS","EDIT_DATE":1786716795000}},{"type":"Feature","id":363606,"geometry":{"type":"Point","coordinates":[-122.376761492271,47.5210700142456]},"properties":{"OBJECTID":363606,"COMPKEY":null,"UNITID":"CMR-0325","OWNERSHIP":"SDOT","DISTRICT":null,"NAME":"35_SW_Barton_EW.jpg","COMPTYPE":16,"URL":"http://www.seattle.gov/trafficcams/images/35_SW_Barton_EW.jpg","LOCATION":"35th Ave SW & SW Barton St","SERVSTAT":"ACTV","SE_ANNO_CAD_DATA":"","STREAM_NAME":"35_SW_Barton_EW","GLOBALID":"30c94d3f-bc9e-4f4f-911c-8b29542dd0b7","CREATOR":"Transportation_SeattleCityGIS","CREATE_DATE":1786716795000,"EDITOR":"Transportation_SeattleCityGIS","EDIT_DATE":1786716795000}},{"type":"Feature","id":363607,"geometry":{"type":"Point","coordinates":[-122.37688458908,47.5174878687725]},"properties":{"OBJECTID":363607,"COMPKEY":null,"UNITID":"CMR-0324","OWNERSHIP":"SDOT","DISTRICT":null,"NAME":"35_SW_Roxbury_EW.jpg","COMPTYPE":16,"URL":"http://www.seattle.gov/trafficcams/images/35_SW_Roxbury_EW.jpg","LOCATION":"35th Ave SW & SW Roxbury St","SERVSTAT":"ACTV","SE_ANNO_CAD_DATA":"","STREAM_NAME":"35_SW_Roxbury_EW","GLOBALID":"4b68b94c-cdff-44a5-9a65-d052aa1f3bc2","CREATOR":"Transportation_SeattleCityGIS","CREATE_DATE":1786716795000,"EDITOR":"Transportation_SeattleCityGIS","EDIT_DATE":1786716795000}},{"type":"Feature","id":363608,"geometry":{"type":"Point","coordinates":[-122.376618644315,47.5337424118538]},"properties":{"OBJECTID":363608,"COMPKEY":null,"UNITID":"CMR-0326","OWNERSHIP":"SDOT","DISTRICT":null,"NAME":"35_SW_Holden_NS.jpg","COMPTYPE":16,"URL":"http://www.seattle.gov/trafficcams/images/35_SW_Holden_NS.jpg","LOCATION":"35th Ave SW & SW Holden St","SERVSTAT":"ACTV","SE_ANNO_CAD_DATA":"","STREAM_NAME":"35_SW_Holden_NS","GLOBALID":"5f17de6f-ed8e-4edc-a28f-cd58425c83ca","CREATOR":"Transportation_SeattleCityGIS","CREATE_DATE":1786716795000,"EDITOR":"Transportation_SeattleCityGIS","EDIT_DATE":1786716795000}},{"type":"Feature","id":363609,"geometry":{"type":"Point","coordinates":[-122.351360069473,47.6185863994944]},"properties":{"OBJECTID":363609,"COMPKEY":null,"UNITID":"CMR-0332","OWNERSHIP":"SDOT","DISTRICT":null,"NAME":"3_N_Denny_EW.jpg","COMPTYPE":16,"URL":"http://www.seattle.gov/trafficcams/images/3_N_Denny_EW.jpg","LOCATION":"3rd Ave & Denny Way","SERVSTAT":"ACTV","SE_ANNO_CAD_DATA":"","STREAM_NAME":"3_N_Denny_EW","GLOBALID":"48dcf3bb-ea78-48e2-97dc-14a0b27aa966","CREATOR":"Transportation_SeattleCityGIS","CREATE_DATE":1786716795000,"EDITOR":"Transportation_SeattleCityGIS","EDIT_DATE":1786716795000}},{"type":"Feature","id":363610,"geometry":{"type":"Point","coordinates":[-122.387576486364,47.6686786927854]},"properties":{"OBJECTID":363610,"COMPKEY":null,"UNITID":"CMR-0322","OWNERSHIP":"SDOT","DISTRICT":null,"NAME":"24_NW_Market_EW.jpg","COMPTYPE":16,"URL":"http://www.seattle.gov/trafficcams/images/24_NW_Market_EW.jpg","LOCATION":"24th Ave NW & NW Market St","SERVSTAT":"ACTV","SE_ANNO_CAD_DATA":"","STREAM_NAME":"24_NW_Market_EW","GLOBALID":"782fab4b-8c8c-413d-8e48-be88be0e32a9","CREATOR":"Transportation_SeattleCityGIS","CREATE_DATE":1786716795000,"EDITOR":"Transportation_SeattleCityGIS","EDIT_DATE":1786716795000}},{"type":"Feature","id":363611,"geometry":{"type":"Point","coordinates":[-122.375652198903,47.6322524003548]},"properties":{"OBJECTID":363611,"COMPKEY":null,"UNITID":"CMR-0296","OWNERSHIP":"SDOT","DISTRICT":null,"NAME":"Elliott_W_Galer-Flyover_NS.jpg","COMPTYPE":16,"URL":"http://www.seattle.gov/trafficcams/images/Elliott_W_Galer-Flyover_NS.jpg","LOCATION":"Elliott & Galer Flyover","SERVSTAT":"ACTV","SE_ANNO_CAD_DATA":"","STREAM_NAME":"Elliott_W_Galer-Flyover_NS","GLOBALID":"99c02b39-36f4-4038-9460-9f77931a3aa6","CREATOR":"Transportation_SeattleCityGIS","CREATE_DATE":1786716795000,"EDITOR":"Transportation_SeattleCityGIS","EDIT_DATE":1786716795000}},{"type":"Feature","id":363612,"geometry":{"type":"Point","coordinates":[-122.302593646917,47.5883746525307]},"properties":{"OBJECTID":363612,"COMPKEY":null,"UNITID":"CMR-0301","OWNERSHIP":"SDOT","DISTRICT":null,"NAME":"23_S_Massachusetts_NS.jpg","COMPTYPE":16,"URL":"http://www.seattle.gov/trafficcams/images/23_S_Massachusetts_NS.jpg","LOCATION":"23rd Ave S & S Massachusetts St NS","SERVSTAT":"ACTV","SE_ANNO_CAD_DATA":"","STREAM_NAME":"23_S_Massachusetts_NS","GLOBALID":"d68272e7-390b-4203-8322-3e15d23b3b5c","CREATOR":"Transportation_SeattleCityGIS","CREATE_DATE":1786716795000,"EDITOR":"Transportation_SeattleCityGIS","EDIT_DATE":1786716795000}},{"type":"Feature","id":363613,"geometry":{"type":"Point","coordinates":[-122.331472862006,47.5798122656574]},"properties":{"OBJECTID":363613,"COMPKEY":null,"UNITID":"CMR-0335","OWNERSHIP":"SDOT","DISTRICT":null,"NAME":"S_Lander_OP.jpg","COMPTYPE":16,"URL":"http://www.seattle.gov/trafficcams/images/S_Lander_OP.jpg","LOCATION":"Lander St & S Overpass","SERVSTAT":"ACTV","SE_ANNO_CAD_DATA":"","STREAM_NAME":"S_Lander_OP","GLOBALID":"6fdc6172-ed5a-44aa-b056-0b9e199795a2","CREATOR":"Transportation_SeattleCityGIS","CREATE_DATE":1786716795000,"EDITOR":"Transportation_SeattleCityGIS","EDIT_DATE":1786716795000}},{"type":"Feature","id":363614,"geometry":{"type":"Point","coordinates":[-122.342181431465,47.5403529957704]},"properties":{"OBJECTID":363614,"COMPKEY":null,"UNITID":"CMR-0338","OWNERSHIP":"SDOT","DISTRICT":null,"NAME":"W_Marg_SW_Highland_NEC.jpg","COMPTYPE":16,"URL":"http://www.seattle.gov/trafficcams/images/W_Marg_SW_Highland_NEC.jpg","LOCATION":"W Marginal Way SW & Highland Pk Way SW - NEC","SERVSTAT":"ACTV","SE_ANNO_CAD_DATA":"","STREAM_NAME":"W_Marg_SW_Highland_NEC","GLOBALID":"006e6bda-e6f8-4c8b-a8cb-ae49f3abc8ee","CREATOR":"Transportation_SeattleCityGIS","CREATE_DATE":1786716795000,"EDITOR":"Transportation_SeattleCityGIS","EDIT_DATE":1786716795000}},{"type":"Feature","id":363615,"geometry":{"type":"Point","coordinates":[-122.376195353146,47.6334990498579]},"properties":{"OBJECTID":363615,"COMPKEY":null,"UNITID":"CMR-0298","OWNERSHIP":"SDOT","DISTRICT":null,"NAME":"15_W_Garfield_NS.jpg","COMPTYPE":16,"URL":"http://www.seattle.gov/trafficcams/images/15_W_Garfield_NS.jpg","LOCATION":"15th Ave W & W Garfield St","SERVSTAT":"ACTV","SE_ANNO_CAD_DATA":"","STREAM_NAME":"15_W_Garfield_NS","GLOBALID":"77ffcc09-a977-44e4-84f8-14493c00239f","CREATOR":"Transportation_SeattleCityGIS","CREATE_DATE":1786716795000,"EDITOR":"Transportation_SeattleCityGIS","EDIT_DATE":1786716795000}},{"type":"Feature","id":363616,"geometry":{"type":"Point","coordinates":[-122.334200813875,47.5798111385596]},"properties":{"OBJECTID":363616,"COMPKEY":null,"UNITID":"CMR-0334","OWNERSHIP":"SDOT","DISTRICT":null,"NAME":"1_S_Lander_NS.jpg","COMPTYPE":16,"URL":"http://www.seattle.gov/trafficcams/images/1_S_Lander_NS.jpg","LOCATION":"1st Ave S & S Lander St","SERVSTAT":"ACTV","SE_ANNO_CAD_DATA":"","STREAM_NAME":"1_S_Lander_NS","GLOBALID":"5b71f2bf-1358-413b-b10a-dc468a1c3edd","CREATOR":"Transportation_SeattleCityGIS","CREATE_DATE":1786716795000,"EDITOR":"Transportation_SeattleCityGIS","EDIT_DATE":1786716795000}},{"type":"Feature","id":363617,"geometry":{"type":"Point","coordinates":[-122.343052604525,47.6125019016329]},"properties":{"OBJECTID":363617,"COMPKEY":null,"UNITID":"CMR-0240","OWNERSHIP":"SDOT","DISTRICT":null,"NAME":"2_Lenora_NS.jpg","COMPTYPE":16,"URL":"http://www.seattle.gov/trafficcams/images/2_Lenora_NS.jpg","LOCATION":"2nd Ave & Lenora St","SERVSTAT":"ACTV","SE_ANNO_CAD_DATA":"","STREAM_NAME":"2_Lenora_NS","GLOBALID":"4e7b0d13-9c54-4fce-9d9d-c0ad9953324f","CREATOR":"Transportation_SeattleCityGIS","CREATE_DATE":1786716795000,"EDITOR":"Transportation_SeattleCityGIS","EDIT_DATE":1786716795000}},{"type":"Feature","id":363618,"geometry":{"type":"Point","coordinates":[-122.337111343346,47.5398126588207]},"properties":{"OBJECTID":363618,"COMPKEY":null,"UNITID":"CMR-0336","OWNERSHIP":"SDOT","DISTRICT":null,"NAME":"2_SW_Highland_EW.jpg","COMPTYPE":16,"URL":"http://www.seattle.gov/trafficcams/images/2_SW_Highland_EW.jpg","LOCATION":"2nd Ave SW & Highland Pk Way SW EW","SERVSTAT":"ACTV","SE_ANNO_CAD_DATA":"","STREAM_NAME":"2_SW_Highland_EW","GLOBALID":"f0f08bf4-40d0-4835-a75e-5e67e3e90464","CREATOR":"Transportation_SeattleCityGIS","CREATE_DATE":1786716795000,"EDITOR":"Transportation_SeattleCityGIS","EDIT_DATE":1786716795000}},{"type":"Feature","id":363619,"geometry":{"type":"Point","coordinates":[-122.337111342653,47.5398127425382]},"properties":{"OBJECTID":363619,"COMPKEY":null,"UNITID":"CMR-0337","OWNERSHIP":"SDOT","DISTRICT":null,"NAME":"2_SW_Highland_NS.jpg","COMPTYPE":16,"URL":"http://www.seattle.gov/trafficcams/images/2_SW_Highland_NS.jpg","LOCATION":"2nd Ave SW & Highland Pk Way SW NS","SERVSTAT":"ACTV","SE_ANNO_CAD_DATA":"","STREAM_NAME":"2_SW_Highland_NS","GLOBALID":"030f8b08-ad9f-4d03-8813-411e116247f7","CREATOR":"Transportation_SeattleCityGIS","CREATE_DATE":1786716795000,"EDITOR":"Transportation_SeattleCityGIS","EDIT_DATE":1786716795000}},{"type":"Feature","id":363620,"geometry":{"type":"Point","coordinates":[-122.350690507429,47.6170187070193]},"properties":{"OBJECTID":363620,"COMPKEY":null,"UNITID":"CMR-0241","OWNERSHIP":"SDOT","DISTRICT":null,"NAME":"2_Clay_NS.jpg","COMPTYPE":16,"URL":"http://www.seattle.gov/trafficcams/images/2_Clay_NS.jpg","LOCATION":"2nd Ave & Clay St","SERVSTAT":"ACTV","SE_ANNO_CAD_DATA":"","STREAM_NAME":"2_Clay_NS","GLOBALID":"ea9a3fe5-7700-4da6-8e4b-dce7acf97960","CREATOR":"Transportation_SeattleCityGIS","CREATE_DATE":1786716795000,"EDITOR":"Transportation_SeattleCityGIS","EDIT_DATE":1786716795000}},{"type":"Feature","id":363621,"geometry":{"type":"Point","coordinates":[-122.331404364877,47.6161869016187]},"properties":{"OBJECTID":363621,"COMPKEY":null,"UNITID":"CMR-0087","OWNERSHIP":"SDOT","DISTRICT":null,"NAME":"Boren_Howell_NS.jpg","COMPTYPE":16,"URL":"http://www.seattle.gov/trafficcams/images/Boren_Howell_NS.jpg","LOCATION":"Boren Ave & Howell St","SERVSTAT":"ACTV","SE_ANNO_CAD_DATA":"","STREAM_NAME":"Boren_Howell_NS","GLOBALID":"cf69682d-c3a0-422b-a915-e2e310bc9435","CREATOR":"Transportation_SeattleCityGIS","CREATE_DATE":1786716795000,"EDITOR":"Transportation_SeattleCityGIS","EDIT_DATE":1786716795000}},{"type":"Feature","id":363622,"geometry":{"type":"Point","coordinates":[-122.34218136673,47.5403529618831]},"properties":{"OBJECTID":363622,"COMPKEY":null,"UNITID":"CMR-0339","OWNERSHIP":"SDOT","DISTRICT":null,"NAME":"W_Marg_SW_Highland_SEC.jpg","COMPTYPE":16,"URL":"http://www.seattle.gov/trafficcams/images/W_Marg_SW_Highland_SEC.jpg","LOCATION":"W Marginal Way SW & Highland Pk Way SW - SEC","SERVSTAT":"ACTV","SE_ANNO_CAD_DATA":"","STREAM_NAME":"W_Marg_SW_Highland_SEC","GLOBALID":"cb042de9-e5c8-42ef-ad72-c7609e7905cb","CREATOR":"Transportation_SeattleCityGIS","CREATE_DATE":1786716795000,"EDITOR":"Transportation_SeattleCityGIS","EDIT_DATE":1786716795000}},{"type":"Feature","id":363623,"geometry":{"type":"Point","coordinates":[-122.296688931673,47.5662923407114]},"properties":{"OBJECTID":363623,"COMPKEY":null,"UNITID":"CMR-0271","OWNERSHIP":"SDOT","DISTRICT":null,"NAME":"MLK_S_Dakota_NS.jpg","COMPTYPE":16,"URL":"http://www.seattle.gov/trafficcams/images/MLK_S_Dakota_NS.jpg","LOCATION":"MLK Jr Way S & S Dakota St","SERVSTAT":"ACTV","SE_ANNO_CAD_DATA":"","STREAM_NAME":"MLK_S_Dakota_NS","GLOBALID":"3b1c8d4f-cd70-4c98-a114-241a309e7603","CREATOR":"Transportation_SeattleCityGIS","CREATE_DATE":1786716795000,"EDITOR":"Transportation_SeattleCityGIS","EDIT_DATE":1786716795000}},{"type":"Feature","id":363624,"geometry":{"type":"Point","coordinates":[-122.330264793185,47.6017161563463]},"properties":{"OBJECTID":363624,"COMPKEY":null,"UNITID":"CMR-0036","OWNERSHIP":"SDOT","DISTRICT":null,"NAME":"3_Yesler_NS.jpg","COMPTYPE":16,"URL":"http://www.seattle.gov/trafficcams/images/3_Yesler_NS.jpg","LOCATION":"3rd Ave & Yesler Way","SERVSTAT":"ACTV","SE_ANNO_CAD_DATA":"","STREAM_NAME":"3_Yesler_NS","GLOBALID":"c52b28f5-c311-4781-b9bd-9a64e3b1d631","CREATOR":"Transportation_SeattleCityGIS","CREATE_DATE":1786716795000,"EDITOR":"Transportation_SeattleCityGIS","EDIT_DATE":1786716795000}},{"type":"Feature","id":363625,"geometry":{"type":"Point","coordinates":[-122.332451281314,47.6072663098637]},"properties":{"OBJECTID":363625,"COMPKEY":null,"UNITID":"CMR-0291","OWNERSHIP":"SDOT","DISTRICT":null,"NAME":"5_Spring_EW.jpg","COMPTYPE":16,"URL":"http://www.seattle.gov/trafficcams/images/5_Spring_EW.jpg","LOCATION":"5th Ave & Spring St","SERVSTAT":"ACTV","SE_ANNO_CAD_DATA":"","STREAM_NAME":"5_Spring_EW","GLOBALID":"b598f74b-1256-4063-9670-c89b74da2de7","CREATOR":"Transportation_SeattleCityGIS","CREATE_DATE":1786716795000,"EDITOR":"Transportation_SeattleCityGIS","EDIT_DATE":1786716795000}},{"type":"Feature","id":363626,"geometry":{"type":"Point","coordinates":[-122.335535063758,47.5964794280651]},"properties":{"OBJECTID":363626,"COMPKEY":null,"UNITID":"CMR-0294","OWNERSHIP":"SDOT","DISTRICT":null,"NAME":"Alaskan_S_Dearborn_NS.jpg","COMPTYPE":16,"URL":"http://www.seattle.gov/trafficcams/images/Alaskan_S_Dearborn_NS.jpg","LOCATION":"Alaskan Way S & S Dearborn St","SERVSTAT":"ACTV","SE_ANNO_CAD_DATA":"","STREAM_NAME":"Alaskan_S_Dearborn_NS","GLOBALID":"d4b6ec16-b2d8-41e9-9ee2-bea0d211f62d","CREATOR":"Transportation_SeattleCityGIS","CREATE_DATE":1786716795000,"EDITOR":"Transportation_SeattleCityGIS","EDIT_DATE":1786716795000}},{"type":"Feature","id":363627,"geometry":{"type":"Point","coordinates":[-122.346266263453,47.6245580479478]},"properties":{"OBJECTID":363627,"COMPKEY":null,"UNITID":"CMR-0220","OWNERSHIP":"SDOT","DISTRICT":null,"NAME":"Taylor_N_Mercer_EW.jpg","COMPTYPE":16,"URL":"http://www.seattle.gov/trafficcams/images/Taylor_N_Mercer_EW.jpg","LOCATION":"Taylor Ave & Mercer St","SERVSTAT":"ACTV","SE_ANNO_CAD_DATA":"","STREAM_NAME":"Taylor_N_Mercer_EW","GLOBALID":"ccc1602b-0bc0-453c-8eaf-57bad3c250c4","CREATOR":"Transportation_SeattleCityGIS","CREATE_DATE":1786716795000,"EDITOR":"Transportation_SeattleCityGIS","EDIT_DATE":1786716795000}},{"type":"Feature","id":363628,"geometry":{"type":"Point","coordinates":[-122.335492232148,47.5923991735958]},"properties":{"OBJECTID":363628,"COMPKEY":null,"UNITID":"CMR-0293","OWNERSHIP":"SDOT","DISTRICT":null,"NAME":"Colorado_S_RoyalB_S_Portal.jpg","COMPTYPE":16,"URL":"http://www.seattle.gov/trafficcams/images/Colorado_S_RoyalB_S_Portal.jpg","LOCATION":"Colorado Ave S & S Royal Brougham Way","SERVSTAT":"ACTV","SE_ANNO_CAD_DATA":"","STREAM_NAME":"Colorado_S_RoyalB_S_Portal","GLOBALID":"eb3f5ec5-c80f-44ab-b3e7-92d5358f61f6","CREATOR":"Transportation_SeattleCityGIS","CREATE_DATE":1786716795000,"EDITOR":"Transportation_SeattleCityGIS","EDIT_DATE":1786716795000}},{"type":"Feature","id":363629,"geometry":{"type":"Point","coordinates":[-122.338887741859,47.6092677052362]},"properties":{"OBJECTID":363629,"COMPKEY":null,"UNITID":"CMR-0302","OWNERSHIP":"SDOT","DISTRICT":null,"NAME":"2_Pike_NS.jpg","COMPTYPE":16,"URL":"http://www.seattle.gov/trafficcams/images/2_Pike_NS.jpg","LOCATION":"2nd Ave & Pike St NS","SERVSTAT":"ACTV","SE_ANNO_CAD_DATA":"","STREAM_NAME":"2_Pike_NS","GLOBALID":"99174940-108c-42c5-8fe9-b94724ab3aba","CREATOR":"Transportation_SeattleCityGIS","CREATE_DATE":1786716795000,"EDITOR":"Transportation_SeattleCityGIS","EDIT_DATE":1786716795000}},{"type":"Feature","id":363630,"geometry":{"type":"Point","coordinates":[-122.338880226014,47.6092949587856]},"properties":{"OBJECTID":363630,"COMPKEY":null,"UNITID":"CMR-0303","OWNERSHIP":"SDOT","DISTRICT":null,"NAME":"2_Pike_EW.jpg","COMPTYPE":16,"URL":"http://www.seattle.gov/trafficcams/images/2_Pike_EW.jpg","LOCATION":"2nd Ave & Pike St EW","SERVSTAT":"ACTV","SE_ANNO_CAD_DATA":"","STREAM_NAME":"2_Pike_EW","GLOBALID":"7df9a80b-b6f3-45fd-b55c-e6e652ada920","CREATOR":"Transportation_SeattleCityGIS","CREATE_DATE":1786716795000,"EDITOR":"Transportation_SeattleCityGIS","EDIT_DATE":1786716795000}},{"type":"Feature","id":363631,"geometry":{"type":"Point","coordinates":[-122.33467152672,47.6063373543613]},"properties":{"OBJECTID":363631,"COMPKEY":null,"UNITID":"CMR-0305","OWNERSHIP":"SDOT","DISTRICT":null,"NAME":"3_Spring_EW.jpg","COMPTYPE":16,"URL":"http://www.seattle.gov/trafficcams/images/3_Spring_EW.jpg","LOCATION":"3rd Ave & Spring St","SERVSTAT":"ACTV","SE_ANNO_CAD_DATA":"","STREAM_NAME":"3_Spring_EW","GLOBALID":"1e7dbf7a-8e02-4ff8-abe9-c7a12aaaefd8","CREATOR":"Transportation_SeattleCityGIS","CREATE_DATE":1786716795000,"EDITOR":"Transportation_SeattleCityGIS","EDIT_DATE":1786716795000}},{"type":"Feature","id":363632,"geometry":{"type":"Point","coordinates":[-122.325055208446,47.5991907573386]},"properties":{"OBJECTID":363632,"COMPKEY":null,"UNITID":"CMR-0306","OWNERSHIP":"SDOT","DISTRICT":null,"NAME":"Maynard_S_Jackson_EW.jpg","COMPTYPE":16,"URL":"http://www.seattle.gov/trafficcams/images/Maynard_S_Jackson_EW.jpg","LOCATION":"S Jackson St & Maynard Ave S","SERVSTAT":"ACTV","SE_ANNO_CAD_DATA":"","STREAM_NAME":"Maynard_S_Jackson_EW","GLOBALID":"2f45745a-435a-45f6-b651-b052cd2f891a","CREATOR":"Transportation_SeattleCityGIS","CREATE_DATE":1786716795000,"EDITOR":"Transportation_SeattleCityGIS","EDIT_DATE":1786716795000}},{"type":"Feature","id":363633,"geometry":{"type":"Point","coordinates":[-122.320752364081,47.6072184191762]},"properties":{"OBJECTID":363633,"COMPKEY":null,"UNITID":"CMR-0307","OWNERSHIP":"SDOT","DISTRICT":null,"NAME":"Broadway_E_James_EW.jpg","COMPTYPE":16,"URL":"http://www.seattle.gov/trafficcams/images/Broadway_E_James_EW.jpg","LOCATION":"Broadway & James St","SERVSTAT":"ACTV","SE_ANNO_CAD_DATA":"","STREAM_NAME":"Broadway_E_James_EW","GLOBALID":"a9f60368-989d-4623-b690-8d0c5c3f3082","CREATOR":"Transportation_SeattleCityGIS","CREATE_DATE":1786716795000,"EDITOR":"Transportation_SeattleCityGIS","EDIT_DATE":1786716795000}},{"type":"Feature","id":363634,"geometry":{"type":"Point","coordinates":[-122.335574025233,47.610677902842]},"properties":{"OBJECTID":363634,"COMPKEY":null,"UNITID":"CMR-0309","OWNERSHIP":"SDOT","DISTRICT":null,"NAME":"5_Pike_NS.jpg","COMPTYPE":16,"URL":"http://www.seattle.gov/trafficcams/images/5_Pike_NS.jpg","LOCATION":"5th Ave & Pike St","SERVSTAT":"ACTV","SE_ANNO_CAD_DATA":"","STREAM_NAME":"5_Pike_NS","GLOBALID":"76833042-3650-47b5-ab36-0cf51c61540c","CREATOR":"Transportation_SeattleCityGIS","CREATE_DATE":1786716795000,"EDITOR":"Transportation_SeattleCityGIS","EDIT_DATE":1786716795000}},{"type":"Feature","id":363635,"geometry":{"type":"Point","coordinates":[-122.334178594784,47.6017223387056]},"properties":{"OBJECTID":363635,"COMPKEY":null,"UNITID":"CMR-0310","OWNERSHIP":"SDOT","DISTRICT":null,"NAME":"1_Yesler_EW.jpg","COMPTYPE":16,"URL":"http://www.seattle.gov/trafficcams/images/1_Yesler_EW.jpg","LOCATION":"1st Ave & Yesler Way","SERVSTAT":"ACTV","SE_ANNO_CAD_DATA":"","STREAM_NAME":"1_Yesler_EW","GLOBALID":"d5b7b327-ff2d-41d7-aa7a-9eb88cefc9e8","CREATOR":"Transportation_SeattleCityGIS","CREATE_DATE":1786716795000,"EDITOR":"Transportation_SeattleCityGIS","EDIT_DATE":1786716795000}},{"type":"Feature","id":363636,"geometry":{"type":"Point","coordinates":[-122.328962557205,47.6008754407166]},"properties":{"OBJECTID":363636,"COMPKEY":null,"UNITID":"CMR-0311","OWNERSHIP":"SDOT","DISTRICT":null,"NAME":"4_S_Washington_NS.jpg","COMPTYPE":16,"URL":"http://www.seattle.gov/trafficcams/images/4_S_Washington_NS.jpg","LOCATION":"4th Ave S & S Washington St","SERVSTAT":"ACTV","SE_ANNO_CAD_DATA":"","STREAM_NAME":"4_S_Washington_NS","GLOBALID":"8bf852a9-d94c-4c42-842e-350aa879e4c8","CREATOR":"Transportation_SeattleCityGIS","CREATE_DATE":1786716795000,"EDITOR":"Transportation_SeattleCityGIS","EDIT_DATE":1786716795000}},{"type":"Feature","id":363637,"geometry":{"type":"Point","coordinates":[-122.328913101671,47.6134658203127]},"properties":{"OBJECTID":363637,"COMPKEY":null,"UNITID":"CMR-0312","OWNERSHIP":"SDOT","DISTRICT":null,"NAME":"Boren_Pike_EW.jpg","COMPTYPE":16,"URL":"http://www.seattle.gov/trafficcams/images/Boren_Pike_EW.jpg","LOCATION":"Boren Ave & Pike St","SERVSTAT":"ACTV","SE_ANNO_CAD_DATA":"","STREAM_NAME":"Boren_Pike_EW","GLOBALID":"f21d86f6-940d-46b1-9378-174a50cfeda5","CREATOR":"Transportation_SeattleCityGIS","CREATE_DATE":1786716795000,"EDITOR":"Transportation_SeattleCityGIS","EDIT_DATE":1786716795000}},{"type":"Feature","id":363638,"geometry":{"type":"Point","coordinates":[-122.320872892097,47.6199077468642]},"properties":{"OBJECTID":363638,"COMPKEY":null,"UNITID":"CMR-0313","OWNERSHIP":"SDOT","DISTRICT":null,"NAME":"Broadway_E_John_NS.jpg","COMPTYPE":16,"URL":"http://www.seattle.gov/trafficcams/images/Broadway_E_John_NS.jpg","LOCATION":"Broadway & E John St","SERVSTAT":"ACTV","SE_ANNO_CAD_DATA":"","STREAM_NAME":"Broadway_E_John_NS","GLOBALID":"81323489-c997-4bb5-83bb-48d5096d723d","CREATOR":"Transportation_SeattleCityGIS","CREATE_DATE":1786716795000,"EDITOR":"Transportation_SeattleCityGIS","EDIT_DATE":1786716795000}},{"type":"Feature","id":363639,"geometry":{"type":"Point","coordinates":[-122.329121876496,47.5923944077653]},"properties":{"OBJECTID":363639,"COMPKEY":null,"UNITID":"CMR-0314","OWNERSHIP":"SDOT","DISTRICT":null,"NAME":"4_S_RoyalB_EW.jpg","COMPTYPE":16,"URL":"http://www.seattle.gov/trafficcams/images/4_S_RoyalB_EW.jpg","LOCATION":"4th Ave S & S Royal Brougham Way","SERVSTAT":"ACTV","SE_ANNO_CAD_DATA":"","STREAM_NAME":"4_S_RoyalB_EW","GLOBALID":"ffc322ee-3436-41ea-a6c5-01fa48efe397","CREATOR":"Transportation_SeattleCityGIS","CREATE_DATE":1786716795000,"EDITOR":"Transportation_SeattleCityGIS","EDIT_DATE":1786716795000}},{"type":"Feature","id":363640,"geometry":{"type":"Point","coordinates":[-122.334254881489,47.6185172883101]},"properties":{"OBJECTID":363640,"COMPKEY":null,"UNITID":"CMR-0315","OWNERSHIP":"SDOT","DISTRICT":null,"NAME":"Fairview_Denny_NS.jpg","COMPTYPE":16,"URL":"http://www.seattle.gov/trafficcams/images/Fairview_Denny_NS.jpg","LOCATION":"Fairview Ave & Denny Way","SERVSTAT":"ACTV","SE_ANNO_CAD_DATA":"","STREAM_NAME":"Fairview_Denny_NS","GLOBALID":"801022de-dc6e-4eca-8eb1-829a7b79ddd6","CREATOR":"Transportation_SeattleCityGIS","CREATE_DATE":1786716795000,"EDITOR":"Transportation_SeattleCityGIS","EDIT_DATE":1786716795000}},{"type":"Feature","id":363641,"geometry":{"type":"Point","coordinates":[-122.334251098873,47.6178515165892]},"properties":{"OBJECTID":363641,"COMPKEY":null,"UNITID":"CMR-0317","OWNERSHIP":"SDOT","DISTRICT":null,"NAME":"Fairview_Boren_NS.jpg","COMPTYPE":16,"URL":"http://www.seattle.gov/trafficcams/images/Fairview_Boren_NS.jpg","LOCATION":"Fairview Ave & Boren Ave","SERVSTAT":"ACTV","SE_ANNO_CAD_DATA":"","STREAM_NAME":"Fairview_Boren_NS","GLOBALID":"7dc40de5-de6f-4423-8a55-cd3a6fa34896","CREATOR":"Transportation_SeattleCityGIS","CREATE_DATE":1786716795000,"EDITOR":"Transportation_SeattleCityGIS","EDIT_DATE":1786716795000}},{"type":"Feature","id":363642,"geometry":{"type":"Point","coordinates":[-122.330558853788,47.6168404656394]},"properties":{"OBJECTID":363642,"COMPKEY":null,"UNITID":"CMR-0316","OWNERSHIP":"SDOT","DISTRICT":null,"NAME":"Minor_Howell_EW.jpg","COMPTYPE":16,"URL":"http://www.seattle.gov/trafficcams/images/Minor_Howell_EW.jpg","LOCATION":"Howell St & Minor Ave","SERVSTAT":"ACTV","SE_ANNO_CAD_DATA":"","STREAM_NAME":"Minor_Howell_EW","GLOBALID":"65a65fd0-946c-4e8c-9d83-20fe39b7482e","CREATOR":"Transportation_SeattleCityGIS","CREATE_DATE":1786716795000,"EDITOR":"Transportation_SeattleCityGIS","EDIT_DATE":1786716795000}},{"type":"Feature","id":363643,"geometry":{"type":"Point","coordinates":[-122.337014615686,47.6136223323041]},"properties":{"OBJECTID":363643,"COMPKEY":null,"UNITID":"CMR-0321","OWNERSHIP":"SDOT","DISTRICT":null,"NAME":"6_Stewart_EW.jpg","COMPTYPE":16,"URL":"http://www.seattle.gov/trafficcams/images/6_Stewart_EW.jpg","LOCATION":"6th Ave & Stewart St","SERVSTAT":"ACTV","SE_ANNO_CAD_DATA":"","STREAM_NAME":"6_Stewart_EW","GLOBALID":"197d8229-82e0-4064-8104-7e871d2ee349","CREATOR":"Transportation_SeattleCityGIS","CREATE_DATE":1786716795000,"EDITOR":"Transportation_SeattleCityGIS","EDIT_DATE":1786716795000}},{"type":"Feature","id":363644,"geometry":{"type":"Point","coordinates":[-122.326970314754,47.6046251793857]},"properties":{"OBJECTID":363644,"COMPKEY":null,"UNITID":"CMR-0319","OWNERSHIP":"SDOT","DISTRICT":null,"NAME":"7_James_EW.jpg","COMPTYPE":16,"URL":"http://www.seattle.gov/trafficcams/images/7_James_EW.jpg","LOCATION":"7th Ave & James St","SERVSTAT":"ACTV","SE_ANNO_CAD_DATA":"","STREAM_NAME":"7_James_EW","GLOBALID":"0d1c7d3e-2ad4-4307-988a-6df8271384fc","CREATOR":"Transportation_SeattleCityGIS","CREATE_DATE":1786716795000,"EDITOR":"Transportation_SeattleCityGIS","EDIT_DATE":1786716795000}},{"type":"Feature","id":363645,"geometry":{"type":"Point","coordinates":[-122.330342447037,47.5999913145263]},"properties":{"OBJECTID":363645,"COMPKEY":null,"UNITID":"CMR-0320","OWNERSHIP":"SDOT","DISTRICT":null,"NAME":"2_Ext_Main_NS.jpg","COMPTYPE":16,"URL":"http://www.seattle.gov/trafficcams/images/2_Ext_Main_NS.jpg","LOCATION":"2nd Ave Ext S & S Main St","SERVSTAT":"ACTV","SE_ANNO_CAD_DATA":"","STREAM_NAME":"2_Ext_Main_NS","GLOBALID":"e093c80d-1cbc-4951-9bd0-9db9cb7832a3","CREATOR":"Transportation_SeattleCityGIS","CREATE_DATE":1786716795000,"EDITOR":"Transportation_SeattleCityGIS","EDIT_DATE":1786716795000}},{"type":"Feature","id":363646,"geometry":{"type":"Point","coordinates":[-122.302500166928,47.5918931218865]},"properties":{"OBJECTID":363646,"COMPKEY":null,"UNITID":"CMR-0300","OWNERSHIP":"SDOT","DISTRICT":null,"NAME":"23_S_Judkins_NS.jpg","COMPTYPE":16,"URL":"http://www.seattle.gov/trafficcams/images/23_S_Judkins_NS.jpg","LOCATION":"23rd Ave S & S Judkins St","SERVSTAT":"ACTV","SE_ANNO_CAD_DATA":"","STREAM_NAME":"23_S_Judkins_NS","GLOBALID":"252d6d0a-6d7e-4716-b687-128d6eb4f74b","CREATOR":"Transportation_SeattleCityGIS","CREATE_DATE":1786716795000,"EDITOR":"Transportation_SeattleCityGIS","EDIT_DATE":1786716795000}},{"type":"Feature","id":363647,"geometry":{"type":"Point","coordinates":[-122.29069886527,47.5697706134882]},"properties":{"OBJECTID":363647,"COMPKEY":null,"UNITID":"CMR-0282","OWNERSHIP":"SDOT","DISTRICT":null,"NAME":"Rainier_S_Charlestown_NS.jpg","COMPTYPE":16,"URL":"http://www.seattle.gov/trafficcams/images/Rainier_S_Charlestown_NS.jpg","LOCATION":"Rainier Ave S & S Charlestown St","SERVSTAT":"ACTV","SE_ANNO_CAD_DATA":"","STREAM_NAME":"Rainier_S_Charlestown_NS","GLOBALID":"1f2502f4-cab4-4716-9b2c-bf7128e5dce2","CREATOR":"Transportation_SeattleCityGIS","CREATE_DATE":1786716795000,"EDITOR":"Transportation_SeattleCityGIS","EDIT_DATE":1786716795000}},{"type":"Feature","id":363648,"geometry":{"type":"Point","coordinates":[-122.287026759721,47.5607476764274]},"properties":{"OBJECTID":363648,"COMPKEY":null,"UNITID":"CMR-0284","OWNERSHIP":"SDOT","DISTRICT":null,"NAME":"Rainier_S_Alaska_NS.jpg","COMPTYPE":16,"URL":"http://www.seattle.gov/trafficcams/images/Rainier_S_Alaska_NS.jpg","LOCATION":"Rainier Ave S & S Alaska St","SERVSTAT":"ACTV","SE_ANNO_CAD_DATA":"","STREAM_NAME":"Rainier_S_Alaska_NS","GLOBALID":"4401f7a0-d49d-42c4-b22e-4308e304a51f","CREATOR":"Transportation_SeattleCityGIS","CREATE_DATE":1786716795000,"EDITOR":"Transportation_SeattleCityGIS","EDIT_DATE":1786716795000}},{"type":"Feature","id":363649,"geometry":{"type":"Point","coordinates":[-122.305827396494,47.5884106013235]},"properties":{"OBJECTID":363649,"COMPKEY":null,"UNITID":"CMR-0279","OWNERSHIP":"SDOT","DISTRICT":null,"NAME":"Rainier_S_Massachusetts_NS.jpg","COMPTYPE":16,"URL":"http://www.seattle.gov/trafficcams/images/Rainier_S_Massachusetts_NS.jpg","LOCATION":"Rainier Ave S & S Massachusetts St","SERVSTAT":"ACTV","SE_ANNO_CAD_DATA":"","STREAM_NAME":"Rainier_S_Massachusetts_NS","GLOBALID":"bbaa6f24-96aa-4cbb-aac0-77d363ebd605","CREATOR":"Transportation_SeattleCityGIS","CREATE_DATE":1786716795000,"EDITOR":"Transportation_SeattleCityGIS","EDIT_DATE":1786716795000}},{"type":"Feature","id":363650,"geometry":{"type":"Point","coordinates":[-122.26998705276,47.5291301146044]},"properties":{"OBJECTID":363650,"COMPKEY":null,"UNITID":"CMR-0288","OWNERSHIP":"SDOT","DISTRICT":null,"NAME":"Rainier_S_Rose_NS.jpg","COMPTYPE":16,"URL":"http://www.seattle.gov/trafficcams/images/Rainier_S_Rose_NS.jpg","LOCATION":"Rainier Ave S & S Rose St","SERVSTAT":"ACTV","SE_ANNO_CAD_DATA":"","STREAM_NAME":"Rainier_S_Rose_NS","GLOBALID":"4997aa72-37a4-4666-b743-951aa43230af","CREATOR":"Transportation_SeattleCityGIS","CREATE_DATE":1786716795000,"EDITOR":"Transportation_SeattleCityGIS","EDIT_DATE":1786716795000}},{"type":"Feature","id":363651,"geometry":{"type":"Point","coordinates":[-122.270274016511,47.536957877599]},"properties":{"OBJECTID":363651,"COMPKEY":null,"UNITID":"CMR-0287","OWNERSHIP":"SDOT","DISTRICT":null,"NAME":"Rainier_S_Othello_NS.jpg","COMPTYPE":16,"URL":"http://www.seattle.gov/trafficcams/images/Rainier_S_Othello_NS.jpg","LOCATION":"Rainier Ave S & S Othello St","SERVSTAT":"ACTV","SE_ANNO_CAD_DATA":"","STREAM_NAME":"Rainier_S_Othello_NS","GLOBALID":"0206dae0-9735-4443-971b-7295741e5043","CREATOR":"Transportation_SeattleCityGIS","CREATE_DATE":1786716795000,"EDITOR":"Transportation_SeattleCityGIS","EDIT_DATE":1786716795000}},{"type":"Feature","id":363652,"geometry":{"type":"Point","coordinates":[-122.285452019937,47.5460584118894]},"properties":{"OBJECTID":363652,"COMPKEY":null,"UNITID":"CMR-0273","OWNERSHIP":"SDOT","DISTRICT":null,"NAME":"MLK_S_Graham_NS.jpg","COMPTYPE":16,"URL":"http://www.seattle.gov/trafficcams/images/MLK_S_Graham_NS.jpg","LOCATION":"MLK Jr Way S & S Graham St","SERVSTAT":"ACTV","SE_ANNO_CAD_DATA":"","STREAM_NAME":"MLK_S_Graham_NS","GLOBALID":"ae68da58-5f9b-4635-b4bf-d571aa60e124","CREATOR":"Transportation_SeattleCityGIS","CREATE_DATE":1786716795000,"EDITOR":"Transportation_SeattleCityGIS","EDIT_DATE":1786716795000}},{"type":"Feature","id":363653,"geometry":{"type":"Point","coordinates":[-122.275988663961,47.5460266234831]},"properties":{"OBJECTID":363653,"COMPKEY":null,"UNITID":"CMR-0286","OWNERSHIP":"SDOT","DISTRICT":null,"NAME":"Rainier_S_Graham_EW.jpg","COMPTYPE":16,"URL":"http://www.seattle.gov/trafficcams/images/Rainier_S_Graham_EW.jpg","LOCATION":"Rainier Ave S & S Graham St","SERVSTAT":"ACTV","SE_ANNO_CAD_DATA":"","STREAM_NAME":"Rainier_S_Graham_EW","GLOBALID":"6be70454-e533-40d4-9ecb-b9a7aa1c635b","CREATOR":"Transportation_SeattleCityGIS","CREATE_DATE":1786716795000,"EDITOR":"Transportation_SeattleCityGIS","EDIT_DATE":1786716795000}},{"type":"Feature","id":363654,"geometry":{"type":"Point","coordinates":[-122.298150713512,47.5783500437791]},"properties":{"OBJECTID":363654,"COMPKEY":null,"UNITID":"CMR-0280","OWNERSHIP":"SDOT","DISTRICT":null,"NAME":"Rainier_S_McClellan_NS.jpg","COMPTYPE":16,"URL":"http://www.seattle.gov/trafficcams/images/Rainier_S_McClellan_NS.jpg","LOCATION":"Rainier Ave S & S McClellan St","SERVSTAT":"ACTV","SE_ANNO_CAD_DATA":"","STREAM_NAME":"Rainier_S_McClellan_NS","GLOBALID":"1db6bde0-cc61-4970-a6b7-4fa485dbe5f5","CREATOR":"Transportation_SeattleCityGIS","CREATE_DATE":1786716795000,"EDITOR":"Transportation_SeattleCityGIS","EDIT_DATE":1786716795000}},{"type":"Feature","id":363655,"geometry":{"type":"Point","coordinates":[-122.277664110188,47.5511760244803]},"properties":{"OBJECTID":363655,"COMPKEY":null,"UNITID":"CMR-0285","OWNERSHIP":"SDOT","DISTRICT":null,"NAME":"Rainier_S_Orcas_NS.jpg","COMPTYPE":16,"URL":"http://www.seattle.gov/trafficcams/images/Rainier_S_Orcas_NS.jpg","LOCATION":"Rainier Ave S & S Orcas St","SERVSTAT":"ACTV","SE_ANNO_CAD_DATA":"","STREAM_NAME":"Rainier_S_Orcas_NS","GLOBALID":"f6d57590-8e98-4b41-81c2-f790c3cf54c0","CREATOR":"Transportation_SeattleCityGIS","CREATE_DATE":1786716795000,"EDITOR":"Transportation_SeattleCityGIS","EDIT_DATE":1786716795000}},{"type":"Feature","id":363656,"geometry":{"type":"Point","coordinates":[-122.339552447573,47.5838592075675]},"properties":{"OBJECTID":363656,"COMPKEY":null,"UNITID":"SR99Walker","OWNERSHIP":"WSDOT","DISTRICT":null,"NAME":"099vc02969.jpg","COMPTYPE":16,"URL":"http://images.wsdot.wa.gov/nw/099vc02969.jpg","LOCATION":"SR-99 @ S Walker St","SERVSTAT":"ACTV","SE_ANNO_CAD_DATA":"","STREAM_NAME":null,"GLOBALID":"badfabe2-bece-4fb8-a95a-1c8f472ea613","CREATOR":"Transportation_SeattleCityGIS","CREATE_DATE":1786716795000,"EDITOR":"Transportation_SeattleCityGIS","EDIT_DATE":1786716795000}},{"type":"Feature","id":363657,"geometry":{"type":"Point","coordinates":[-122.244434401982,47.3779237361282]},"properties":{"OBJECTID":363657,"COMPKEY":null,"UNITID":"SR167SR516","OWNERSHIP":"WSDOT","DISTRICT":null,"NAME":"167vc01964.jpg","COMPTYPE":16,"URL":"http://images.wsdot.wa.gov/nw/167vc01964.jpg","LOCATION":"SR-167 @ SR-516","SERVSTAT":"ACTV","SE_ANNO_CAD_DATA":"","STREAM_NAME":"Colorado_S_RoyalB _S_Portal","GLOBALID":"bc94e977-868d-4da3-b6c6-85f6964c36d2","CREATOR":"Transportation_SeattleCityGIS","CREATE_DATE":1786716795000,"EDITOR":"Transportation_SeattleCityGIS","EDIT_DATE":1786716795000}},{"type":"Feature","id":363658,"geometry":{"type":"Point","coordinates":[-122.269718990962,47.520147160902]},"properties":{"OBJECTID":363658,"COMPKEY":null,"UNITID":"CMR-0289","OWNERSHIP":"SDOT","DISTRICT":null,"NAME":"Rainier_S_51_EW.jpg","COMPTYPE":16,"URL":"http://www.seattle.gov/trafficcams/images/Rainier_S_51_EW.jpg","LOCATION":"Rainier Ave S & 51st Ave S","SERVSTAT":"ACTV","SE_ANNO_CAD_DATA":"","STREAM_NAME":"Rainier_S_51_EW","GLOBALID":"ce2eaa0b-db06-4b5f-96c4-662d917add22","CREATOR":"Transportation_SeattleCityGIS","CREATE_DATE":1786716795000,"EDITOR":"Transportation_SeattleCityGIS","EDIT_DATE":1786716795000}},{"type":"Feature","id":363659,"geometry":{"type":"Point","coordinates":[-122.279013423129,47.5261172499511]},"properties":{"OBJECTID":363659,"COMPKEY":null,"UNITID":"CMR-0274","OWNERSHIP":"SDOT","DISTRICT":null,"NAME":"MLK_S_Cloverdale_NS.jpg","COMPTYPE":16,"URL":"http://www.seattle.gov/trafficcams/images/MLK_S_Cloverdale_NS.jpg","LOCATION":"MLK Jr Way S & S Cloverdale St","SERVSTAT":"ACTV","SE_ANNO_CAD_DATA":"","STREAM_NAME":"MLK_S_Cloverdale_NS","GLOBALID":"1e294235-5572-41f3-b0d3-eb36443df497","CREATOR":"Transportation_SeattleCityGIS","CREATE_DATE":1786716795000,"EDITOR":"Transportation_SeattleCityGIS","EDIT_DATE":1786716795000}},{"type":"Feature","id":363660,"geometry":{"type":"Point","coordinates":[-122.338455706699,47.6220412354285]},"properties":{"OBJECTID":363660,"COMPKEY":null,"UNITID":"CMR-0260","OWNERSHIP":"SDOT","DISTRICT":null,"NAME":"Westlake_N_Harrison_NS.jpg","COMPTYPE":16,"URL":"http://www.seattle.gov/trafficcams/images/Westlake_N_Harrison_NS.jpg","LOCATION":"Westlake Ave N & Harrison St","SERVSTAT":"ACTV","SE_ANNO_CAD_DATA":"","STREAM_NAME":"Westlake_N_Harrison_NS","GLOBALID":"9c756a82-5b24-4e45-aecd-b2aa46f705ec","CREATOR":"Transportation_SeattleCityGIS","CREATE_DATE":1786716795000,"EDITOR":"Transportation_SeattleCityGIS","EDIT_DATE":1786716795000}},{"type":"Feature","id":363661,"geometry":{"type":"Point","coordinates":[-122.261582317595,47.5202643958962]},"properties":{"OBJECTID":363661,"COMPKEY":null,"UNITID":"CMR-0290","OWNERSHIP":"SDOT","DISTRICT":null,"NAME":"Rainier_S_57_NS.jpg","COMPTYPE":16,"URL":"http://www.seattle.gov/trafficcams/images/Rainier_S_57_NS.jpg","LOCATION":"Rainier Ave S & 57th Ave S","SERVSTAT":"ACTV","SE_ANNO_CAD_DATA":"","STREAM_NAME":"Rainier_S_57_NS","GLOBALID":"488b41da-c52e-490d-bc69-fb43d1c65a6b","CREATOR":"Transportation_SeattleCityGIS","CREATE_DATE":1786716795000,"EDITOR":"Transportation_SeattleCityGIS","EDIT_DATE":1786716795000}},{"type":"Feature","id":363662,"geometry":{"type":"Point","coordinates":[-122.278671356491,47.5134293093652]},"properties":{"OBJECTID":363662,"COMPKEY":null,"UNITID":"CMR-0276","OWNERSHIP":"SDOT","DISTRICT":null,"NAME":"MLK_S_Norfolk_NS.jpg","COMPTYPE":16,"URL":"http://www.seattle.gov/trafficcams/images/MLK_S_Norfolk_NS.jpg","LOCATION":"MLK Jr Way S & S Norfolk St","SERVSTAT":"ACTV","SE_ANNO_CAD_DATA":"","STREAM_NAME":"MLK_S_Norfolk_NS","GLOBALID":"32205c46-397f-4531-acd4-4d6781abcbd7","CREATOR":"Transportation_SeattleCityGIS","CREATE_DATE":1786716795000,"EDITOR":"Transportation_SeattleCityGIS","EDIT_DATE":1786716795000}},{"type":"Feature","id":363663,"geometry":{"type":"Point","coordinates":[-122.339125344244,47.5790180392561]},"properties":{"OBJECTID":363663,"COMPKEY":null,"UNITID":"SR99Lander","OWNERSHIP":"WSDOT","DISTRICT":null,"NAME":"099vc02946.jpg","COMPTYPE":16,"URL":"http://images.wsdot.wa.gov/nw/099vc02946.jpg","LOCATION":"SR-99 @ S Lander St","SERVSTAT":"ACTV","SE_ANNO_CAD_DATA":"","STREAM_NAME":null,"GLOBALID":"86b1f772-2577-4da6-bc2a-994adff136c8","CREATOR":"Transportation_SeattleCityGIS","CREATE_DATE":1786716795000,"EDITOR":"Transportation_SeattleCityGIS","EDIT_DATE":1786716795000}},{"type":"Feature","id":363664,"geometry":{"type":"Point","coordinates":[-122.288185946729,47.5640950378426]},"properties":{"OBJECTID":363664,"COMPKEY":null,"UNITID":"CMR-0283","OWNERSHIP":"SDOT","DISTRICT":null,"NAME":"Rainier_S_Genesee_NS.jpg","COMPTYPE":16,"URL":"http://www.seattle.gov/trafficcams/images/Rainier_S_Genesee_NS.jpg","LOCATION":"Rainier Ave S & S Genesee St","SERVSTAT":"ACTV","SE_ANNO_CAD_DATA":"","STREAM_NAME":"Rainier_S_Genesee_NS","GLOBALID":"3f8f3342-7a74-404e-a68d-8ceac7d13844","CREATOR":"Transportation_SeattleCityGIS","CREATE_DATE":1786716795000,"EDITOR":"Transportation_SeattleCityGIS","EDIT_DATE":1786716795000}},{"type":"Feature","id":363665,"geometry":{"type":"Point","coordinates":[-122.33677268183,47.5908065623716]},"properties":{"OBJECTID":363665,"COMPKEY":null,"UNITID":"SR99AtlanticE","OWNERSHIP":"WSDOT","DISTRICT":null,"NAME":"099vc03022.jpg","COMPTYPE":16,"URL":"http://images.wsdot.wa.gov/nw/099vc03022.jpg","LOCATION":"SR-99 @ S Atlantic St E","SERVSTAT":"ACTV","SE_ANNO_CAD_DATA":"","STREAM_NAME":null,"GLOBALID":"cc60fa4c-feb5-458b-95f6-989681fe812c","CREATOR":"Transportation_SeattleCityGIS","CREATE_DATE":1786716795000,"EDITOR":"Transportation_SeattleCityGIS","EDIT_DATE":1786716795000}},{"type":"Feature","id":363666,"geometry":{"type":"Point","coordinates":[-122.335896327602,47.5925299360583]},"properties":{"OBJECTID":363666,"COMPKEY":null,"UNITID":"SR99RoyalBrWay","OWNERSHIP":"WSDOT","DISTRICT":null,"NAME":"099vc03037.jpg","COMPTYPE":16,"URL":"http://images.wsdot.wa.gov/nw/099vc03037.jpg","LOCATION":"SR-99 @ S Royal Brougham Way ","SERVSTAT":"ACTV","SE_ANNO_CAD_DATA":"","STREAM_NAME":null,"GLOBALID":"4eecd2df-c58e-4ec9-9ce7-8d26e006d16d","CREATOR":"Transportation_SeattleCityGIS","CREATE_DATE":1786716795000,"EDITOR":"Transportation_SeattleCityGIS","EDIT_DATE":1786716795000}},{"type":"Feature","id":363667,"geometry":{"type":"Point","coordinates":[-122.376142758728,47.6376608639976]},"properties":{"OBJECTID":363667,"COMPKEY":null,"UNITID":"CMR-0292","OWNERSHIP":"SDOT","DISTRICT":null,"NAME":"15_W_Armory_NS.jpg","COMPTYPE":16,"URL":"http://www.seattle.gov/trafficcams/images/15_W_Armory_NS.jpg","LOCATION":"15th Ave W & W Armory Way","SERVSTAT":"ACTV","SE_ANNO_CAD_DATA":"","STREAM_NAME":"15_W_Armory_NS","GLOBALID":"3365df3b-8b52-45b7-a204-baadba919756","CREATOR":"Transportation_SeattleCityGIS","CREATE_DATE":1786716795000,"EDITOR":"Transportation_SeattleCityGIS","EDIT_DATE":1786716795000}},{"type":"Feature","id":363668,"geometry":{"type":"Point","coordinates":[-122.294005642662,47.5729186042636]},"properties":{"OBJECTID":363668,"COMPKEY":null,"UNITID":"CMR-0281","OWNERSHIP":"SDOT","DISTRICT":null,"NAME":"Rainier_S_Walden_NS.jpg","COMPTYPE":16,"URL":"http://www.seattle.gov/trafficcams/images/Rainier_S_Walden_NS.jpg","LOCATION":"Rainier Ave S & S Walden St","SERVSTAT":"ACTV","SE_ANNO_CAD_DATA":"","STREAM_NAME":"Rainier_S_Walden_NS","GLOBALID":"99de28ad-3f34-4cc4-b83f-26aae62f597d","CREATOR":"Transportation_SeattleCityGIS","CREATE_DATE":1786716795000,"EDITOR":"Transportation_SeattleCityGIS","EDIT_DATE":1786716795000}},{"type":"Feature","id":363669,"geometry":{"type":"Point","coordinates":[-122.320578142729,47.6140771076414]},"properties":{"OBJECTID":363669,"COMPKEY":null,"UNITID":"CMR-0090","OWNERSHIP":"SDOT","DISTRICT":null,"NAME":"Broadway_E_Pike_EW.jpg","COMPTYPE":16,"URL":"http://www.seattle.gov/trafficcams/images/Broadway_E_Pike_EW.jpg","LOCATION":"Broadway & E Pike St EW","SERVSTAT":"ACTV","SE_ANNO_CAD_DATA":"","STREAM_NAME":"Broadway_E_Pike_EW","GLOBALID":"82c8bcab-95e4-4232-9656-645204a97e43","CREATOR":"Transportation_SeattleCityGIS","CREATE_DATE":1786716795000,"EDITOR":"Transportation_SeattleCityGIS","EDIT_DATE":1786716795000}},{"type":"Feature","id":363670,"geometry":{"type":"Point","coordinates":[-122.288095734904,47.5512302707517]},"properties":{"OBJECTID":363670,"COMPKEY":null,"UNITID":"CMR-0272","OWNERSHIP":"SDOT","DISTRICT":null,"NAME":"MLK_S_Orcas_NS.jpg","COMPTYPE":16,"URL":"http://www.seattle.gov/trafficcams/images/MLK_S_Orcas_NS","LOCATION":"MLK Jr Way S & S Orcas St","SERVSTAT":"ACTV","SE_ANNO_CAD_DATA":"","STREAM_NAME":"MLK_S_Orcas_NS","GLOBALID":"48e98406-f703-4185-a35b-f94e57e09d9c","CREATOR":"Transportation_SeattleCityGIS","CREATE_DATE":1786716795000,"EDITOR":"Transportation_SeattleCityGIS","EDIT_DATE":1786716795000}},{"type":"Feature","id":363671,"geometry":{"type":"Point","coordinates":[-122.345031226894,47.6220647425346]},"properties":{"OBJECTID":363671,"COMPKEY":null,"UNITID":"SR99Harrison","OWNERSHIP":"WSDOT","DISTRICT":null,"NAME":"099vc03266.jpg","COMPTYPE":16,"URL":"http://images.wsdot.wa.gov/nw/099vc03266 .jpg","LOCATION":"SR-99 @ Harrson St","SERVSTAT":"ACTV","SE_ANNO_CAD_DATA":"","STREAM_NAME":null,"GLOBALID":"47b9172b-f41f-4d47-8029-154e20996e64","CREATOR":"Transportation_SeattleCityGIS","CREATE_DATE":1786716795000,"EDITOR":"Transportation_SeattleCityGIS","EDIT_DATE":1786716795000}},{"type":"Feature","id":363672,"geometry":{"type":"Point","coordinates":[-122.337059070404,47.5907161702112]},"properties":{"OBJECTID":363672,"COMPKEY":null,"UNITID":"SR99AtlanticW","OWNERSHIP":"WSDOT","DISTRICT":null,"NAME":"099vc03015.jpg","COMPTYPE":16,"URL":"http://images.wsdot.wa.gov/nw/099vc03015.jpg","LOCATION":"SR-99 @ S Atlantic St W","SERVSTAT":"ACTV","SE_ANNO_CAD_DATA":"","STREAM_NAME":null,"GLOBALID":"a15683e9-f2d9-478d-a627-86198189480e","CREATOR":"Transportation_SeattleCityGIS","CREATE_DATE":1786716795000,"EDITOR":"Transportation_SeattleCityGIS","EDIT_DATE":1786716795000}},{"type":"Feature","id":363673,"geometry":{"type":"Point","coordinates":[-122.269075350481,47.4960975147113]},"properties":{"OBJECTID":363673,"COMPKEY":null,"UNITID":"CMR-0277","OWNERSHIP":"SDOT","DISTRICT":null,"NAME":"MLK_S_Juniper_NS.jpg","COMPTYPE":16,"URL":"http://www.seattle.gov/trafficcams/images/MLK_S_Juniper_NS.jpg","LOCATION":"MLK Jr Way S & S Juniper St","SERVSTAT":"ACTV","SE_ANNO_CAD_DATA":"","STREAM_NAME":"MLK_S_Juniper_NS","GLOBALID":"0fe49762-7874-4441-98a0-2f9f43c7ab59","CREATOR":"Transportation_SeattleCityGIS","CREATE_DATE":1786716795000,"EDITOR":"Transportation_SeattleCityGIS","EDIT_DATE":1786716795000}},{"type":"Feature","id":363674,"geometry":{"type":"Point","coordinates":[-122.338634550263,47.6257957692012]},"properties":{"OBJECTID":363674,"COMPKEY":null,"UNITID":"CMR-0146","OWNERSHIP":"SDOT","DISTRICT":null,"NAME":"Westlake_Valley.jpg","COMPTYPE":16,"URL":"http://www.seattle.gov/trafficcams/images/Westlake_Valley.jpg","LOCATION":"Westlake Ave & Valley St","SERVSTAT":"ACTV","SE_ANNO_CAD_DATA":"","STREAM_NAME":"Westlake_Valley","GLOBALID":"8f4a5816-7d98-4d52-be77-1a607fc4a30f","CREATOR":"Transportation_SeattleCityGIS","CREATE_DATE":1786716795000,"EDITOR":"Transportation_SeattleCityGIS","EDIT_DATE":1786716795000}},{"type":"Feature","id":363675,"geometry":{"type":"Point","coordinates":[-122.339735088902,47.625393182084]},"properties":{"OBJECTID":363675,"COMPKEY":null,"UNITID":"CMR-0203","OWNERSHIP":"SDOT","DISTRICT":null,"NAME":"9_Roy.jpg","COMPTYPE":16,"URL":"http://www.seattle.gov/trafficcams/images/9_Roy.jpg","LOCATION":"9th Ave N & Roy St","SERVSTAT":"ACTV","SE_ANNO_CAD_DATA":"","STREAM_NAME":"9_Roy","GLOBALID":"9c287b03-c5ef-4a78-8d1d-181fd96f8bb2","CREATOR":"Transportation_SeattleCityGIS","CREATE_DATE":1786716795000,"EDITOR":"Transportation_SeattleCityGIS","EDIT_DATE":1786716795000}},{"type":"Feature","id":363676,"geometry":{"type":"Point","coordinates":[-122.327683359717,47.5957940473242]},"properties":{"OBJECTID":363676,"COMPKEY":null,"UNITID":"CMR-0053","OWNERSHIP":"SDOT","DISTRICT":null,"NAME":"5_S_Dearborn.jpg","COMPTYPE":16,"URL":"http://www.seattle.gov/trafficcams/images/5_S_Dearborn.jpg","LOCATION":"5th Ave S/S Dearborn St/Seattle Blvd S","SERVSTAT":"ACTV","SE_ANNO_CAD_DATA":"","STREAM_NAME":"5_S_Dearborn","GLOBALID":"cd77c5eb-54f1-4c76-9be2-d127aa00c281","CREATOR":"Transportation_SeattleCityGIS","CREATE_DATE":1786716795000,"EDITOR":"Transportation_SeattleCityGIS","EDIT_DATE":1786716795000}},{"type":"Feature","id":363677,"geometry":{"type":"Point","coordinates":[-122.337591981588,47.6112073727931]},"properties":{"OBJECTID":363677,"COMPKEY":null,"UNITID":"CMR-0257","OWNERSHIP":"SDOT","DISTRICT":null,"NAME":"4_Pine.jpg","COMPTYPE":16,"URL":"http://www.seattle.gov/trafficcams/images/4_Pine.jpg","LOCATION":"4th Ave & Pine St","SERVSTAT":"ACTV","SE_ANNO_CAD_DATA":"","STREAM_NAME":"4_Pine","GLOBALID":"3fdaf5d5-1ba9-40e1-8f2e-f381509ba899","CREATOR":"Transportation_SeattleCityGIS","CREATE_DATE":1786716795000,"EDITOR":"Transportation_SeattleCityGIS","EDIT_DATE":1786716795000}},{"type":"Feature","id":363678,"geometry":{"type":"Point","coordinates":[-122.29619066035,47.5775366250611]},"properties":{"OBJECTID":363678,"COMPKEY":null,"UNITID":"CMR-0123","OWNERSHIP":"SDOT","DISTRICT":null,"NAME":"Rainier_S_MLK_1.jpg","COMPTYPE":16,"URL":"http://www.seattle.gov/trafficcams/images/Rainier_S_MLK_1.jpg","LOCATION":"MLK Way S at Rainier Ave S","SERVSTAT":"ACTV","SE_ANNO_CAD_DATA":"","STREAM_NAME":"Rainier_S_MLK_1","GLOBALID":"bc0ac311-6eed-4736-8cf2-7b2f482127de","CREATOR":"Transportation_SeattleCityGIS","CREATE_DATE":1786716795000,"EDITOR":"Transportation_SeattleCityGIS","EDIT_DATE":1786716795000}},{"type":"Feature","id":363679,"geometry":{"type":"Point","coordinates":[-122.297522145234,47.5775258471656]},"properties":{"OBJECTID":363679,"COMPKEY":null,"UNITID":"CMR-0124","OWNERSHIP":"SDOT","DISTRICT":null,"NAME":"Rainier_S_MLK_2.jpg","COMPTYPE":16,"URL":"http://www.seattle.gov/trafficcams/images/Rainier_S_MLK_2.jpg","LOCATION":"Rainier Ave S at MLK Way S","SERVSTAT":"ACTV","SE_ANNO_CAD_DATA":"","STREAM_NAME":"Rainier_S_MLK_2","GLOBALID":"e5270670-2a63-420c-b199-a920fe94c6da","CREATOR":"Transportation_SeattleCityGIS","CREATE_DATE":1786716795000,"EDITOR":"Transportation_SeattleCityGIS","EDIT_DATE":1786716795000}},{"type":"Feature","id":363680,"geometry":{"type":"Point","coordinates":[-122.33403979455,47.6140653004095]},"properties":{"OBJECTID":363680,"COMPKEY":544921,"UNITID":"CMR-0059","OWNERSHIP":"SDOT","DISTRICT":null,"NAME":"8_Olive.jpg","COMPTYPE":16,"URL":"http://www.seattle.gov/trafficcams/images/8_Olive.jpg","LOCATION":"8th Ave & Olive Way","SERVSTAT":"ACTV","SE_ANNO_CAD_DATA":"","STREAM_NAME":"8_Olive","GLOBALID":"58f7a736-4daa-4da4-a819-9cdee38d2f92","CREATOR":"Transportation_SeattleCityGIS","CREATE_DATE":1786716795000,"EDITOR":"Transportation_SeattleCityGIS","EDIT_DATE":1786716795000}},{"type":"Feature","id":363681,"geometry":{"type":"Point","coordinates":[-122.329158939274,47.6242702373805]},"properties":{"OBJECTID":363681,"COMPKEY":933680,"UNITID":"CMR-0448","OWNERSHIP":"SDOT","DISTRICT":null,"NAME":"Eastlake_E_Lakeview.jpg","COMPTYPE":16,"URL":"https://www.seattle.gov/trafficcams/images/Eastlake_E_Lakeview.jpg","LOCATION":"Eastlake Ave E & Lakeview Blvd E","SERVSTAT":"ACTV","SE_ANNO_CAD_DATA":"","STREAM_NAME":"Eastlake_E_Lakeview","GLOBALID":"eaadd6f9-5b1b-4d4c-9ab4-8ec68b40eb46","CREATOR":"Transportation_SeattleCityGIS","CREATE_DATE":1786716795000,"EDITOR":"Transportation_SeattleCityGIS","EDIT_DATE":1786716795000}},{"type":"Feature","id":363682,"geometry":{"type":"Point","coordinates":[-122.363336658775,47.5647360194178]},"properties":{"OBJECTID":363682,"COMPKEY":null,"UNITID":"CMR-0351","OWNERSHIP":"SDOT","DISTRICT":null,"NAME":"Delridge_SW_Genesee.jpg","COMPTYPE":16,"URL":"http://www.seattle.gov/trafficcams/images/Delridge_SW_Genesee.jpg","LOCATION":"Delridge Way SW & SW Genesee St","SERVSTAT":"ACTV","SE_ANNO_CAD_DATA":"","STREAM_NAME":"Delridge_SW_Genesee","GLOBALID":"326010c0-d483-4945-ae47-38b7a1ea2ff2","CREATOR":"Transportation_SeattleCityGIS","CREATE_DATE":1786716795000,"EDITOR":"Transportation_SeattleCityGIS","EDIT_DATE":1786716795000}},{"type":"Feature","id":363683,"geometry":{"type":"Point","coordinates":[-122.355187629157,47.7232267080806]},"properties":{"OBJECTID":363683,"COMPKEY":930329,"UNITID":"CMR-0440","OWNERSHIP":"SDOT","DISTRICT":null,"NAME":"Greenwood_N_130_2.jpg","COMPTYPE":16,"URL":"https://www.seattle.gov/trafficcams/images/Greenwood_N_130_2.jpg","LOCATION":"Greenwood Ave N & N 130th St 2 - EW","SERVSTAT":"ACTV","SE_ANNO_CAD_DATA":"","STREAM_NAME":"Greenwood_N_130_2","GLOBALID":"74746744-70ea-4e77-a559-b98e8c19c569","CREATOR":"Transportation_SeattleCityGIS","CREATE_DATE":1786716795000,"EDITOR":"Transportation_SeattleCityGIS","EDIT_DATE":1786716795000}},{"type":"Feature","id":363684,"geometry":{"type":"Point","coordinates":[-122.385457082631,47.5611008735675]},"properties":{"OBJECTID":363684,"COMPKEY":544807,"UNITID":"CMR-0038","OWNERSHIP":"SDOT","DISTRICT":null,"NAME":"42_SW_Alaska.jpg","COMPTYPE":16,"URL":"http://www.seattle.gov/trafficcams/images/42_SW_Alaska.jpg","LOCATION":"42nd Ave SW & SW Alaska St","SERVSTAT":"ACTV","SE_ANNO_CAD_DATA":"","STREAM_NAME":"42_SW_Alaska","GLOBALID":"51559a9e-f760-483b-bbaf-762b74c7c68f","CREATOR":"Transportation_SeattleCityGIS","CREATE_DATE":1786716795000,"EDITOR":"Transportation_SeattleCityGIS","EDIT_DATE":1786716795000}},{"type":"Feature","id":363685,"geometry":{"type":"Point","coordinates":[-122.336884603407,47.6087562245948]},"properties":{"OBJECTID":363685,"COMPKEY":null,"UNITID":"CMR-0304","OWNERSHIP":"SDOT","DISTRICT":null,"NAME":"3_Union_SWC.jpg","COMPTYPE":16,"URL":"http://www.seattle.gov/trafficcams/images/3_Union_SWC.jpg","LOCATION":"3rd Ave & Union St","SERVSTAT":"ACTV","SE_ANNO_CAD_DATA":"","STREAM_NAME":"3_Union_SWC","GLOBALID":"4a20d071-3282-4d7a-a349-0d88d42fac4c","CREATOR":"Transportation_SeattleCityGIS","CREATE_DATE":1786716795000,"EDITOR":"Transportation_SeattleCityGIS","EDIT_DATE":1786716795000}},{"type":"Feature","id":363686,"geometry":{"type":"Point","coordinates":[-122.339658921537,47.5717035161174]},"properties":{"OBJECTID":363686,"COMPKEY":936263,"UNITID":"CMR-0474","OWNERSHIP":"SDOT","DISTRICT":null,"NAME":"EMarg_S_Spokane_2.jpg","COMPTYPE":16,"URL":"https://www.seattle.gov/trafficcams/images/EMarg_S_Spokane_2.jpg","LOCATION":"E Marginal Way S & S Spokane St 2","SERVSTAT":"ACTV","SE_ANNO_CAD_DATA":"","STREAM_NAME":"EMarg_S_Spokane_2","GLOBALID":"58a8c1b1-9faa-4d36-843a-a814620086ec","CREATOR":"Transportation_SeattleCityGIS","CREATE_DATE":1786716795000,"EDITOR":"Transportation_SeattleCityGIS","EDIT_DATE":1786716795000}},{"type":"Feature","id":363687,"geometry":{"type":"Point","coordinates":[-122.333256912055,47.5982709131497]},"properties":{"OBJECTID":363687,"COMPKEY":null,"UNITID":"CMR-T01","OWNERSHIP":"SDOT","DISTRICT":null,"NAME":"SDOT_Portable_1.jpg","COMPTYPE":16,"URL":"http://www.seattle.gov/trafficcams/images/SDOT_Portable_1.jpg","LOCATION":"Occidental Ave S & S King St","SERVSTAT":"ACTV","SE_ANNO_CAD_DATA":"","STREAM_NAME":null,"GLOBALID":"39d8bed3-9107-4031-8e2d-b4ea8d7009e6","CREATOR":"Transportation_SeattleCityGIS","CREATE_DATE":1786716795000,"EDITOR":"Transportation_SeattleCityGIS","EDIT_DATE":1786716795000}},{"type":"Feature","id":363688,"geometry":{"type":"Point","coordinates":[-122.329103757352,47.5715761406112]},"properties":{"OBJECTID":363688,"COMPKEY":null,"UNITID":"CMR-0160","OWNERSHIP":"SDOT","DISTRICT":null,"NAME":"4_S_Spokane_EW.jpg","COMPTYPE":16,"URL":"http://www.seattle.gov/trafficcams/images/4_S_Spokane_EW.jpg","LOCATION":"4th Ave S & Spokane Viaduct","SERVSTAT":"ACTV","SE_ANNO_CAD_DATA":"","STREAM_NAME":"4_S_Spokane_EW","GLOBALID":"c1e0710c-afb5-418c-a61c-9e3319519423","CREATOR":"Transportation_SeattleCityGIS","CREATE_DATE":1786716795000,"EDITOR":"Transportation_SeattleCityGIS","EDIT_DATE":1786716795000}},{"type":"Feature","id":363689,"geometry":{"type":"Point","coordinates":[-122.34348256423,47.6357534447302]},"properties":{"OBJECTID":363689,"COMPKEY":null,"UNITID":"CMR-0068","OWNERSHIP":"SDOT","DISTRICT":null,"NAME":"Aurora_N_Howe_NS.jpg","COMPTYPE":16,"URL":"http://www.seattle.gov/trafficcams/images/Aurora_N_Howe_NS.jpg","LOCATION":"Aurora Ave N & Howe St","SERVSTAT":"ACTV","SE_ANNO_CAD_DATA":"","STREAM_NAME":"Aurora_N_Howe_NS","GLOBALID":"21acb536-749b-4810-9837-f6940f241a1f","CREATOR":"Transportation_SeattleCityGIS","CREATE_DATE":1786716795000,"EDITOR":"Transportation_SeattleCityGIS","EDIT_DATE":1786716795000}},{"type":"Feature","id":363690,"geometry":{"type":"Point","coordinates":[-122.3208929882,47.6250492032673]},"properties":{"OBJECTID":363690,"COMPKEY":545627,"UNITID":"CMR-0092","OWNERSHIP":"SDOT","DISTRICT":null,"NAME":"Broadway_E_Roy_NS.jpg","COMPTYPE":16,"URL":"http://www.seattle.gov/trafficcams/images/Broadway_E_Roy_NS.jpg","LOCATION":"Broadway & E Roy St","SERVSTAT":"ACTV","SE_ANNO_CAD_DATA":"","STREAM_NAME":"Broadway_E_Roy_NS","GLOBALID":"292471fc-be01-42e7-811f-876b758ff523","CREATOR":"Transportation_SeattleCityGIS","CREATE_DATE":1786716795000,"EDITOR":"Transportation_SeattleCityGIS","EDIT_DATE":1786716795000}},{"type":"Feature","id":363691,"geometry":{"type":"Point","coordinates":[-122.30746929641,47.5905601821903]},"properties":{"OBJECTID":363691,"COMPKEY":null,"UNITID":"I90Rainier","OWNERSHIP":"WSDOT","DISTRICT":null,"NAME":"090vc00329.jpg","COMPTYPE":16,"URL":"http://images.wsdot.wa.gov/nw/090vc00329.jpg","LOCATION":"I-90 @ Rainier Ave S","SERVSTAT":"ACTV","SE_ANNO_CAD_DATA":"","STREAM_NAME":null,"GLOBALID":"5e5097d9-c5ff-4105-803b-458a9b6eac1b","CREATOR":"Transportation_SeattleCityGIS","CREATE_DATE":1786716795000,"EDITOR":"Transportation_SeattleCityGIS","EDIT_DATE":1786716795000}},{"type":"Feature","id":363692,"geometry":{"type":"Point","coordinates":[-122.288521295411,47.5903854968255]},"properties":{"OBJECTID":363692,"COMPKEY":null,"UNITID":"I90EastPortalMBT","OWNERSHIP":"WSDOT","DISTRICT":null,"NAME":"090vc00422.jpg","COMPTYPE":16,"URL":"http://images.wsdot.wa.gov/nw/090vc00422.jpg","LOCATION":"I-90 @ East Portal MBT","SERVSTAT":"ACTV","SE_ANNO_CAD_DATA":"","STREAM_NAME":null,"GLOBALID":"359fd32d-4615-41a7-93b2-28cad20624ea","CREATOR":"Transportation_SeattleCityGIS","CREATE_DATE":1786716795000,"EDITOR":"Transportation_SeattleCityGIS","EDIT_DATE":1786716795000}},{"type":"Feature","id":363693,"geometry":{"type":"Point","coordinates":[-122.252256457371,47.5896368590154]},"properties":{"OBJECTID":363693,"COMPKEY":null,"UNITID":"I90EHighrise","OWNERSHIP":"WSDOT","DISTRICT":null,"NAME":"090vc00579.jpg","COMPTYPE":16,"URL":"http://images.wsdot.wa.gov/nw/090vc00579.jpg","LOCATION":"I-90 @ E Highrise","SERVSTAT":"ACTV","SE_ANNO_CAD_DATA":"","STREAM_NAME":null,"GLOBALID":"99fc6614-5be0-485b-885d-745acf8984b3","CREATOR":"Transportation_SeattleCityGIS","CREATE_DATE":1786716795000,"EDITOR":"Transportation_SeattleCityGIS","EDIT_DATE":1786716795000}},{"type":"Feature","id":363694,"geometry":{"type":"Point","coordinates":[-122.249741573329,47.5902592590782]},"properties":{"OBJECTID":363694,"COMPKEY":null,"UNITID":"I90WMercerWay","OWNERSHIP":"WSDOT","DISTRICT":null,"NAME":"090vc00604.jpg","COMPTYPE":16,"URL":"http://images.wsdot.wa.gov/nw/090vc00604.jpg","LOCATION":"I-90 @ W Mercer Way","SERVSTAT":"ACTV","SE_ANNO_CAD_DATA":"","STREAM_NAME":null,"GLOBALID":"a04e98f3-f235-4c6c-850f-2a43f04e89da","CREATOR":"Transportation_SeattleCityGIS","CREATE_DATE":1786716795000,"EDITOR":"Transportation_SeattleCityGIS","EDIT_DATE":1786716795000}},{"type":"Feature","id":363695,"geometry":{"type":"Point","coordinates":[-122.237873626034,47.5899760662407]},"properties":{"OBJECTID":363695,"COMPKEY":null,"UNITID":"I9076","OWNERSHIP":"WSDOT","DISTRICT":null,"NAME":"090vc00670.jpg","COMPTYPE":16,"URL":"http://images.wsdot.wa.gov/nw/090vc00670.jpg","LOCATION":"I-90 @ 76th Ave SE","SERVSTAT":"ACTV","SE_ANNO_CAD_DATA":"","STREAM_NAME":null,"GLOBALID":"5eef4bfa-86db-4bbc-831f-80ac083053dd","CREATOR":"Transportation_SeattleCityGIS","CREATE_DATE":1786716795000,"EDITOR":"Transportation_SeattleCityGIS","EDIT_DATE":1786716795000}},{"type":"Feature","id":363696,"geometry":{"type":"Point","coordinates":[-122.219732445869,47.5821197203424]},"properties":{"OBJECTID":363696,"COMPKEY":null,"UNITID":"I90ShorewoodW","OWNERSHIP":"WSDOT","DISTRICT":null,"NAME":"090vc00756.jpg","COMPTYPE":16,"URL":"http://images.wsdot.wa.gov/nw/090vc00756.jpg","LOCATION":"I-90 @ Shorewood, West","SERVSTAT":"ACTV","SE_ANNO_CAD_DATA":"","STREAM_NAME":null,"GLOBALID":"e6ef028a-0f6c-4180-81b8-023e56dfb3a8","CREATOR":"Transportation_SeattleCityGIS","CREATE_DATE":1786716795000,"EDITOR":"Transportation_SeattleCityGIS","EDIT_DATE":1786716795000}},{"type":"Feature","id":363697,"geometry":{"type":"Point","coordinates":[-122.190599926752,47.5793613702309]},"properties":{"OBJECTID":363697,"COMPKEY":null,"UNITID":"I90BellevueWay","OWNERSHIP":"WSDOT","DISTRICT":null,"NAME":"090vc00921.jpg","COMPTYPE":16,"URL":"http://images.wsdot.wa.gov/nw/090vc00921.jpg","LOCATION":"I-90 @ Bellevue Way","SERVSTAT":"ACTV","SE_ANNO_CAD_DATA":"","STREAM_NAME":null,"GLOBALID":"fad60ca1-2f96-4d8a-9f28-7443e2288ec7","CREATOR":"Transportation_SeattleCityGIS","CREATE_DATE":1786716795000,"EDITOR":"Transportation_SeattleCityGIS","EDIT_DATE":1786716795000}},{"type":"Feature","id":363698,"geometry":{"type":"Point","coordinates":[-122.141529763849,47.5797208833438]},"properties":{"OBJECTID":363698,"COMPKEY":null,"UNITID":"I90150","OWNERSHIP":"WSDOT","DISTRICT":null,"NAME":"090vc01154.jpg","COMPTYPE":16,"URL":"http://images.wsdot.wa.gov/nw/090vc01154.jpg","LOCATION":"I-90 @ 150th Ave SE","SERVSTAT":"ACTV","SE_ANNO_CAD_DATA":"","STREAM_NAME":null,"GLOBALID":"1faead38-5668-4956-abfa-3c672e2c280d","CREATOR":"Transportation_SeattleCityGIS","CREATE_DATE":1786716795000,"EDITOR":"Transportation_SeattleCityGIS","EDIT_DATE":1786716795000}},{"type":"Feature","id":363699,"geometry":{"type":"Point","coordinates":[-122.088534799258,47.5593242674629]},"properties":{"OBJECTID":363699,"COMPKEY":null,"UNITID":"I90192","OWNERSHIP":"WSDOT","DISTRICT":null,"NAME":"090vc01446.jpg","COMPTYPE":16,"URL":"http://images.wsdot.wa.gov/nw/090vc01446.jpg","LOCATION":"I-90 @ 192nd Ave SE","SERVSTAT":"ACTV","SE_ANNO_CAD_DATA":"","STREAM_NAME":null,"GLOBALID":"44238689-14d6-4072-a0ef-0f21012c6a5e","CREATOR":"Transportation_SeattleCityGIS","CREATE_DATE":1786716795000,"EDITOR":"Transportation_SeattleCityGIS","EDIT_DATE":1786716795000}},{"type":"Feature","id":363700,"geometry":{"type":"Point","coordinates":[-122.062434093116,47.5490210695846]},"properties":{"OBJECTID":363700,"COMPKEY":null,"UNITID":"I90SR900","OWNERSHIP":"WSDOT","DISTRICT":null,"NAME":"090vc01581.jpg","COMPTYPE":16,"URL":"http://images.wsdot.wa.gov/nw/090vc01581.jpg","LOCATION":"I-90 @ SR-900","SERVSTAT":"ACTV","SE_ANNO_CAD_DATA":"","STREAM_NAME":null,"GLOBALID":"5de5e009-fb65-4671-b857-768b4f5fc566","CREATOR":"Transportation_SeattleCityGIS","CREATE_DATE":1786716795000,"EDITOR":"Transportation_SeattleCityGIS","EDIT_DATE":1786716795000}},{"type":"Feature","id":363701,"geometry":{"type":"Point","coordinates":[-122.330106638434,47.5167459272841]},"properties":{"OBJECTID":363701,"COMPKEY":null,"UNITID":"SR50996","OWNERSHIP":"WSDOT","DISTRICT":null,"NAME":"509vc02893.jpg","COMPTYPE":16,"URL":"http://images.wsdot.wa.gov/nw/509vc02893.jpg","LOCATION":"SR-509 @ S 96th St","SERVSTAT":"ACTV","SE_ANNO_CAD_DATA":"","STREAM_NAME":null,"GLOBALID":"afba41cf-02d9-446a-8693-78893dbcbacb","CREATOR":"Transportation_SeattleCityGIS","CREATE_DATE":1786716795000,"EDITOR":"Transportation_SeattleCityGIS","EDIT_DATE":1786716795000}},{"type":"Feature","id":363702,"geometry":{"type":"Point","coordinates":[-122.221394162091,47.414217421502]},"properties":{"OBJECTID":363702,"COMPKEY":null,"UNITID":"SR167212","OWNERSHIP":"WSDOT","DISTRICT":null,"NAME":"167vc02241.jpg","COMPTYPE":16,"URL":"http://images.wsdot.wa.gov/nw/167vc02241.jpg","LOCATION":"SR-167 @ S 212th St","SERVSTAT":"ACTV","SE_ANNO_CAD_DATA":"","STREAM_NAME":null,"GLOBALID":"4aa0901f-38dd-46bf-9ba1-158ea868f275","CREATOR":"Transportation_SeattleCityGIS","CREATE_DATE":1786716795000,"EDITOR":"Transportation_SeattleCityGIS","EDIT_DATE":1786716795000}},{"type":"Feature","id":363703,"geometry":{"type":"Point","coordinates":[-122.221513633436,47.4275834969036]},"properties":{"OBJECTID":363703,"COMPKEY":null,"UNITID":"SR167194","OWNERSHIP":"WSDOT","DISTRICT":null,"NAME":"167vc02352.jpg","COMPTYPE":16,"URL":"http://images.wsdot.wa.gov/nw/167vc02352.jpg","LOCATION":"SR-167 @ S 194th St","SERVSTAT":"ACTV","SE_ANNO_CAD_DATA":"","STREAM_NAME":null,"GLOBALID":"4f6907d3-8eee-4b95-bddd-8c92ce2eeefa","CREATOR":"Transportation_SeattleCityGIS","CREATE_DATE":1786716795000,"EDITOR":"Transportation_SeattleCityGIS","EDIT_DATE":1786716795000}},{"type":"Feature","id":363704,"geometry":{"type":"Point","coordinates":[-122.324517229453,47.7086021683607]},"properties":{"OBJECTID":363704,"COMPKEY":545971,"UNITID":"CMR-0134","OWNERSHIP":"SDOT","DISTRICT":"1","NAME":"5_NE_Northgate_EW.jpg","COMPTYPE":16,"URL":"http://www.seattle.gov/trafficcams/images/5_NE_Northgate_EW.jpg","LOCATION":"5th Ave NE & NE Northgate Way EW","SERVSTAT":"ACTV","SE_ANNO_CAD_DATA":"","STREAM_NAME":"5_NE_Northgate_EW","GLOBALID":"bc50799f-6dc5-41f5-8043-671d2ea2e083","CREATOR":"Transportation_SeattleCityGIS","CREATE_DATE":1786716795000,"EDITOR":"Transportation_SeattleCityGIS","EDIT_DATE":1786716795000}},{"type":"Feature","id":363705,"geometry":{"type":"Point","coordinates":[-122.161835033169,47.7587203702017]},"properties":{"OBJECTID":363705,"COMPKEY":null,"UNITID":"SR522SR202","OWNERSHIP":"WSDOT","DISTRICT":null,"NAME":"522vc01207.jpg","COMPTYPE":16,"URL":"http://images.wsdot.wa.gov/nw/522vc01207.jpg","LOCATION":"SR-522 @ SR-202","SERVSTAT":"ACTV","SE_ANNO_CAD_DATA":"","STREAM_NAME":null,"GLOBALID":"e7a8c34f-3cc7-4c76-a00b-4b44636b1cdc","CREATOR":"Transportation_SeattleCityGIS","CREATE_DATE":1786716795000,"EDITOR":"Transportation_SeattleCityGIS","EDIT_DATE":1786716795000}},{"type":"Feature","id":363706,"geometry":{"type":"Point","coordinates":[-122.270131878447,47.4633226940632]},"properties":{"OBJECTID":363706,"COMPKEY":null,"UNITID":"SR51851","OWNERSHIP":"WSDOT","DISTRICT":null,"NAME":"518vc00349.jpg","COMPTYPE":16,"URL":"http://images.wsdot.wa.gov/nw/509vc00349.jpg","LOCATION":"SR-518 @ 51st Ave S","SERVSTAT":"ACTV","SE_ANNO_CAD_DATA":"","STREAM_NAME":null,"GLOBALID":"9e3d501d-10cf-4bbf-a940-478c31ad75c4","CREATOR":"Transportation_SeattleCityGIS","CREATE_DATE":1786716795000,"EDITOR":"Transportation_SeattleCityGIS","EDIT_DATE":1786716795000}},{"type":"Feature","id":363707,"geometry":{"type":"Point","coordinates":[-122.24573231332,47.4638225956186]},"properties":{"OBJECTID":363707,"COMPKEY":null,"UNITID":"SR181GradyWay","OWNERSHIP":"WSDOT","DISTRICT":null,"NAME":"181vc01142.jpg","COMPTYPE":16,"URL":"http://images.wsdot.wa.gov/nw/181vc01142.jpg","LOCATION":"SR-181 @ Grady Way","SERVSTAT":"ACTV","SE_ANNO_CAD_DATA":"","STREAM_NAME":null,"GLOBALID":"762c9382-138e-4b79-a37b-7c338d26f4a2","CREATOR":"Transportation_SeattleCityGIS","CREATE_DATE":1786716795000,"EDITOR":"Transportation_SeattleCityGIS","EDIT_DATE":1786716795000}},{"type":"Feature","id":363708,"geometry":{"type":"Point","coordinates":[-122.27836700563,47.507991191723]},"properties":{"OBJECTID":363708,"COMPKEY":null,"UNITID":"SR900BoeingAccRd","OWNERSHIP":"WSDOT","DISTRICT":null,"NAME":"900vc00592.jpg","COMPTYPE":16,"URL":"http://images.wsdot.wa.gov/nw/900vc00592.jpg","LOCATION":"SR-900 @ S Boeing Access Rd","SERVSTAT":"ACTV","SE_ANNO_CAD_DATA":"","STREAM_NAME":null,"GLOBALID":"a99668f9-53e7-4eda-adeb-a28ea854285c","CREATOR":"Transportation_SeattleCityGIS","CREATE_DATE":1786716795000,"EDITOR":"Transportation_SeattleCityGIS","EDIT_DATE":1786716795000}},{"type":"Feature","id":363709,"geometry":{"type":"Point","coordinates":[-122.331404364877,47.6161869016187]},"properties":{"OBJECTID":363709,"COMPKEY":545611,"UNITID":"CMR-0087","OWNERSHIP":"SDOT","DISTRICT":null,"NAME":"Boren_Howell_NS.jpg","COMPTYPE":16,"URL":"http://www.seattle.gov/trafficcams/images/Boren_Howell_NS.jpg","LOCATION":"Boren Ave & Howell St","SERVSTAT":null,"SE_ANNO_CAD_DATA":"","STREAM_NAME":"Boren_Howell_NS","GLOBALID":"ae8101fc-d74f-4ae5-a28c-d5179908d643","CREATOR":"Transportation_SeattleCityGIS","CREATE_DATE":1786716795000,"EDITOR":"Transportation_SeattleCityGIS","EDIT_DATE":1786716795000}},{"type":"Feature","id":363710,"geometry":{"type":"Point","coordinates":[-122.177500360562,47.9780899695155]},"properties":{"OBJECTID":363710,"COMPKEY":null,"UNITID":"US2HomeacresRd","OWNERSHIP":"WSDOT","DISTRICT":null,"NAME":"002vc00068.jpg","COMPTYPE":16,"URL":"http://images.wsdot.wa.gov/nw/002vc00068.jpg","LOCATION":"US-2 @ Homeacres Rd","SERVSTAT":"ACTV","SE_ANNO_CAD_DATA":"","STREAM_NAME":null,"GLOBALID":"b1da9103-2123-4071-afef-f49e7c54f16b","CREATOR":"Transportation_SeattleCityGIS","CREATE_DATE":1786716795000,"EDITOR":"Transportation_SeattleCityGIS","EDIT_DATE":1786716795000}},{"type":"Feature","id":363711,"geometry":{"type":"Point","coordinates":[-122.318803504197,47.6821374637185]},"properties":{"OBJECTID":363711,"COMPKEY":null,"UNITID":"SR522I5Ramps","OWNERSHIP":"WSDOT","DISTRICT":null,"NAME":"522vc00034.jpg","COMPTYPE":16,"URL":"http://images.wsdot.wa.gov/nw/522vc00034.jpg","LOCATION":"SR-522 @ I-5 Ramps","SERVSTAT":"ACTV","SE_ANNO_CAD_DATA":"","STREAM_NAME":null,"GLOBALID":"6b41bdf1-ac51-4aa0-852b-f48f1714eb4a","CREATOR":"Transportation_SeattleCityGIS","CREATE_DATE":1786716795000,"EDITOR":"Transportation_SeattleCityGIS","EDIT_DATE":1786716795000}},{"type":"Feature","id":363712,"geometry":{"type":"Point","coordinates":[-122.28954932473,47.7396169600007]},"properties":{"OBJECTID":363712,"COMPKEY":null,"UNITID":"SR522153","OWNERSHIP":"WSDOT","DISTRICT":null,"NAME":"522vc00467.jpg","COMPTYPE":16,"URL":"http://images.wsdot.wa.gov/nw/522vc00467.jpg","LOCATION":"SR-522 @ NE 153rd St","SERVSTAT":"ACTV","SE_ANNO_CAD_DATA":"","STREAM_NAME":null,"GLOBALID":"185dce20-1800-4d49-8eb7-26dd03791e8e","CREATOR":"Transportation_SeattleCityGIS","CREATE_DATE":1786716795000,"EDITOR":"Transportation_SeattleCityGIS","EDIT_DATE":1786716795000}},{"type":"Feature","id":363713,"geometry":{"type":"Point","coordinates":[-122.140244484972,47.978109271164]},"properties":{"OBJECTID":363713,"COMPKEY":null,"UNITID":"US2EbeySlough","OWNERSHIP":"WSDOT","DISTRICT":null,"NAME":"002vc00207.jpg","COMPTYPE":16,"URL":"http://images.wsdot.wa.gov/nw/002vc00207.jpg","LOCATION":"US-2 @ Ebey Slough","SERVSTAT":"ACTV","SE_ANNO_CAD_DATA":"","STREAM_NAME":null,"GLOBALID":"ed898f7b-9223-4e66-95d0-0e26e94fe2c0","CREATOR":"Transportation_SeattleCityGIS","CREATE_DATE":1786716795000,"EDITOR":"Transportation_SeattleCityGIS","EDIT_DATE":1786716795000}},{"type":"Feature","id":363714,"geometry":{"type":"Point","coordinates":[-122.284797768101,47.7482421529105]},"properties":{"OBJECTID":363714,"COMPKEY":null,"UNITID":"SR522165","OWNERSHIP":"WSDOT","DISTRICT":null,"NAME":"522vc00536.jpg","COMPTYPE":16,"URL":"http://images.wsdot.wa.gov/nw/522vc00536.jpg","LOCATION":"SR-522 @ NE 165th St","SERVSTAT":"ACTV","SE_ANNO_CAD_DATA":"","STREAM_NAME":null,"GLOBALID":"136b8552-7031-4479-b760-8286d9f3fef7","CREATOR":"Transportation_SeattleCityGIS","CREATE_DATE":1786716795000,"EDITOR":"Transportation_SeattleCityGIS","EDIT_DATE":1786716795000}},{"type":"Feature","id":363715,"geometry":{"type":"Point","coordinates":[-122.262034322545,47.7581208736743]},"properties":{"OBJECTID":363715,"COMPKEY":null,"UNITID":"SR52261","OWNERSHIP":"WSDOT","DISTRICT":null,"NAME":"522vc00661.jpg","COMPTYPE":16,"URL":"http://images.wsdot.wa.gov/nw/522vc00661.jpg","LOCATION":"SR-522 @ 61st Ave NE","SERVSTAT":"ACTV","SE_ANNO_CAD_DATA":"","STREAM_NAME":null,"GLOBALID":"bf318925-ee2f-4b07-86b4-182a7c358080","CREATOR":"Transportation_SeattleCityGIS","CREATE_DATE":1786716795000,"EDITOR":"Transportation_SeattleCityGIS","EDIT_DATE":1786716795000}},{"type":"Feature","id":363716,"geometry":{"type":"Point","coordinates":[-122.282190117281,47.4918511294422]},"properties":{"OBJECTID":363716,"COMPKEY":null,"UNITID":"SR599MetroBusBrn","OWNERSHIP":"WSDOT","DISTRICT":null,"NAME":"599vc00116.jpg","COMPTYPE":16,"URL":"http://images.wsdot.wa.gov/nw/599vc00116.jpg","LOCATION":"SR-599 @ Metro Bus Barn","SERVSTAT":"ACTV","SE_ANNO_CAD_DATA":"","STREAM_NAME":null,"GLOBALID":"4e201384-9f4f-4f1b-b275-3f334e2f9443","CREATOR":"Transportation_SeattleCityGIS","CREATE_DATE":1786716795000,"EDITOR":"Transportation_SeattleCityGIS","EDIT_DATE":1786716795000}},{"type":"Feature","id":363717,"geometry":{"type":"Point","coordinates":[-122.334436320641,47.6156164797467]},"properties":{"OBJECTID":363717,"COMPKEY":null,"UNITID":"CMR-0175","OWNERSHIP":"SDOT","DISTRICT":null,"NAME":"9_Stewart_EW.jpg","COMPTYPE":16,"URL":"http://www.seattle.gov/trafficcams/images/9_Stewart_EW.jpg","LOCATION":"9th Ave & Stewart St","SERVSTAT":"ACTV","SE_ANNO_CAD_DATA":"","STREAM_NAME":"9_Stewart_EW","GLOBALID":"2103b943-cf3b-473a-8299-783b2b07c55d","CREATOR":"Transportation_SeattleCityGIS","CREATE_DATE":1786716795000,"EDITOR":"Transportation_SeattleCityGIS","EDIT_DATE":1786716795000}},{"type":"Feature","id":363718,"geometry":{"type":"Point","coordinates":[-122.243737281124,47.7573199444639]},"properties":{"OBJECTID":363718,"COMPKEY":null,"UNITID":"SR52273","OWNERSHIP":"WSDOT","DISTRICT":null,"NAME":"522vc00750.jpg","COMPTYPE":16,"URL":"http://images.wsdot.wa.gov/nw/522vc00750.jpg","LOCATION":"SR-522 @ 73rd Ave NE","SERVSTAT":"ACTV","SE_ANNO_CAD_DATA":"","STREAM_NAME":null,"GLOBALID":"f718b02c-5aa5-4cd6-bb43-36b9356da389","CREATOR":"Transportation_SeattleCityGIS","CREATE_DATE":1786716795000,"EDITOR":"Transportation_SeattleCityGIS","EDIT_DATE":1786716795000}},{"type":"Feature","id":363719,"geometry":{"type":"Point","coordinates":[-122.331798123028,47.6065527457321]},"properties":{"OBJECTID":363719,"COMPKEY":null,"UNITID":"CMR-0181","OWNERSHIP":"SDOT","DISTRICT":null,"NAME":"5_Madison_EW.jpg","COMPTYPE":16,"URL":"http://www.seattle.gov/trafficcams/images/5_Madison_EW.jpg","LOCATION":"5th Ave & Madison St EW","SERVSTAT":"ACTV","SE_ANNO_CAD_DATA":"","STREAM_NAME":"5_Madison_EW","GLOBALID":"2b691f89-c778-4825-b5ab-b4bc5332aa45","CREATOR":"Transportation_SeattleCityGIS","CREATE_DATE":1786716795000,"EDITOR":"Transportation_SeattleCityGIS","EDIT_DATE":1786716795000}},{"type":"Feature","id":363720,"geometry":{"type":"Point","coordinates":[-122.338413743516,47.6185339821847]},"properties":{"OBJECTID":363720,"COMPKEY":null,"UNITID":"CMR-0267","OWNERSHIP":"SDOT","DISTRICT":null,"NAME":"Westlake_Denny_EW.jpg","COMPTYPE":16,"URL":"http://www.seattle.gov/trafficcams/images/Westlake_Denny_EW.jpg","LOCATION":"Westlake Ave & Denny Way EW","SERVSTAT":"ACTV","SE_ANNO_CAD_DATA":"","STREAM_NAME":"Westlake_Denny_EW","GLOBALID":"2085a0f6-53cb-472c-b5ec-4663c9620a7f","CREATOR":"Transportation_SeattleCityGIS","CREATE_DATE":1786716795000,"EDITOR":"Transportation_SeattleCityGIS","EDIT_DATE":1786716795000}},{"type":"Feature","id":363721,"geometry":{"type":"Point","coordinates":[-122.323275453106,47.7085941336346]},"properties":{"OBJECTID":363721,"COMPKEY":null,"UNITID":"CMR-0226","OWNERSHIP":"SDOT","DISTRICT":null,"NAME":"5_NE_Northgate2.jpg","COMPTYPE":16,"URL":"http://www.seattle.gov/trafficcams/images/5_NE_Northgate2.jpg","LOCATION":"5th Ave NE & Northgate Way 2","SERVSTAT":"ACTV","SE_ANNO_CAD_DATA":"","STREAM_NAME":"5_NE_Northgate2","GLOBALID":"5b6c5695-78ce-4f56-bed9-a33c9a39ee97","CREATOR":"Transportation_SeattleCityGIS","CREATE_DATE":1786716795000,"EDITOR":"Transportation_SeattleCityGIS","EDIT_DATE":1786716795000}},{"type":"Feature","id":363722,"geometry":{"type":"Point","coordinates":[-122.338484568197,47.6185342690104]},"properties":{"OBJECTID":363722,"COMPKEY":null,"UNITID":"CMR-0184","OWNERSHIP":"SDOT","DISTRICT":null,"NAME":"Westlake_Denny_NS.jpg","COMPTYPE":16,"URL":"http://www.seattle.gov/trafficcams/images/Westlake_Denny_NS.jpg","LOCATION":"Westlake Ave & Denny Way NS","SERVSTAT":"ACTV","SE_ANNO_CAD_DATA":"","STREAM_NAME":"Westlake_Denny_NS","GLOBALID":"ec1db63e-6530-4fa0-a287-c41112f11b4c","CREATOR":"Transportation_SeattleCityGIS","CREATE_DATE":1786716795000,"EDITOR":"Transportation_SeattleCityGIS","EDIT_DATE":1786716795000}},{"type":"Feature","id":363723,"geometry":{"type":"Point","coordinates":[-122.337130442266,47.6246851322443]},"properties":{"OBJECTID":363723,"COMPKEY":null,"UNITID":"CMR-0202","OWNERSHIP":"SDOT","DISTRICT":null,"NAME":"Terry_N_Mercer_EW.jpg","COMPTYPE":16,"URL":"http://www.seattle.gov/trafficcams/images/Terry_N_Mercer_EW.jpg","LOCATION":"Terry Ave N & Mercer St","SERVSTAT":"ACTV","SE_ANNO_CAD_DATA":"","STREAM_NAME":"Terry_N_Mercer_EW","GLOBALID":"ae2b0529-b4b5-4737-9bc4-1e30a7e78028","CREATOR":"Transportation_SeattleCityGIS","CREATE_DATE":1786716795000,"EDITOR":"Transportation_SeattleCityGIS","EDIT_DATE":1786716795000}},{"type":"Feature","id":363724,"geometry":{"type":"Point","coordinates":[-122.332714379347,47.6041971207597]},"properties":{"OBJECTID":363724,"COMPKEY":null,"UNITID":"CMR-0033","OWNERSHIP":"SDOT","DISTRICT":null,"NAME":"3_Columbia_EW.jpg","COMPTYPE":16,"URL":"http://www.seattle.gov/trafficcams/images/3_Columbia_EW.jpg","LOCATION":"3rd Ave & Columbia St","SERVSTAT":"ACTV","SE_ANNO_CAD_DATA":"","STREAM_NAME":"3_Columbia_EW","GLOBALID":"d5fef23e-7765-427e-a8a4-9f6a21656ca0","CREATOR":"Transportation_SeattleCityGIS","CREATE_DATE":1786716795000,"EDITOR":"Transportation_SeattleCityGIS","EDIT_DATE":1786716795000}},{"type":"Feature","id":363725,"geometry":{"type":"Point","coordinates":[-122.320250231859,47.5473397520414]},"properties":{"OBJECTID":363725,"COMPKEY":null,"UNITID":"CMR-0249","OWNERSHIP":"SDOT","DISTRICT":null,"NAME":"Carleton_S_Bailey_NS.jpg","COMPTYPE":16,"URL":"http://www.seattle.gov/trafficcams/images/Carleton_S_Bailey_NS.jpg","LOCATION":"Carleton Ave S & S Bailey St","SERVSTAT":"ACTV","SE_ANNO_CAD_DATA":"","STREAM_NAME":"Carleton_S_Bailey_NS","GLOBALID":"bfb39a4e-86e9-4e02-afb6-acbe31e8f78a","CREATOR":"Transportation_SeattleCityGIS","CREATE_DATE":1786716795000,"EDITOR":"Transportation_SeattleCityGIS","EDIT_DATE":1786716795000}},{"type":"Feature","id":363726,"geometry":{"type":"Point","coordinates":[-122.175695617657,47.5753435790607]},"properties":{"OBJECTID":363726,"COMPKEY":null,"UNITID":"I40540","OWNERSHIP":"WSDOT","DISTRICT":null,"NAME":"405vc01066.jpg","COMPTYPE":16,"URL":"http://images.wsdot.wa.gov/nw/405vc01066.jpg","LOCATION":"I-405 @ SE 40th St","SERVSTAT":"ACTV","SE_ANNO_CAD_DATA":"","STREAM_NAME":null,"GLOBALID":"8adab31a-e080-4f44-8cba-65fca45888d5","CREATOR":"Transportation_SeattleCityGIS","CREATE_DATE":1786716795000,"EDITOR":"Transportation_SeattleCityGIS","EDIT_DATE":1786716795000}},{"type":"Feature","id":363727,"geometry":{"type":"Point","coordinates":[-122.174436082398,47.5805217084284]},"properties":{"OBJECTID":363727,"COMPKEY":null,"UNITID":"I405Factoria","OWNERSHIP":"WSDOT","DISTRICT":null,"NAME":"405vc01106.jpg","COMPTYPE":16,"URL":"http://images.wsdot.wa.gov/nw/405vc01016.jpg","LOCATION":"I-405 @ Factoria","SERVSTAT":"ACTV","SE_ANNO_CAD_DATA":"","STREAM_NAME":null,"GLOBALID":"7ae4b835-1f4a-40ec-bf4f-4668f02d9217","CREATOR":"Transportation_SeattleCityGIS","CREATE_DATE":1786716795000,"EDITOR":"Transportation_SeattleCityGIS","EDIT_DATE":1786716795000}},{"type":"Feature","id":363728,"geometry":{"type":"Point","coordinates":[-122.188032354494,47.6085213161397]},"properties":{"OBJECTID":363728,"COMPKEY":null,"UNITID":"I405Main","OWNERSHIP":"WSDOT","DISTRICT":null,"NAME":"405vc01331.jpg","COMPTYPE":16,"URL":"http://images.wsdot.wa.gov/nw/405vc01331.jpg","LOCATION":"I-405 @ Main St","SERVSTAT":"ACTV","SE_ANNO_CAD_DATA":"","STREAM_NAME":null,"GLOBALID":"de6d914d-d3af-4699-a586-9a34039486e5","CREATOR":"Transportation_SeattleCityGIS","CREATE_DATE":1786716795000,"EDITOR":"Transportation_SeattleCityGIS","EDIT_DATE":1786716795000}},{"type":"Feature","id":363729,"geometry":{"type":"Point","coordinates":[-122.188535715358,47.6126307716572]},"properties":{"OBJECTID":363729,"COMPKEY":null,"UNITID":"I4054","OWNERSHIP":"WSDOT","DISTRICT":null,"NAME":"405vc01355.jpg","COMPTYPE":16,"URL":"http://images.wsdot.wa.gov/nw/405vc01355.jpg","LOCATION":"I-405 @ NE 4th St","SERVSTAT":"ACTV","SE_ANNO_CAD_DATA":"","STREAM_NAME":null,"GLOBALID":"c5ac94f9-ab76-406f-95a8-f118371065b6","CREATOR":"Transportation_SeattleCityGIS","CREATE_DATE":1786716795000,"EDITOR":"Transportation_SeattleCityGIS","EDIT_DATE":1786716795000}},{"type":"Feature","id":363730,"geometry":{"type":"Point","coordinates":[-122.180637539294,47.5927098879373]},"properties":{"OBJECTID":363730,"COMPKEY":null,"UNITID":"I40520SB","OWNERSHIP":"WSDOT","DISTRICT":null,"NAME":"405vc01194.jpg","COMPTYPE":16,"URL":"http://images.wsdot.wa.gov/nw/405vc01194.jpg","LOCATION":"I-405 @ SE 20th St, SB","SERVSTAT":"ACTV","SE_ANNO_CAD_DATA":"","STREAM_NAME":null,"GLOBALID":"f0fb346e-336a-43d0-b1e2-258a516ca370","CREATOR":"Transportation_SeattleCityGIS","CREATE_DATE":1786716795000,"EDITOR":"Transportation_SeattleCityGIS","EDIT_DATE":1786716795000}},{"type":"Feature","id":363731,"geometry":{"type":"Point","coordinates":[-122.18853581067,47.6159796229932]},"properties":{"OBJECTID":363731,"COMPKEY":null,"UNITID":"I4058","OWNERSHIP":"WSDOT","DISTRICT":null,"NAME":"405vc01383.jpg","COMPTYPE":16,"URL":"http://images.wsdot.wa.gov/nw/405vc01383.jpg","LOCATION":"I-405 @ NE 8th St","SERVSTAT":"ACTV","SE_ANNO_CAD_DATA":"","STREAM_NAME":null,"GLOBALID":"8930f4ae-d08c-4158-8a66-e4ebdf6410f0","CREATOR":"Transportation_SeattleCityGIS","CREATE_DATE":1786716795000,"EDITOR":"Transportation_SeattleCityGIS","EDIT_DATE":1786716795000}},{"type":"Feature","id":363732,"geometry":{"type":"Point","coordinates":[-122.188535917986,47.6197479178326]},"properties":{"OBJECTID":363732,"COMPKEY":null,"UNITID":"I40514","OWNERSHIP":"WSDOT","DISTRICT":null,"NAME":"405vc01427.jpg","COMPTYPE":16,"URL":"http://images.wsdot.wa.gov/nw/405vc01427.jpg","LOCATION":"I-405 @ NE 14th St","SERVSTAT":"ACTV","SE_ANNO_CAD_DATA":"","STREAM_NAME":null,"GLOBALID":"50746a46-108f-458d-9a9d-47210c65401b","CREATOR":"Transportation_SeattleCityGIS","CREATE_DATE":1786716795000,"EDITOR":"Transportation_SeattleCityGIS","EDIT_DATE":1786716795000}},{"type":"Feature","id":363733,"geometry":{"type":"Point","coordinates":[-122.188734419611,47.6266219293395]},"properties":{"OBJECTID":363733,"COMPKEY":null,"UNITID":"I40520","OWNERSHIP":"WSDOT","DISTRICT":null,"NAME":"405vc01458.jpg","COMPTYPE":16,"URL":"http://images.wsdot.wa.gov/nw/405vc01458.jpg","LOCATION":"I-405 @ NE 20th St","SERVSTAT":"ACTV","SE_ANNO_CAD_DATA":"","STREAM_NAME":null,"GLOBALID":"16eedb1e-c8ba-452f-ba68-18d76220dbb3","CREATOR":"Transportation_SeattleCityGIS","CREATE_DATE":1786716795000,"EDITOR":"Transportation_SeattleCityGIS","EDIT_DATE":1786716795000}},{"type":"Feature","id":363734,"geometry":{"type":"Point","coordinates":[-122.18953545655,47.6308218694319]},"properties":{"OBJECTID":363734,"COMPKEY":null,"UNITID":"I40522","OWNERSHIP":"WSDOT","DISTRICT":null,"NAME":"405vc01469.jpg","COMPTYPE":16,"URL":"http://images.wsdot.wa.gov/nw/405vc01469.jpg","LOCATION":"I-405 @ NE 22nd St","SERVSTAT":"ACTV","SE_ANNO_CAD_DATA":"","STREAM_NAME":null,"GLOBALID":"9480ed72-7b10-49c2-a4ab-21c83b984773","CREATOR":"Transportation_SeattleCityGIS","CREATE_DATE":1786716795000,"EDITOR":"Transportation_SeattleCityGIS","EDIT_DATE":1786716795000}},{"type":"Feature","id":363735,"geometry":{"type":"Point","coordinates":[-122.243831498609,47.3412227186828]},"properties":{"OBJECTID":363735,"COMPKEY":null,"UNITID":"SR16737","OWNERSHIP":"WSDOT","DISTRICT":null,"NAME":"167vc01710.jpg","COMPTYPE":16,"URL":"http://images.wsdot.wa.gov/nw/167vc01710.jpg","LOCATION":"SR-167 @ 37th St NW","SERVSTAT":"ACTV","SE_ANNO_CAD_DATA":"","STREAM_NAME":null,"GLOBALID":"27481529-d040-48de-b189-44ad82803c1b","CREATOR":"Transportation_SeattleCityGIS","CREATE_DATE":1786716795000,"EDITOR":"Transportation_SeattleCityGIS","EDIT_DATE":1786716795000}},{"type":"Feature","id":363736,"geometry":{"type":"Point","coordinates":[-122.186902094786,47.6441078727182]},"properties":{"OBJECTID":363736,"COMPKEY":null,"UNITID":"I40539","OWNERSHIP":"WSDOT","DISTRICT":null,"NAME":"405vc01575.jpg","COMPTYPE":16,"URL":"http://images.wsdot.wa.gov/nw/405vc01575.jpg","LOCATION":"I-405 @ NE 39th St","SERVSTAT":"ACTV","SE_ANNO_CAD_DATA":"","STREAM_NAME":null,"GLOBALID":"1b10d2aa-ec2e-4579-b4e6-20295d4fe79f","CREATOR":"Transportation_SeattleCityGIS","CREATE_DATE":1786716795000,"EDITOR":"Transportation_SeattleCityGIS","EDIT_DATE":1786716795000}},{"type":"Feature","id":363737,"geometry":{"type":"Point","coordinates":[-122.203638157369,47.7890031165784]},"properties":{"OBJECTID":363737,"COMPKEY":null,"UNITID":"I405232","OWNERSHIP":"WSDOT","DISTRICT":null,"NAME":"405vc02594.jpg","COMPTYPE":16,"URL":"http://images.wsdot.wa.gov/nw/405vc02594.jpg","LOCATION":"I-405 @ 232nd St SE","SERVSTAT":"ACTV","SE_ANNO_CAD_DATA":"","STREAM_NAME":null,"GLOBALID":"395ad4b9-93f5-45bd-a619-f51bf455bd45","CREATOR":"Transportation_SeattleCityGIS","CREATE_DATE":1786716795000,"EDITOR":"Transportation_SeattleCityGIS","EDIT_DATE":1786716795000}},{"type":"Feature","id":363738,"geometry":{"type":"Point","coordinates":[-122.241427941651,47.3215237237824]},"properties":{"OBJECTID":363738,"COMPKEY":null,"UNITID":"SR16715","OWNERSHIP":"WSDOT","DISTRICT":null,"NAME":"167vc01580.jpg","COMPTYPE":16,"URL":"http://images.wsdot.wa.gov/nw/167vc01580.jpg","LOCATION":"SR-167 @ 15th St NW","SERVSTAT":"ACTV","SE_ANNO_CAD_DATA":"","STREAM_NAME":null,"GLOBALID":"5bb9780e-8034-4b0c-96c4-3fd252b32c7e","CREATOR":"Transportation_SeattleCityGIS","CREATE_DATE":1786716795000,"EDITOR":"Transportation_SeattleCityGIS","EDIT_DATE":1786716795000}},{"type":"Feature","id":363739,"geometry":{"type":"Point","coordinates":[-122.185176272423,47.7146898421686]},"properties":{"OBJECTID":363739,"COMPKEY":null,"UNITID":"I405128","OWNERSHIP":"WSDOT","DISTRICT":null,"NAME":"405vc02066.jpg","COMPTYPE":16,"URL":"http://images.wsdot.wa.gov/nw/405vc02066.jpg","LOCATION":"I-405 @ NE 128th St","SERVSTAT":"ACTV","SE_ANNO_CAD_DATA":"","STREAM_NAME":null,"GLOBALID":"2b40afd5-d049-4adc-8f9c-cebd9a53baf7","CREATOR":"Transportation_SeattleCityGIS","CREATE_DATE":1786716795000,"EDITOR":"Transportation_SeattleCityGIS","EDIT_DATE":1786716795000}},{"type":"Feature","id":363740,"geometry":{"type":"Point","coordinates":[-122.32388472593,47.5929299752882]},"properties":{"OBJECTID":363740,"COMPKEY":null,"UNITID":"I90AirportWayWB","OWNERSHIP":"WSDOT","DISTRICT":null,"NAME":"090vc00237.jpg","COMPTYPE":16,"URL":"http://images.wsdot.wa.gov/nw/090vc00237.jpg","LOCATION":"I-90 @ Airport Way WB","SERVSTAT":"ACTV","SE_ANNO_CAD_DATA":"","STREAM_NAME":null,"GLOBALID":"f0d34205-89f0-429b-89f8-83c62498b9f4","CREATOR":"Transportation_SeattleCityGIS","CREATE_DATE":1786716795000,"EDITOR":"Transportation_SeattleCityGIS","EDIT_DATE":1786716795000}},{"type":"Feature","id":363741,"geometry":{"type":"Point","coordinates":[-122.187044984923,47.6530177498477]},"properties":{"OBJECTID":363741,"COMPKEY":null,"UNITID":"I40559","OWNERSHIP":"WSDOT","DISTRICT":null,"NAME":"405vc01675.jpg","COMPTYPE":16,"URL":"http://images.wsdot.wa.gov/nw/405vc01675.jpg","LOCATION":"I-405 @ NE 59th St","SERVSTAT":"ACTV","SE_ANNO_CAD_DATA":"","STREAM_NAME":null,"GLOBALID":"957bc970-67c3-4e1e-8930-c5966ec7657c","CREATOR":"Transportation_SeattleCityGIS","CREATE_DATE":1786716795000,"EDITOR":"Transportation_SeattleCityGIS","EDIT_DATE":1786716795000}},{"type":"Feature","id":363742,"geometry":{"type":"Point","coordinates":[-122.186963491596,47.6654016597106]},"properties":{"OBJECTID":363742,"COMPKEY":null,"UNITID":"I40570","OWNERSHIP":"WSDOT","DISTRICT":null,"NAME":"405vc01742.jpg","COMPTYPE":16,"URL":"http://images.wsdot.wa.gov/nw/405vc01742.jpg","LOCATION":"I-405 @ NE 70th Pl","SERVSTAT":"ACTV","SE_ANNO_CAD_DATA":"","STREAM_NAME":null,"GLOBALID":"1a404df4-ccda-464c-a334-77cd83c68939","CREATOR":"Transportation_SeattleCityGIS","CREATE_DATE":1786716795000,"EDITOR":"Transportation_SeattleCityGIS","EDIT_DATE":1786716795000}},{"type":"Feature","id":363743,"geometry":{"type":"Point","coordinates":[-122.184035234663,47.6771205971915]},"properties":{"OBJECTID":363743,"COMPKEY":null,"UNITID":"I40585","OWNERSHIP":"WSDOT","DISTRICT":null,"NAME":"405vc01801.jpg","COMPTYPE":16,"URL":"http://images.wsdot.wa.gov/nw/405vc01801.jpg","LOCATION":"I-405 @ NE 85th St","SERVSTAT":"ACTV","SE_ANNO_CAD_DATA":"","STREAM_NAME":null,"GLOBALID":"2455da4e-e9ac-44b1-b25b-b42c56132005","CREATOR":"Transportation_SeattleCityGIS","CREATE_DATE":1786716795000,"EDITOR":"Transportation_SeattleCityGIS","EDIT_DATE":1786716795000}},{"type":"Feature","id":363744,"geometry":{"type":"Point","coordinates":[-122.182058304523,47.6876587259576]},"properties":{"OBJECTID":363744,"COMPKEY":null,"UNITID":"I405100","OWNERSHIP":"WSDOT","DISTRICT":null,"NAME":"405vc01887.jpg","COMPTYPE":16,"URL":"http://images.wsdot.wa.gov/nw/405vc01887.jpg","LOCATION":"I-405 @ NE 100th St","SERVSTAT":"ACTV","SE_ANNO_CAD_DATA":"","STREAM_NAME":null,"GLOBALID":"027122e7-caf7-48f5-bcf8-ba610c3db1e1","CREATOR":"Transportation_SeattleCityGIS","CREATE_DATE":1786716795000,"EDITOR":"Transportation_SeattleCityGIS","EDIT_DATE":1786716795000}},{"type":"Feature","id":363745,"geometry":{"type":"Point","coordinates":[-122.186778474237,47.7441865858662]},"properties":{"OBJECTID":363745,"COMPKEY":null,"UNITID":"I405160","OWNERSHIP":"WSDOT","DISTRICT":null,"NAME":"405vc02256.jpg","COMPTYPE":16,"URL":"http://images.wsdot.wa.gov/nw/405vc02256.jpg","LOCATION":"I-405 @ NE 160th St","SERVSTAT":"ACTV","SE_ANNO_CAD_DATA":"","STREAM_NAME":null,"GLOBALID":"ab3ed500-c836-4dd8-8922-f03edbb246f4","CREATOR":"Transportation_SeattleCityGIS","CREATE_DATE":1786716795000,"EDITOR":"Transportation_SeattleCityGIS","EDIT_DATE":1786716795000}},{"type":"Feature","id":363746,"geometry":{"type":"Point","coordinates":[-122.187034601444,47.7503203756065]},"properties":{"OBJECTID":363746,"COMPKEY":null,"UNITID":"I405175","OWNERSHIP":"WSDOT","DISTRICT":null,"NAME":"405vc02337.jpg","COMPTYPE":16,"URL":"http://images.wsdot.wa.gov/nw/405vc02337.jpg","LOCATION":"I-405 @ NE 175th St","SERVSTAT":"ACTV","SE_ANNO_CAD_DATA":"","STREAM_NAME":null,"GLOBALID":"72da70db-761f-473d-b308-535441e2eead","CREATOR":"Transportation_SeattleCityGIS","CREATE_DATE":1786716795000,"EDITOR":"Transportation_SeattleCityGIS","EDIT_DATE":1786716795000}},{"type":"Feature","id":363747,"geometry":{"type":"Point","coordinates":[-122.184707938679,47.7584150407016]},"properties":{"OBJECTID":363747,"COMPKEY":null,"UNITID":"I405SR522","OWNERSHIP":"WSDOT","DISTRICT":null,"NAME":"405vc02371.jpg","COMPTYPE":16,"URL":"http://images.wsdot.wa.gov/nw/405vc02371.jpg","LOCATION":"I-405 @ SR-522","SERVSTAT":"ACTV","SE_ANNO_CAD_DATA":"","STREAM_NAME":null,"GLOBALID":"e082fe90-5778-45a5-a9bd-7baf42ee33c5","CREATOR":"Transportation_SeattleCityGIS","CREATE_DATE":1786716795000,"EDITOR":"Transportation_SeattleCityGIS","EDIT_DATE":1786716795000}},{"type":"Feature","id":363748,"geometry":{"type":"Point","coordinates":[-122.189034546969,47.7691189817994]},"properties":{"OBJECTID":363748,"COMPKEY":null,"UNITID":"I405195","OWNERSHIP":"WSDOT","DISTRICT":null,"NAME":"405vc02452.jpg","COMPTYPE":16,"URL":"http://images.wsdot.wa.gov/nw/405vc02452.jpg","LOCATION":"I-405 @ NE 195th St","SERVSTAT":"ACTV","SE_ANNO_CAD_DATA":"","STREAM_NAME":null,"GLOBALID":"5105fa83-ff5d-4137-93fb-2e42e4bb4da4","CREATOR":"Transportation_SeattleCityGIS","CREATE_DATE":1786716795000,"EDITOR":"Transportation_SeattleCityGIS","EDIT_DATE":1786716795000}},{"type":"Feature","id":363749,"geometry":{"type":"Point","coordinates":[-122.192787059429,47.7783798417048]},"properties":{"OBJECTID":363749,"COMPKEY":null,"UNITID":"I405243","OWNERSHIP":"WSDOT","DISTRICT":null,"NAME":"405vc02510.jpg","COMPTYPE":16,"URL":"http://images.wsdot.wa.gov/nw/405vc02510.jpg","LOCATION":"I-405 @ 243rd St SE","SERVSTAT":"ACTV","SE_ANNO_CAD_DATA":"","STREAM_NAME":null,"GLOBALID":"bb254365-8931-4d60-be13-3e69844b0a30","CREATOR":"Transportation_SeattleCityGIS","CREATE_DATE":1786716795000,"EDITOR":"Transportation_SeattleCityGIS","EDIT_DATE":1786716795000}},{"type":"Feature","id":363750,"geometry":{"type":"Point","coordinates":[-122.320137550921,47.592515169578]},"properties":{"OBJECTID":363750,"COMPKEY":null,"UNITID":"I90NBtoEBramp","OWNERSHIP":"WSDOT","DISTRICT":null,"NAME":"090vc00255.jpg","COMPTYPE":16,"URL":"http://images.wsdot.wa.gov/nw/090vc00255.jpg","LOCATION":"I-90 @ I-5 NB to EB Ramp","SERVSTAT":"ACTV","SE_ANNO_CAD_DATA":"","STREAM_NAME":null,"GLOBALID":"fbb63156-60f4-4847-80e0-f3a4227934a9","CREATOR":"Transportation_SeattleCityGIS","CREATE_DATE":1786716795000,"EDITOR":"Transportation_SeattleCityGIS","EDIT_DATE":1786716795000}},{"type":"Feature","id":363751,"geometry":{"type":"Point","coordinates":[-122.314532431985,47.5950826375336]},"properties":{"OBJECTID":363751,"COMPKEY":null,"UNITID":"I90CorwinPl","OWNERSHIP":"WSDOT","DISTRICT":null,"NAME":"090vc00292.jpg","COMPTYPE":16,"URL":"http://images.wsdot.wa.gov/nw/090vc00292.jpg","LOCATION":"I-90 @ Corwin Pl","SERVSTAT":"ACTV","SE_ANNO_CAD_DATA":"","STREAM_NAME":null,"GLOBALID":"c5fe4f27-acfe-4e5d-8db6-e2abedd69576","CREATOR":"Transportation_SeattleCityGIS","CREATE_DATE":1786716795000,"EDITOR":"Transportation_SeattleCityGIS","EDIT_DATE":1786716795000}},{"type":"Feature","id":363752,"geometry":{"type":"Point","coordinates":[-122.214235863129,47.7945206323242]},"properties":{"OBJECTID":363752,"COMPKEY":null,"UNITID":"I405SR527","OWNERSHIP":"WSDOT","DISTRICT":null,"NAME":"405vc02674.jpg","COMPTYPE":16,"URL":"http://images.wsdot.wa.gov/nw/405vc02674.jpg","LOCATION":"I-405 @ SR-527","SERVSTAT":"ACTV","SE_ANNO_CAD_DATA":"","STREAM_NAME":null,"GLOBALID":"42614f14-980e-4c1b-8665-8c317ad25d3b","CREATOR":"Transportation_SeattleCityGIS","CREATE_DATE":1786716795000,"EDITOR":"Transportation_SeattleCityGIS","EDIT_DATE":1786716795000}},{"type":"Feature","id":363753,"geometry":{"type":"Point","coordinates":[-122.242740914904,47.8203189121069]},"properties":{"OBJECTID":363753,"COMPKEY":null,"UNITID":"I405DamsonRd","OWNERSHIP":"WSDOT","DISTRICT":null,"NAME":"405vc02895.jpg","COMPTYPE":16,"URL":"http://images.wsdot.wa.gov/nw/405vc02895.jpg","LOCATION":"I-405 @ Damson Rd","SERVSTAT":"ACTV","SE_ANNO_CAD_DATA":"","STREAM_NAME":null,"GLOBALID":"e7bc0a47-244b-401a-8c9b-1b1c63380f8a","CREATOR":"Transportation_SeattleCityGIS","CREATE_DATE":1786716795000,"EDITOR":"Transportation_SeattleCityGIS","EDIT_DATE":1786716795000}},{"type":"Feature","id":363754,"geometry":{"type":"Point","coordinates":[-122.25366096693,47.8251945678664]},"properties":{"OBJECTID":363754,"COMPKEY":null,"UNITID":"I405FilbertRd","OWNERSHIP":"WSDOT","DISTRICT":null,"NAME":"405vc02951.jpg","COMPTYPE":16,"URL":"http://images.wsdot.wa.gov/nw/405vc02951.jpg","LOCATION":"I-405 @ Filbert Rd","SERVSTAT":"ACTV","SE_ANNO_CAD_DATA":"","STREAM_NAME":null,"GLOBALID":"6c7323df-68ee-4e7e-9a37-c46c813de2e6","CREATOR":"Transportation_SeattleCityGIS","CREATE_DATE":1786716795000,"EDITOR":"Transportation_SeattleCityGIS","EDIT_DATE":1786716795000}},{"type":"Feature","id":363755,"geometry":{"type":"Point","coordinates":[-122.124427068484,47.8354893470732]},"properties":{"OBJECTID":363755,"COMPKEY":null,"UNITID":"SR9180","OWNERSHIP":"WSDOT","DISTRICT":null,"NAME":"009vc00376.jpg","COMPTYPE":16,"URL":"http://images.wsdot.wa.gov/nw/009vc00376.jpg","LOCATION":"SR-9 @ 180th St SE","SERVSTAT":"ACTV","SE_ANNO_CAD_DATA":"","STREAM_NAME":null,"GLOBALID":"f8b2ceeb-9487-40a8-b60f-995c76a89622","CREATOR":"Transportation_SeattleCityGIS","CREATE_DATE":1786716795000,"EDITOR":"Transportation_SeattleCityGIS","EDIT_DATE":1786716795000}},{"type":"Feature","id":363756,"geometry":{"type":"Point","coordinates":[-122.295033918201,47.3938229466478]},"properties":{"OBJECTID":363756,"COMPKEY":null,"UNITID":"SR99SR516","OWNERSHIP":"WSDOT","DISTRICT":null,"NAME":"099vc01549.jpg","COMPTYPE":16,"URL":"http://images.wsdot.wa.gov/nw/099vc01549.jpg","LOCATION":"SR-99 @ SR-516","SERVSTAT":"ACTV","SE_ANNO_CAD_DATA":"","STREAM_NAME":null,"GLOBALID":"674f3635-5bc9-479b-8573-f78981fba635","CREATOR":"Transportation_SeattleCityGIS","CREATE_DATE":1786716795000,"EDITOR":"Transportation_SeattleCityGIS","EDIT_DATE":1786716795000}},{"type":"Feature","id":363757,"geometry":{"type":"Point","coordinates":[-122.288861040078,47.4658245400106]},"properties":{"OBJECTID":363757,"COMPKEY":null,"UNITID":"SR99154","OWNERSHIP":"WSDOT","DISTRICT":null,"NAME":"099vc02054.jpg","COMPTYPE":16,"URL":"http://images.wsdot.wa.gov/nw/099vc02054.jpg","LOCATION":"SR-99 @ S 154th St","SERVSTAT":"ACTV","SE_ANNO_CAD_DATA":"","STREAM_NAME":null,"GLOBALID":"1fe21773-58bf-476b-8270-ad6b46105b51","CREATOR":"Transportation_SeattleCityGIS","CREATE_DATE":1786716795000,"EDITOR":"Transportation_SeattleCityGIS","EDIT_DATE":1786716795000}},{"type":"Feature","id":363758,"geometry":{"type":"Point","coordinates":[-122.037733071148,47.5407074578858]},"properties":{"OBJECTID":363758,"COMPKEY":null,"UNITID":"I90FrontSt","OWNERSHIP":"WSDOT","DISTRICT":null,"NAME":"090vc01702.jpg","COMPTYPE":16,"URL":"http://images.wsdot.wa.gov/nw/090vc01702.jpg","LOCATION":"I-90 @ Front St","SERVSTAT":"ACTV","SE_ANNO_CAD_DATA":"","STREAM_NAME":null,"GLOBALID":"8941a484-af23-48bd-b0c3-4c9ddfd563cf","CREATOR":"Transportation_SeattleCityGIS","CREATE_DATE":1786716795000,"EDITOR":"Transportation_SeattleCityGIS","EDIT_DATE":1786716795000}},{"type":"Feature","id":363759,"geometry":{"type":"Point","coordinates":[-122.258496739367,47.2817316654365]},"properties":{"OBJECTID":363759,"COMPKEY":null,"UNITID":"SR167353","OWNERSHIP":"WSDOT","DISTRICT":null,"NAME":"167vc01311.jpg","COMPTYPE":16,"URL":"http://images.wsdot.wa.gov/nw/167vc01311.jpg","LOCATION":"SR-167 @ 353rd St","SERVSTAT":"ACTV","SE_ANNO_CAD_DATA":"","STREAM_NAME":null,"GLOBALID":"74ff1b1d-cfce-485d-a82d-a298752d4810","CREATOR":"Transportation_SeattleCityGIS","CREATE_DATE":1786716795000,"EDITOR":"Transportation_SeattleCityGIS","EDIT_DATE":1786716795000}},{"type":"Feature","id":363760,"geometry":{"type":"Point","coordinates":[-122.229013477692,47.6361598216868]},"properties":{"OBJECTID":363760,"COMPKEY":null,"UNITID":"SR52084","OWNERSHIP":"WSDOT","DISTRICT":null,"NAME":"520vc00455.jpg","COMPTYPE":16,"URL":"http://images.wsdot.wa.gov/nw/520vc00455.jpg","LOCATION":"SR-520 @ 84th Ave NE","SERVSTAT":"ACTV","SE_ANNO_CAD_DATA":"","STREAM_NAME":null,"GLOBALID":"42eff87b-7b8b-47a7-902d-19370030465e","CREATOR":"Transportation_SeattleCityGIS","CREATE_DATE":1786716795000,"EDITOR":"Transportation_SeattleCityGIS","EDIT_DATE":1786716795000}},{"type":"Feature","id":363761,"geometry":{"type":"Point","coordinates":[-122.223095654745,47.6376601294949]},"properties":{"OBJECTID":363761,"COMPKEY":null,"UNITID":"SR52088","OWNERSHIP":"WSDOT","DISTRICT":null,"NAME":"520vc00492.jpg","COMPTYPE":16,"URL":"http://images.wsdot.wa.gov/nw/520vc00492.jpg","LOCATION":"SR-520 @ 88th Ave NE","SERVSTAT":"ACTV","SE_ANNO_CAD_DATA":"","STREAM_NAME":null,"GLOBALID":"28ce1404-0b02-457f-a427-b157c3c87980","CREATOR":"Transportation_SeattleCityGIS","CREATE_DATE":1786716795000,"EDITOR":"Transportation_SeattleCityGIS","EDIT_DATE":1786716795000}},{"type":"Feature","id":363762,"geometry":{"type":"Point","coordinates":[-122.217733998671,47.640621572697]},"properties":{"OBJECTID":363762,"COMPKEY":null,"UNITID":"SR52092","OWNERSHIP":"WSDOT","DISTRICT":null,"NAME":"520vc00522.jpg","COMPTYPE":16,"URL":"http://images.wsdot.wa.gov/nw/520vc00522.jpg","LOCATION":"SR-520 @ 92nd Ave NE","SERVSTAT":"ACTV","SE_ANNO_CAD_DATA":"","STREAM_NAME":null,"GLOBALID":"0afd8692-00c4-47d4-8ef4-c1c53551adad","CREATOR":"Transportation_SeattleCityGIS","CREATE_DATE":1786716795000,"EDITOR":"Transportation_SeattleCityGIS","EDIT_DATE":1786716795000}},{"type":"Feature","id":363763,"geometry":{"type":"Point","coordinates":[-122.202429645748,47.6425431064859]},"properties":{"OBJECTID":363763,"COMPKEY":null,"UNITID":"SR520BellevueWay","OWNERSHIP":"WSDOT","DISTRICT":null,"NAME":"520vc00593.jpg","COMPTYPE":16,"URL":"http://images.wsdot.wa.gov/nw/520vc00593.jpg","LOCATION":"SR-520 @ Bellevue Way NE","SERVSTAT":"ACTV","SE_ANNO_CAD_DATA":"","STREAM_NAME":null,"GLOBALID":"eb640742-7f78-4857-84fc-fc81b67b563b","CREATOR":"Transportation_SeattleCityGIS","CREATE_DATE":1786716795000,"EDITOR":"Transportation_SeattleCityGIS","EDIT_DATE":1786716795000}},{"type":"Feature","id":363764,"geometry":{"type":"Point","coordinates":[-122.224345620165,47.401485563339]},"properties":{"OBJECTID":363764,"COMPKEY":null,"UNITID":"SR167222","OWNERSHIP":"WSDOT","DISTRICT":null,"NAME":"167vc02189.jpg","COMPTYPE":16,"URL":"http://images.wsdot.wa.gov/nw/167vc02189.jpg","LOCATION":"SR-167 @ S 222nd St","SERVSTAT":"ACTV","SE_ANNO_CAD_DATA":"","STREAM_NAME":null,"GLOBALID":"d9cc1261-3275-46d0-9403-05f027c4bb5b","CREATOR":"Transportation_SeattleCityGIS","CREATE_DATE":1786716795000,"EDITOR":"Transportation_SeattleCityGIS","EDIT_DATE":1786716795000}},{"type":"Feature","id":363765,"geometry":{"type":"Point","coordinates":[-122.196234208016,47.640122008543]},"properties":{"OBJECTID":363765,"COMPKEY":null,"UNITID":"SR520108N","OWNERSHIP":"WSDOT","DISTRICT":null,"NAME":"520vc00620.jpg","COMPTYPE":16,"URL":"http://images.wsdot.wa.gov/nw/520vc00620.jpg","LOCATION":"SR-520 @ 108th Ave NE, N","SERVSTAT":"ACTV","SE_ANNO_CAD_DATA":"","STREAM_NAME":null,"GLOBALID":"ee0e35d0-08b2-4641-a452-f0ca9873295f","CREATOR":"Transportation_SeattleCityGIS","CREATE_DATE":1786716795000,"EDITOR":"Transportation_SeattleCityGIS","EDIT_DATE":1786716795000}},{"type":"Feature","id":363766,"geometry":{"type":"Point","coordinates":[-122.196666539857,47.6403354438038]},"properties":{"OBJECTID":363766,"COMPKEY":null,"UNITID":"SR520108S","OWNERSHIP":"WSDOT","DISTRICT":null,"NAME":"520vc00624.jpg","COMPTYPE":16,"URL":"http://images.wsdot.wa.gov/nw/520vc00624.jpg","LOCATION":"SR-520 @ 108th Ave NE, S","SERVSTAT":"ACTV","SE_ANNO_CAD_DATA":"","STREAM_NAME":null,"GLOBALID":"eed536fc-bd57-48bc-a0ac-9c1bcd76ffbd","CREATOR":"Transportation_SeattleCityGIS","CREATE_DATE":1786716795000,"EDITOR":"Transportation_SeattleCityGIS","EDIT_DATE":1786716795000}},{"type":"Feature","id":363767,"geometry":{"type":"Point","coordinates":[-122.186933741074,47.6321226840588]},"properties":{"OBJECTID":363767,"COMPKEY":null,"UNITID":"SR520I405","OWNERSHIP":"WSDOT","DISTRICT":null,"NAME":"520vc00701.jpg","COMPTYPE":16,"URL":"http://images.wsdot.wa.gov/nw/520vc00701.jpg","LOCATION":"SR-520 @ I-405 SE Quad","SERVSTAT":"ACTV","SE_ANNO_CAD_DATA":"","STREAM_NAME":null,"GLOBALID":"260feca6-9728-4712-8c73-b050408ccfcd","CREATOR":"Transportation_SeattleCityGIS","CREATE_DATE":1786716795000,"EDITOR":"Transportation_SeattleCityGIS","EDIT_DATE":1786716795000}},{"type":"Feature","id":363768,"geometry":{"type":"Point","coordinates":[-122.167135475051,47.6301201414224]},"properties":{"OBJECTID":363768,"COMPKEY":null,"UNITID":"SR520130","OWNERSHIP":"WSDOT","DISTRICT":null,"NAME":"520vc00800.jpg","COMPTYPE":16,"URL":"http://images.wsdot.wa.gov/nw/520vc00800.jpg","LOCATION":"SR-520 @ 130th Ave NE","SERVSTAT":"ACTV","SE_ANNO_CAD_DATA":"","STREAM_NAME":null,"GLOBALID":"3fc1b6f3-24d6-41cf-aa07-babaeb5296d2","CREATOR":"Transportation_SeattleCityGIS","CREATE_DATE":1786716795000,"EDITOR":"Transportation_SeattleCityGIS","EDIT_DATE":1786716795000}},{"type":"Feature","id":363769,"geometry":{"type":"Point","coordinates":[-122.1665319731,47.5803234013973]},"properties":{"OBJECTID":363769,"COMPKEY":null,"UNITID":"I90133","OWNERSHIP":"WSDOT","DISTRICT":null,"NAME":"090vc01049.jpg","COMPTYPE":16,"URL":"http://images.wsdot.wa.gov/nw/090vc01049.jpg","LOCATION":"I-90 @ 133rd Ave SE","SERVSTAT":"ACTV","SE_ANNO_CAD_DATA":"","STREAM_NAME":null,"GLOBALID":"e9aac5bd-c13e-4292-86b4-71681e842daf","CREATOR":"Transportation_SeattleCityGIS","CREATE_DATE":1786716795000,"EDITOR":"Transportation_SeattleCityGIS","EDIT_DATE":1786716795000}},{"type":"Feature","id":363770,"geometry":{"type":"Point","coordinates":[-122.144422199947,47.6337366065742]},"properties":{"OBJECTID":363770,"COMPKEY":null,"UNITID":"SR520148","OWNERSHIP":"WSDOT","DISTRICT":null,"NAME":"520vc00918.jpg","COMPTYPE":16,"URL":"http://images.wsdot.wa.gov/nw/520vc00918.jpg","LOCATION":"SR-520 @ 148th Ave NE","SERVSTAT":"ACTV","SE_ANNO_CAD_DATA":"","STREAM_NAME":null,"GLOBALID":"a85ee62c-0a0f-4332-9029-a588c80b500c","CREATOR":"Transportation_SeattleCityGIS","CREATE_DATE":1786716795000,"EDITOR":"Transportation_SeattleCityGIS","EDIT_DATE":1786716795000}},{"type":"Feature","id":363771,"geometry":{"type":"Point","coordinates":[-122.107831583185,47.6696214170658]},"properties":{"OBJECTID":363771,"COMPKEY":null,"UNITID":"SR520RedmondWay","OWNERSHIP":"WSDOT","DISTRICT":null,"NAME":"520vc01283.jpg","COMPTYPE":16,"URL":"http://images.wsdot.wa.gov/nw/520vc01283.jpg","LOCATION":"SR-520 @ Redmond Way","SERVSTAT":"ACTV","SE_ANNO_CAD_DATA":"","STREAM_NAME":null,"GLOBALID":"e04e55b8-dcde-42a0-8f6b-6f88cd6b5939","CREATOR":"Transportation_SeattleCityGIS","CREATE_DATE":1786716795000,"EDITOR":"Transportation_SeattleCityGIS","EDIT_DATE":1786716795000}},{"type":"Feature","id":363772,"geometry":{"type":"Point","coordinates":[-122.134918203671,47.5791649973312]},"properties":{"OBJECTID":363772,"COMPKEY":null,"UNITID":"I90161","OWNERSHIP":"WSDOT","DISTRICT":null,"NAME":"090vc01190.jpg","COMPTYPE":16,"URL":"http://images.wsdot.wa.gov/nw/090vc01190.jpg","LOCATION":"I-90 @ 161st Ave SE","SERVSTAT":"ACTV","SE_ANNO_CAD_DATA":"","STREAM_NAME":null,"GLOBALID":"9bd062e4-2258-4c03-9e7c-f1933e28a740","CREATOR":"Transportation_SeattleCityGIS","CREATE_DATE":1786716795000,"EDITOR":"Transportation_SeattleCityGIS","EDIT_DATE":1786716795000}},{"type":"Feature","id":363773,"geometry":{"type":"Point","coordinates":[-122.32116049056,47.6819431998647]},"properties":{"OBJECTID":363773,"COMPKEY":null,"UNITID":"I5LakeCityWayRev","OWNERSHIP":"WSDOT","DISTRICT":null,"NAME":"005vc17082.jpg","COMPTYPE":16,"URL":"http://images.wsdot.wa.gov/nw/005vc17082.jpg","LOCATION":"I-5 @ Lake City Way, REV","SERVSTAT":"ACTV","SE_ANNO_CAD_DATA":"","STREAM_NAME":null,"GLOBALID":"3a1936ac-6bc7-446e-a46f-6eb9958c3f67","CREATOR":"Transportation_SeattleCityGIS","CREATE_DATE":1786716795000,"EDITOR":"Transportation_SeattleCityGIS","EDIT_DATE":1786716795000}},{"type":"Feature","id":363774,"geometry":{"type":"Point","coordinates":[-122.32628367745,47.6867817992011]},"properties":{"OBJECTID":363774,"COMPKEY":null,"UNITID":"I580Rev","OWNERSHIP":"WSDOT","DISTRICT":null,"NAME":"005vc17124.jpg","COMPTYPE":16,"URL":"http://images.wsdot.wa.gov/nw/005vc17124.jpg","LOCATION":"I-5 @ NE 80th St, Rev","SERVSTAT":"ACTV","SE_ANNO_CAD_DATA":"","STREAM_NAME":null,"GLOBALID":"18adc9b7-8255-47d1-9502-d9a4ea158dca","CREATOR":"Transportation_SeattleCityGIS","CREATE_DATE":1786716795000,"EDITOR":"Transportation_SeattleCityGIS","EDIT_DATE":1786716795000}},{"type":"Feature","id":363775,"geometry":{"type":"Point","coordinates":[-122.329604278367,47.706845786572]},"properties":{"OBJECTID":363775,"COMPKEY":null,"UNITID":"I5107","OWNERSHIP":"WSDOT","DISTRICT":null,"NAME":"005vc17263.jpg","COMPTYPE":16,"URL":"http://images.wsdot.wa.gov/nw/005vc17263.jpg","LOCATION":"I-5 @ NE 107th St","SERVSTAT":"ACTV","SE_ANNO_CAD_DATA":"","STREAM_NAME":null,"GLOBALID":"040f5231-c69c-40c1-932e-73c5936397a7","CREATOR":"Transportation_SeattleCityGIS","CREATE_DATE":1786716795000,"EDITOR":"Transportation_SeattleCityGIS","EDIT_DATE":1786716795000}},{"type":"Feature","id":363776,"geometry":{"type":"Point","coordinates":[-122.325692004176,47.7158824488423]},"properties":{"OBJECTID":363776,"COMPKEY":null,"UNITID":"I5120","OWNERSHIP":"WSDOT","DISTRICT":null,"NAME":"005vc17338.jpg","COMPTYPE":16,"URL":"http://images.wsdot.wa.gov/nw/005vc17338.jpg","LOCATION":"I-5 @ NE 120th St","SERVSTAT":"ACTV","SE_ANNO_CAD_DATA":"","STREAM_NAME":null,"GLOBALID":"9394418c-898f-4d14-9f01-4d99b1fe25ea","CREATOR":"Transportation_SeattleCityGIS","CREATE_DATE":1786716795000,"EDITOR":"Transportation_SeattleCityGIS","EDIT_DATE":1786716795000}},{"type":"Feature","id":363777,"geometry":{"type":"Point","coordinates":[-122.328675619152,47.740862967534]},"properties":{"OBJECTID":363777,"COMPKEY":null,"UNITID":"I5155","OWNERSHIP":"WSDOT","DISTRICT":null,"NAME":"005vc17510.jpg","COMPTYPE":16,"URL":"http://images.wsdot.wa.gov/nw/005vc17510.jpg","LOCATION":"I-5 @ NE 155th St","SERVSTAT":"ACTV","SE_ANNO_CAD_DATA":"","STREAM_NAME":null,"GLOBALID":"7b7c2f60-b78a-4e00-8208-0701b6ca2741","CREATOR":"Transportation_SeattleCityGIS","CREATE_DATE":1786716795000,"EDITOR":"Transportation_SeattleCityGIS","EDIT_DATE":1786716795000}},{"type":"Feature","id":363778,"geometry":{"type":"Point","coordinates":[-122.329143224174,47.7471190984053]},"properties":{"OBJECTID":363778,"COMPKEY":null,"UNITID":"I5MetroBusBarn","OWNERSHIP":"WSDOT","DISTRICT":null,"NAME":"005vc17552.jpg","COMPTYPE":16,"URL":"http://images.wsdot.wa.gov/nw/005vc17552.jpg","LOCATION":"I-5 @ METRO Bus Barn","SERVSTAT":"ACTV","SE_ANNO_CAD_DATA":"","STREAM_NAME":null,"GLOBALID":"65539e96-7957-4052-9b6c-4e1b74eaf8a2","CREATOR":"Transportation_SeattleCityGIS","CREATE_DATE":1786716795000,"EDITOR":"Transportation_SeattleCityGIS","EDIT_DATE":1786716795000}},{"type":"Feature","id":363779,"geometry":{"type":"Point","coordinates":[-122.328645695629,47.6205535171883]},"properties":{"OBJECTID":363779,"COMPKEY":null,"UNITID":"I5DennyWay","OWNERSHIP":"WSDOT","DISTRICT":null,"NAME":"005vc16645.jpg","COMPTYPE":16,"URL":"http://images.wsdot.wa.gov/nw/005vc16645.jpg","LOCATION":"I-5 @ Denny Way","SERVSTAT":"ACTV","SE_ANNO_CAD_DATA":"","STREAM_NAME":null,"GLOBALID":"3233ec4f-d2c1-4b3c-ad50-56c8fd654841","CREATOR":"Transportation_SeattleCityGIS","CREATE_DATE":1786716795000,"EDITOR":"Transportation_SeattleCityGIS","EDIT_DATE":1786716795000}},{"type":"Feature","id":363780,"geometry":{"type":"Point","coordinates":[-122.330440354714,47.754420375835]},"properties":{"OBJECTID":363780,"COMPKEY":null,"UNITID":"I5175S","OWNERSHIP":"WSDOT","DISTRICT":null,"NAME":"005vc17603.jpg","COMPTYPE":16,"URL":"http://images.wsdot.wa.gov/nw/005vc17603.jpg","LOCATION":"I-5 @ NE 175th St, S","SERVSTAT":"ACTV","SE_ANNO_CAD_DATA":"","STREAM_NAME":null,"GLOBALID":"69c3abba-6e19-4cd4-b1c3-5cb36c4d277a","CREATOR":"Transportation_SeattleCityGIS","CREATE_DATE":1786716795000,"EDITOR":"Transportation_SeattleCityGIS","EDIT_DATE":1786716795000}},{"type":"Feature","id":363781,"geometry":{"type":"Point","coordinates":[-122.247830487663,47.4631206962679]},"properties":{"OBJECTID":363781,"COMPKEY":null,"UNITID":"I405WValleyHwy","OWNERSHIP":"WSDOT","DISTRICT":null,"NAME":"405vc00088.jpg","COMPTYPE":16,"URL":"http://images.wsdot.wa.gov/nw/405vc00088.jpg","LOCATION":"I-405 @ W Valley Hwy","SERVSTAT":"ACTV","SE_ANNO_CAD_DATA":"","STREAM_NAME":null,"GLOBALID":"bd175f8c-42cf-4a4a-8fc9-b7fc12670f62","CREATOR":"Transportation_SeattleCityGIS","CREATE_DATE":1786716795000,"EDITOR":"Transportation_SeattleCityGIS","EDIT_DATE":1786716795000}},{"type":"Feature","id":363782,"geometry":{"type":"Point","coordinates":[-122.343520716064,47.630586372534]},"properties":{"OBJECTID":363782,"COMPKEY":null,"UNITID":"SR99Comstock","OWNERSHIP":"WSDOT","DISTRICT":null,"NAME":"099vc03329.jpg","COMPTYPE":16,"URL":"http://images.wsdot.wa.gov/nw/099vc03329.jpg","LOCATION":"SR-99 @ Comstock St","SERVSTAT":"ACTV","SE_ANNO_CAD_DATA":"","STREAM_NAME":null,"GLOBALID":"cb990cba-9e19-46cb-b340-b64ed45c784f","CREATOR":"Transportation_SeattleCityGIS","CREATE_DATE":1786716795000,"EDITOR":"Transportation_SeattleCityGIS","EDIT_DATE":1786716795000}},{"type":"Feature","id":363783,"geometry":{"type":"Point","coordinates":[-122.174594375054,48.0189340857179]},"properties":{"OBJECTID":363783,"COMPKEY":null,"UNITID":"I526","OWNERSHIP":"WSDOT","DISTRICT":null,"NAME":"005vc19684.jpg","COMPTYPE":16,"URL":"http://images.wsdot.wa.gov/nw/005vc19684.jpg","LOCATION":"I-5 @ 26th St NE","SERVSTAT":"ACTV","SE_ANNO_CAD_DATA":"","STREAM_NAME":null,"GLOBALID":"ca368caf-bb21-4bf3-a309-a07aaad09bb9","CREATOR":"Transportation_SeattleCityGIS","CREATE_DATE":1786716795000,"EDITOR":"Transportation_SeattleCityGIS","EDIT_DATE":1786716795000}},{"type":"Feature","id":363784,"geometry":{"type":"Point","coordinates":[-122.343599693465,47.6262676398013]},"properties":{"OBJECTID":363784,"COMPKEY":null,"UNITID":"SR99Valley","OWNERSHIP":"WSDOT","DISTRICT":null,"NAME":"099vc03298.jpg","COMPTYPE":16,"URL":"http://images.wsdot.wa.gov/nw/099vc03298.jpg","LOCATION":"SR-99 @ Valley St","SERVSTAT":"ACTV","SE_ANNO_CAD_DATA":"","STREAM_NAME":null,"GLOBALID":"578d1485-15e2-4e5d-be27-d4156430ffaa","CREATOR":"Transportation_SeattleCityGIS","CREATE_DATE":1786716795000,"EDITOR":"Transportation_SeattleCityGIS","EDIT_DATE":1786716795000}},{"type":"Feature","id":363785,"geometry":{"type":"Point","coordinates":[-122.323642735287,47.7631215965375]},"properties":{"OBJECTID":363785,"COMPKEY":null,"UNITID":"I5195","OWNERSHIP":"WSDOT","DISTRICT":null,"NAME":"005vc17720.jpg","COMPTYPE":16,"URL":"http://images.wsdot.wa.gov/nw/005vc17720.jpg","LOCATION":"I-5 @ NE 195th St","SERVSTAT":"ACTV","SE_ANNO_CAD_DATA":"","STREAM_NAME":null,"GLOBALID":"f16a3574-c959-4302-80dd-d3a9be3adbed","CREATOR":"Transportation_SeattleCityGIS","CREATE_DATE":1786716795000,"EDITOR":"Transportation_SeattleCityGIS","EDIT_DATE":1786716795000}},{"type":"Feature","id":363786,"geometry":{"type":"Point","coordinates":[-122.305511873809,47.6440481480298]},"properties":{"OBJECTID":363786,"COMPKEY":null,"UNITID":"SR52020","OWNERSHIP":"WSDOT","DISTRICT":null,"NAME":"520vc00083.jpg","COMPTYPE":16,"URL":"http://images.wsdot.wa.gov/nw/520vc00083.jpg","LOCATION":"SR-520 @ 20th Ave E","SERVSTAT":"ACTV","SE_ANNO_CAD_DATA":"","STREAM_NAME":null,"GLOBALID":"e9a6d91b-61dd-46e3-a3b1-3dfeb24ea8ec","CREATOR":"Transportation_SeattleCityGIS","CREATE_DATE":1786716795000,"EDITOR":"Transportation_SeattleCityGIS","EDIT_DATE":1786716795000}},{"type":"Feature","id":363787,"geometry":{"type":"Point","coordinates":[-122.29023901743,47.6448873673988]},"properties":{"OBJECTID":363787,"COMPKEY":null,"UNITID":"SR520Foster","OWNERSHIP":"WSDOT","DISTRICT":null,"NAME":"520vc00158.jpg","COMPTYPE":16,"URL":"http://images.wsdot.wa.gov/nw/520vc00158.jpg","LOCATION":"SR-520 @ Foster Island","SERVSTAT":"ACTV","SE_ANNO_CAD_DATA":"","STREAM_NAME":null,"GLOBALID":"9d9aac20-23d5-40c3-b6bb-68738ebe67eb","CREATOR":"Transportation_SeattleCityGIS","CREATE_DATE":1786716795000,"EDITOR":"Transportation_SeattleCityGIS","EDIT_DATE":1786716795000}},{"type":"Feature","id":363788,"geometry":{"type":"Point","coordinates":[-122.316540500176,47.7847201412567]},"properties":{"OBJECTID":363788,"COMPKEY":null,"UNITID":"I5236","OWNERSHIP":"WSDOT","DISTRICT":null,"NAME":"005vc17828.jpg","COMPTYPE":16,"URL":"http://images.wsdot.wa.gov/nw/005vc17828.jpg","LOCATION":"I-5 @ 236th St SW","SERVSTAT":"ACTV","SE_ANNO_CAD_DATA":"","STREAM_NAME":null,"GLOBALID":"9b028c8b-0634-425c-a02d-4fdf23419873","CREATOR":"Transportation_SeattleCityGIS","CREATE_DATE":1786716795000,"EDITOR":"Transportation_SeattleCityGIS","EDIT_DATE":1786716795000}},{"type":"Feature","id":363789,"geometry":{"type":"Point","coordinates":[-122.314595577722,47.7981553542747]},"properties":{"OBJECTID":363789,"COMPKEY":null,"UNITID":"I5220","OWNERSHIP":"WSDOT","DISTRICT":null,"NAME":"005vc17928.jpg","COMPTYPE":16,"URL":"http://images.wsdot.wa.gov/nw/005vc17928.jpg","LOCATION":"I-5 @ 220th St SW","SERVSTAT":"ACTV","SE_ANNO_CAD_DATA":"","STREAM_NAME":null,"GLOBALID":"ed0188d8-5153-4c7d-b334-d9489c38419a","CREATOR":"Transportation_SeattleCityGIS","CREATE_DATE":1786716795000,"EDITOR":"Transportation_SeattleCityGIS","EDIT_DATE":1786716795000}},{"type":"Feature","id":363790,"geometry":{"type":"Point","coordinates":[-122.299040820029,47.8104208445431]},"properties":{"OBJECTID":363790,"COMPKEY":null,"UNITID":"I544","OWNERSHIP":"WSDOT","DISTRICT":null,"NAME":"005vc18065.jpg","COMPTYPE":16,"URL":"http://images.wsdot.wa.gov/nw/005vc18065.jpg","LOCATION":"I-5 @ 44th Ave W","SERVSTAT":"ACTV","SE_ANNO_CAD_DATA":"","STREAM_NAME":null,"GLOBALID":"f71a2d39-e27e-43dc-a918-a8552a541aa0","CREATOR":"Transportation_SeattleCityGIS","CREATE_DATE":1786716795000,"EDITOR":"Transportation_SeattleCityGIS","EDIT_DATE":1786716795000}},{"type":"Feature","id":363791,"geometry":{"type":"Point","coordinates":[-122.241429050067,47.4652226322042]},"properties":{"OBJECTID":363791,"COMPKEY":null,"UNITID":"I405LongacresDr","OWNERSHIP":"WSDOT","DISTRICT":null,"NAME":"405vc00140.jpg","COMPTYPE":16,"URL":"http://images.wsdot.wa.gov/nw/405vc00140.jpg","LOCATION":"I-405 @ Longacres Dr SW","SERVSTAT":"ACTV","SE_ANNO_CAD_DATA":"","STREAM_NAME":null,"GLOBALID":"275c7730-5436-4510-9c6c-a8ebc8868591","CREATOR":"Transportation_SeattleCityGIS","CREATE_DATE":1786716795000,"EDITOR":"Transportation_SeattleCityGIS","EDIT_DATE":1786716795000}},{"type":"Feature","id":363792,"geometry":{"type":"Point","coordinates":[-122.176580862949,48.0277549957839]},"properties":{"OBJECTID":363792,"COMPKEY":null,"UNITID":"I37","OWNERSHIP":"WSDOT","DISTRICT":null,"NAME":"005vc19754.jpg","COMPTYPE":16,"URL":"http://images.wsdot.wa.gov/nw/005vc19754.jpg","LOCATION":"I-5 @ 37th St NE","SERVSTAT":"ACTV","SE_ANNO_CAD_DATA":"","STREAM_NAME":null,"GLOBALID":"061889a9-209d-4fa0-927d-2fbfa8fff203","CREATOR":"Transportation_SeattleCityGIS","CREATE_DATE":1786716795000,"EDITOR":"Transportation_SeattleCityGIS","EDIT_DATE":1786716795000}},{"type":"Feature","id":363793,"geometry":{"type":"Point","coordinates":[-122.180233642792,48.0408461077541]},"properties":{"OBJECTID":363793,"COMPKEY":null,"UNITID":"I5SR529","OWNERSHIP":"WSDOT","DISTRICT":null,"NAME":"005vc19843.jpg","COMPTYPE":16,"URL":"http://images.wsdot.wa.gov/nw/005vc19843.jpg","LOCATION":"I-5 @ SR 529","SERVSTAT":"ACTV","SE_ANNO_CAD_DATA":"","STREAM_NAME":null,"GLOBALID":"f193c32e-7fd3-4a6f-9452-653d2df8c808","CREATOR":"Transportation_SeattleCityGIS","CREATE_DATE":1786716795000,"EDITOR":"Transportation_SeattleCityGIS","EDIT_DATE":1786716795000}},{"type":"Feature","id":363794,"geometry":{"type":"Point","coordinates":[-122.277354254627,47.8216650972471]},"properties":{"OBJECTID":363794,"COMPKEY":null,"UNITID":"I5196","OWNERSHIP":"WSDOT","DISTRICT":null,"NAME":"005vc18155.jpg","COMPTYPE":16,"URL":"http://images.wsdot.wa.gov/nw/005vc18155.jpg","LOCATION":"I-5 @ 196th St SW","SERVSTAT":"ACTV","SE_ANNO_CAD_DATA":"","STREAM_NAME":null,"GLOBALID":"3feb18e9-6868-487f-9e4a-4f4647af2a99","CREATOR":"Transportation_SeattleCityGIS","CREATE_DATE":1786716795000,"EDITOR":"Transportation_SeattleCityGIS","EDIT_DATE":1786716795000}},{"type":"Feature","id":363795,"geometry":{"type":"Point","coordinates":[-122.26325486378,47.8311707640147]},"properties":{"OBJECTID":363795,"COMPKEY":null,"UNITID":"I5186","OWNERSHIP":"WSDOT","DISTRICT":null,"NAME":"005vc18250.jpg","COMPTYPE":16,"URL":"http://images.wsdot.wa.gov/nw/005vc18250.jpg","LOCATION":"I-5 @ 186th St SW","SERVSTAT":"ACTV","SE_ANNO_CAD_DATA":"","STREAM_NAME":null,"GLOBALID":"8d4c315d-9be3-4730-b93b-04d4c04e7689","CREATOR":"Transportation_SeattleCityGIS","CREATE_DATE":1786716795000,"EDITOR":"Transportation_SeattleCityGIS","EDIT_DATE":1786716795000}},{"type":"Feature","id":363796,"geometry":{"type":"Point","coordinates":[-122.184649132158,48.0500321746041]},"properties":{"OBJECTID":363796,"COMPKEY":null,"UNITID":"I5SR528","OWNERSHIP":"WSDOT","DISTRICT":null,"NAME":"005vc19910.jpg","COMPTYPE":16,"URL":"http://images.wsdot.wa.gov/nw/005vc19910.jpg","LOCATION":"I-5 @ SR-528","SERVSTAT":"ACTV","SE_ANNO_CAD_DATA":"","STREAM_NAME":null,"GLOBALID":"c7f2dc66-181b-46bc-8642-c5eead640a3f","CREATOR":"Transportation_SeattleCityGIS","CREATE_DATE":1786716795000,"EDITOR":"Transportation_SeattleCityGIS","EDIT_DATE":1786716795000}},{"type":"Feature","id":363797,"geometry":{"type":"Point","coordinates":[-122.259931025757,47.4623233445011]},"properties":{"OBJECTID":363797,"COMPKEY":null,"UNITID":"I405Southcenter","OWNERSHIP":"WSDOT","DISTRICT":null,"NAME":"405vc00034.jpg","COMPTYPE":16,"URL":"http://images.wsdot.wa.gov/nw/405vc00034.jpg","LOCATION":"I-405 @ Southcenter","SERVSTAT":"ACTV","SE_ANNO_CAD_DATA":"","STREAM_NAME":null,"GLOBALID":"ad062cf3-25df-44db-8d39-6b43d3cdad1f","CREATOR":"Transportation_SeattleCityGIS","CREATE_DATE":1786716795000,"EDITOR":"Transportation_SeattleCityGIS","EDIT_DATE":1786716795000}},{"type":"Feature","id":363798,"geometry":{"type":"Point","coordinates":[-122.256571499547,47.8503123470284]},"properties":{"OBJECTID":363798,"COMPKEY":null,"UNITID":"I5164","OWNERSHIP":"WSDOT","DISTRICT":null,"NAME":"005vc18391.jpg","COMPTYPE":16,"URL":"http://images.wsdot.wa.gov/nw/005vc18391.jpg","LOCATION":"I-5 @ 164th St SW","SERVSTAT":"ACTV","SE_ANNO_CAD_DATA":"","STREAM_NAME":null,"GLOBALID":"db9a3e51-9a79-4887-8844-442f726d37ea","CREATOR":"Transportation_SeattleCityGIS","CREATE_DATE":1786716795000,"EDITOR":"Transportation_SeattleCityGIS","EDIT_DATE":1786716795000}},{"type":"Feature","id":363799,"geometry":{"type":"Point","coordinates":[-122.207828930267,47.4693236514427]},"properties":{"OBJECTID":363799,"COMPKEY":null,"UNITID":"I405TalbotRd","OWNERSHIP":"WSDOT","DISTRICT":null,"NAME":"405vc00277.jpg","COMPTYPE":16,"URL":"http://images.wsdot.wa.gov/nw/405vc00277.jpg","LOCATION":"I-405 @ Talbot Rd S","SERVSTAT":"ACTV","SE_ANNO_CAD_DATA":"","STREAM_NAME":null,"GLOBALID":"6bedb346-616d-4e5e-bf9e-cc93789457e4","CREATOR":"Transportation_SeattleCityGIS","CREATE_DATE":1786716795000,"EDITOR":"Transportation_SeattleCityGIS","EDIT_DATE":1786716795000}},{"type":"Feature","id":363800,"geometry":{"type":"Point","coordinates":[-122.23272623987,47.8819026615045]},"properties":{"OBJECTID":363800,"COMPKEY":null,"UNITID":"I5128","OWNERSHIP":"WSDOT","DISTRICT":null,"NAME":"005vc18648.jpg","COMPTYPE":16,"URL":"http://images.wsdot.wa.gov/nw/005vc18648.jpg","LOCATION":"I-5 @ 128th St SW","SERVSTAT":"ACTV","SE_ANNO_CAD_DATA":"","STREAM_NAME":null,"GLOBALID":"31144ea8-5c0a-4809-bb04-c7cfff9fedd7","CREATOR":"Transportation_SeattleCityGIS","CREATE_DATE":1786716795000,"EDITOR":"Transportation_SeattleCityGIS","EDIT_DATE":1786716795000}},{"type":"Feature","id":363801,"geometry":{"type":"Point","coordinates":[-122.328304075105,47.7570836023195]},"properties":{"OBJECTID":363801,"COMPKEY":null,"UNITID":"I5175N","OWNERSHIP":"WSDOT","DISTRICT":null,"NAME":"005vc17627.jpg","COMPTYPE":16,"URL":"http://images.wsdot.wa.gov/nw/005vc17627.jpg","LOCATION":"I-5 @ NE 175th St, N","SERVSTAT":"ACTV","SE_ANNO_CAD_DATA":"","STREAM_NAME":null,"GLOBALID":"435d250a-1007-4212-ba52-1db793b8786b","CREATOR":"Transportation_SeattleCityGIS","CREATE_DATE":1786716795000,"EDITOR":"Transportation_SeattleCityGIS","EDIT_DATE":1786716795000}},{"type":"Feature","id":363802,"geometry":{"type":"Point","coordinates":[-122.196241242191,47.9335625700089]},"properties":{"OBJECTID":363802,"COMPKEY":null,"UNITID":"I573SB","OWNERSHIP":"WSDOT","DISTRICT":null,"NAME":"005vc19039.jpg","COMPTYPE":16,"URL":"http://images.wsdot.wa.gov/nw/005vc19039.jpg","LOCATION":"I-5 @ 73rd St SE, SB","SERVSTAT":"ACTV","SE_ANNO_CAD_DATA":"","STREAM_NAME":null,"GLOBALID":"52edb89b-671a-4395-9789-4e72b430af21","CREATOR":"Transportation_SeattleCityGIS","CREATE_DATE":1786716795000,"EDITOR":"Transportation_SeattleCityGIS","EDIT_DATE":1786716795000}},{"type":"Feature","id":363803,"geometry":{"type":"Point","coordinates":[-122.195846776966,47.9337175844679]},"properties":{"OBJECTID":363803,"COMPKEY":null,"UNITID":"I573NB","OWNERSHIP":"WSDOT","DISTRICT":null,"NAME":"005vc19041.jpg","COMPTYPE":16,"URL":"http://images.wsdot.wa.gov/nw/005vc19041.jpg","LOCATION":"I-5 @ 73rd St SE, NB","SERVSTAT":"ACTV","SE_ANNO_CAD_DATA":"","STREAM_NAME":null,"GLOBALID":"a03ea4aa-7bd7-4db5-aeff-3c97479dca7d","CREATOR":"Transportation_SeattleCityGIS","CREATE_DATE":1786716795000,"EDITOR":"Transportation_SeattleCityGIS","EDIT_DATE":1786716795000}},{"type":"Feature","id":363804,"geometry":{"type":"Point","coordinates":[-122.235631096914,47.4667218278342]},"properties":{"OBJECTID":363804,"COMPKEY":null,"UNITID":"I405Oaksdale","OWNERSHIP":"WSDOT","DISTRICT":null,"NAME":"405vc00163.jpg","COMPTYPE":16,"URL":"http://images.wsdot.wa.gov/nw/405vc00163.jpg","LOCATION":"I-405 @ Oaksdale Ave ","SERVSTAT":"ACTV","SE_ANNO_CAD_DATA":"","STREAM_NAME":null,"GLOBALID":"49011cfa-5167-4101-84a2-78772bb2064e","CREATOR":"Transportation_SeattleCityGIS","CREATE_DATE":1786716795000,"EDITOR":"Transportation_SeattleCityGIS","EDIT_DATE":1786716795000}},{"type":"Feature","id":363805,"geometry":{"type":"Point","coordinates":[-122.200251032559,47.9549215298637]},"properties":{"OBJECTID":363805,"COMPKEY":null,"UNITID":"I547","OWNERSHIP":"WSDOT","DISTRICT":null,"NAME":"005vc19195.jpg","COMPTYPE":16,"URL":"http://images.wsdot.wa.gov/nw/005vc19195.jpg","LOCATION":"I-5 @ 47th St SE","SERVSTAT":"ACTV","SE_ANNO_CAD_DATA":"","STREAM_NAME":null,"GLOBALID":"d5613277-c37c-4396-834c-a572cbdba990","CREATOR":"Transportation_SeattleCityGIS","CREATE_DATE":1786716795000,"EDITOR":"Transportation_SeattleCityGIS","EDIT_DATE":1786716795000}},{"type":"Feature","id":363806,"geometry":{"type":"Point","coordinates":[-122.192135274045,47.4925208939352]},"properties":{"OBJECTID":363806,"COMPKEY":null,"UNITID":"I405SunsetBlvd","OWNERSHIP":"WSDOT","DISTRICT":null,"NAME":"405vc00475.jpg","COMPTYPE":16,"URL":"http://images.wsdot.wa.gov/nw/405vc00475.jpg","LOCATION":"I-405 @ Sunset Blvd","SERVSTAT":"ACTV","SE_ANNO_CAD_DATA":"","STREAM_NAME":null,"GLOBALID":"f5f88562-80ae-42af-bf9f-54a9e9d5d819","CREATOR":"Transportation_SeattleCityGIS","CREATE_DATE":1786716795000,"EDITOR":"Transportation_SeattleCityGIS","EDIT_DATE":1786716795000}},{"type":"Feature","id":363807,"geometry":{"type":"Point","coordinates":[-122.190668036748,47.9766516287776]},"properties":{"OBJECTID":363807,"COMPKEY":null,"UNITID":"I5Pacific","OWNERSHIP":"WSDOT","DISTRICT":null,"NAME":"005vc19357.jpg","COMPTYPE":16,"URL":"http://images.wsdot.wa.gov/nw/005vc19357.jpg","LOCATION":"I-5 @ Pacific Ave","SERVSTAT":"ACTV","SE_ANNO_CAD_DATA":"","STREAM_NAME":null,"GLOBALID":"e44f3e6c-928b-44ca-8b52-c14f351d2e39","CREATOR":"Transportation_SeattleCityGIS","CREATE_DATE":1786716795000,"EDITOR":"Transportation_SeattleCityGIS","EDIT_DATE":1786716795000}},{"type":"Feature","id":363808,"geometry":{"type":"Point","coordinates":[-122.219334195752,47.4676222275013]},"properties":{"OBJECTID":363808,"COMPKEY":null,"UNITID":"I405SR167","OWNERSHIP":"WSDOT","DISTRICT":null,"NAME":"405vc00229.jpg","COMPTYPE":16,"URL":"http://images.wsdot.wa.gov/nw/405vc00229.jpg","LOCATION":"I-405 @ SR-167","SERVSTAT":"ACTV","SE_ANNO_CAD_DATA":"","STREAM_NAME":null,"GLOBALID":"64af53c2-e781-4f4a-987c-405849c1b49f","CREATOR":"Transportation_SeattleCityGIS","CREATE_DATE":1786716795000,"EDITOR":"Transportation_SeattleCityGIS","EDIT_DATE":1786716795000}},{"type":"Feature","id":363809,"geometry":{"type":"Point","coordinates":[-122.19577502959,47.4850918228824]},"properties":{"OBJECTID":363809,"COMPKEY":null,"UNITID":"I405SR169","OWNERSHIP":"WSDOT","DISTRICT":null,"NAME":"405vc00417.jpg","COMPTYPE":16,"URL":"http://images.wsdot.wa.gov/nw/405vc00417.jpg","LOCATION":"I-405 @ SR-169","SERVSTAT":"ACTV","SE_ANNO_CAD_DATA":"","STREAM_NAME":null,"GLOBALID":"0ae487d6-ef88-488f-9624-e5ec3f6924e0","CREATOR":"Transportation_SeattleCityGIS","CREATE_DATE":1786716795000,"EDITOR":"Transportation_SeattleCityGIS","EDIT_DATE":1786716795000}},{"type":"Feature","id":363810,"geometry":{"type":"Point","coordinates":[-122.188143160186,47.9804166584507]},"properties":{"OBJECTID":363810,"COMPKEY":null,"UNITID":"I5US2","OWNERSHIP":"WSDOT","DISTRICT":null,"NAME":"005vc19389.jpg","COMPTYPE":16,"URL":"http://images.wsdot.wa.gov/nw/005vc19389.jpg","LOCATION":"I-5 @ US-2","SERVSTAT":"ACTV","SE_ANNO_CAD_DATA":"","STREAM_NAME":null,"GLOBALID":"cfeec1d2-c990-44fa-9137-f6a9e6d81da1","CREATOR":"Transportation_SeattleCityGIS","CREATE_DATE":1786716795000,"EDITOR":"Transportation_SeattleCityGIS","EDIT_DATE":1786716795000}},{"type":"Feature","id":363811,"geometry":{"type":"Point","coordinates":[-122.184790653915,47.9834967119458]},"properties":{"OBJECTID":363811,"COMPKEY":null,"UNITID":"I5Everett","OWNERSHIP":"WSDOT","DISTRICT":null,"NAME":"005vc19406.jpg","COMPTYPE":16,"URL":"http://images.wsdot.wa.gov/nw/005vc19406.jpg","LOCATION":"I-5 @ Everett Ave","SERVSTAT":"ACTV","SE_ANNO_CAD_DATA":"","STREAM_NAME":null,"GLOBALID":"cceebcbe-8191-48f5-bc64-95aa00a2b39a","CREATOR":"Transportation_SeattleCityGIS","CREATE_DATE":1786716795000,"EDITOR":"Transportation_SeattleCityGIS","EDIT_DATE":1786716795000}},{"type":"Feature","id":363812,"geometry":{"type":"Point","coordinates":[-122.196529755694,47.5008216060428]},"properties":{"OBJECTID":363812,"COMPKEY":null,"UNITID":"I405ParkDr","OWNERSHIP":"WSDOT","DISTRICT":null,"NAME":"405vc00537.jpg","COMPTYPE":16,"URL":"http://images.wsdot.wa.gov/nw/405vc00537.jpg","LOCATION":"I-405 @ NE Park Dr","SERVSTAT":"ACTV","SE_ANNO_CAD_DATA":"","STREAM_NAME":null,"GLOBALID":"955ca8f2-a88e-4dba-9875-bfeb16d46b75","CREATOR":"Transportation_SeattleCityGIS","CREATE_DATE":1786716795000,"EDITOR":"Transportation_SeattleCityGIS","EDIT_DATE":1786716795000}},{"type":"Feature","id":363813,"geometry":{"type":"Point","coordinates":[-122.198627584251,47.5120482732445]},"properties":{"OBJECTID":363813,"COMPKEY":null,"UNITID":"I40524th","OWNERSHIP":"WSDOT","DISTRICT":null,"NAME":"405vc00602.jpg","COMPTYPE":16,"URL":"http://images.wsdot.wa.gov/nw/405vc00602.jpg","LOCATION":"I-405 @ NE 24th St","SERVSTAT":"ACTV","SE_ANNO_CAD_DATA":"","STREAM_NAME":null,"GLOBALID":"6488e544-630f-4996-8433-271751d18a7d","CREATOR":"Transportation_SeattleCityGIS","CREATE_DATE":1786716795000,"EDITOR":"Transportation_SeattleCityGIS","EDIT_DATE":1786716795000}},{"type":"Feature","id":363814,"geometry":{"type":"Point","coordinates":[-122.183244975868,47.9890287673868]},"properties":{"OBJECTID":363814,"COMPKEY":null,"UNITID":"I5MarineViewDr","OWNERSHIP":"WSDOT","DISTRICT":null,"NAME":"005vc19469.jpg","COMPTYPE":16,"URL":"http://images.wsdot.wa.gov/nw/005vc19469.jpg","LOCATION":"I-5 @ Marine View Dr","SERVSTAT":"ACTV","SE_ANNO_CAD_DATA":"","STREAM_NAME":null,"GLOBALID":"76d2d4e1-4d7c-466d-b9da-5cf1c0c8cade","CREATOR":"Transportation_SeattleCityGIS","CREATE_DATE":1786716795000,"EDITOR":"Transportation_SeattleCityGIS","EDIT_DATE":1786716795000}},{"type":"Feature","id":363815,"geometry":{"type":"Point","coordinates":[-122.179491330364,47.9935049331498]},"properties":{"OBJECTID":363815,"COMPKEY":null,"UNITID":"I515","OWNERSHIP":"WSDOT","DISTRICT":null,"NAME":"005vc19534.jpg","COMPTYPE":16,"URL":"http://images.wsdot.wa.gov/nw/005vc19534.jpg","LOCATION":"I-5 @ 15th St","SERVSTAT":"ACTV","SE_ANNO_CAD_DATA":"","STREAM_NAME":null,"GLOBALID":"63a830af-5edb-446c-adb8-e659b020dbc8","CREATOR":"Transportation_SeattleCityGIS","CREATE_DATE":1786716795000,"EDITOR":"Transportation_SeattleCityGIS","EDIT_DATE":1786716795000}},{"type":"Feature","id":363816,"geometry":{"type":"Point","coordinates":[-122.197636458518,47.5315220878966]},"properties":{"OBJECTID":363816,"COMPKEY":null,"UNITID":"I40544","OWNERSHIP":"WSDOT","DISTRICT":null,"NAME":"405vc00747.jpg","COMPTYPE":16,"URL":"http://images.wsdot.wa.gov/nw/405vc00747.jpg","LOCATION":"I-405 @ NE 44th St","SERVSTAT":"ACTV","SE_ANNO_CAD_DATA":"","STREAM_NAME":null,"GLOBALID":"f02ed2f2-df30-4590-9e3c-42bc5dd5ace0","CREATOR":"Transportation_SeattleCityGIS","CREATE_DATE":1786716795000,"EDITOR":"Transportation_SeattleCityGIS","EDIT_DATE":1786716795000}},{"type":"Feature","id":363817,"geometry":{"type":"Point","coordinates":[-122.195558013238,47.5441388863741]},"properties":{"OBJECTID":363817,"COMPKEY":null,"UNITID":"I40564","OWNERSHIP":"WSDOT","DISTRICT":null,"NAME":"405vc00840.jpg","COMPTYPE":16,"URL":"http://images.wsdot.wa.gov/nw/405vc00840.jpg","LOCATION":"I-405 @ SE 64th St","SERVSTAT":"ACTV","SE_ANNO_CAD_DATA":"","STREAM_NAME":null,"GLOBALID":"ca4f18a6-f049-4eef-8b3f-58971a600c83","CREATOR":"Transportation_SeattleCityGIS","CREATE_DATE":1786716795000,"EDITOR":"Transportation_SeattleCityGIS","EDIT_DATE":1786716795000}},{"type":"Feature","id":363818,"geometry":{"type":"Point","coordinates":[-122.172663382945,48.0076118818474]},"properties":{"OBJECTID":363818,"COMPKEY":null,"UNITID":"I512","OWNERSHIP":"WSDOT","DISTRICT":null,"NAME":"005vc19601.jpg","COMPTYPE":16,"URL":"http://images.wsdot.wa.gov/nw/005vc19601.jpg","LOCATION":"I-5 @ 12th St NE","SERVSTAT":"ACTV","SE_ANNO_CAD_DATA":"","STREAM_NAME":null,"GLOBALID":"075feb29-e130-4a5c-8350-597a1e8d613a","CREATOR":"Transportation_SeattleCityGIS","CREATE_DATE":1786716795000,"EDITOR":"Transportation_SeattleCityGIS","EDIT_DATE":1786716795000}},{"type":"Feature","id":363819,"geometry":{"type":"Point","coordinates":[-122.186437016318,47.5621959431381]},"properties":{"OBJECTID":363819,"COMPKEY":null,"UNITID":"I40545","OWNERSHIP":"WSDOT","DISTRICT":null,"NAME":"405vc00986.jpg","COMPTYPE":16,"URL":"http://images.wsdot.wa.gov/nw/405vc00986.jpg","LOCATION":"I-405 @ SE 45th St","SERVSTAT":"ACTV","SE_ANNO_CAD_DATA":"","STREAM_NAME":null,"GLOBALID":"2e7b0787-dfae-4069-80b6-8b8b810371ae","CREATOR":"Transportation_SeattleCityGIS","CREATE_DATE":1786716795000,"EDITOR":"Transportation_SeattleCityGIS","EDIT_DATE":1786716795000}},{"type":"Feature","id":363820,"geometry":{"type":"Point","coordinates":[-122.178235015628,47.5701228795679]},"properties":{"OBJECTID":363820,"COMPKEY":null,"UNITID":"I405CoalCreek","OWNERSHIP":"WSDOT","DISTRICT":null,"NAME":"405vc01016.jpg","COMPTYPE":16,"URL":"http://images.wsdot.wa.gov/nw/405vc01016.jpg","LOCATION":"I-405 @ Coal Creek Pkwy","SERVSTAT":"ACTV","SE_ANNO_CAD_DATA":"","STREAM_NAME":null,"GLOBALID":"0419b9f4-6a28-4493-b49b-b281225ba2db","CREATOR":"Transportation_SeattleCityGIS","CREATE_DATE":1786716795000,"EDITOR":"Transportation_SeattleCityGIS","EDIT_DATE":1786716795000}},{"type":"Feature","id":363821,"geometry":{"type":"Point","coordinates":[-122.179837832691,47.5934910545041]},"properties":{"OBJECTID":363821,"COMPKEY":null,"UNITID":"I40520NB","OWNERSHIP":"WSDOT","DISTRICT":null,"NAME":"405vc01199.jpg","COMPTYPE":16,"URL":"http://images.wsdot.wa.gov/nw/405vc01199.jpg","LOCATION":"I-405 @ SE 20th St, NB","SERVSTAT":"ACTV","SE_ANNO_CAD_DATA":"","STREAM_NAME":null,"GLOBALID":"05edee41-22a2-4d21-8447-cd5be2da79e6","CREATOR":"Transportation_SeattleCityGIS","CREATE_DATE":1786716795000,"EDITOR":"Transportation_SeattleCityGIS","EDIT_DATE":1786716795000}},{"type":"Feature","id":363822,"geometry":{"type":"Point","coordinates":[-122.189598598318,47.6339604612181]},"properties":{"OBJECTID":363822,"COMPKEY":null,"UNITID":"I405SR520","OWNERSHIP":"WSDOT","DISTRICT":null,"NAME":"405vc01483.jpg","COMPTYPE":16,"URL":"http://images.wsdot.wa.gov/nw/405vc01483.jpg","LOCATION":"I-405 @ SR-520","SERVSTAT":"ACTV","SE_ANNO_CAD_DATA":"","STREAM_NAME":null,"GLOBALID":"06edead4-78bd-439b-be71-41bd5f7c3974","CREATOR":"Transportation_SeattleCityGIS","CREATE_DATE":1786716795000,"EDITOR":"Transportation_SeattleCityGIS","EDIT_DATE":1786716795000}},{"type":"Feature","id":363823,"geometry":{"type":"Point","coordinates":[-122.183034587564,47.6025208696736]},"properties":{"OBJECTID":363823,"COMPKEY":null,"UNITID":"I4058","OWNERSHIP":"WSDOT","DISTRICT":null,"NAME":"405vc01286.jpg","COMPTYPE":16,"URL":"http://images.wsdot.wa.gov/nw/405vc01286.jpg","LOCATION":"I-405 @ SE 8th St","SERVSTAT":"ACTV","SE_ANNO_CAD_DATA":"","STREAM_NAME":null,"GLOBALID":"0fe6c470-269e-43a0-8e09-eb5f9273aa21","CREATOR":"Transportation_SeattleCityGIS","CREATE_DATE":1786716795000,"EDITOR":"Transportation_SeattleCityGIS","EDIT_DATE":1786716795000}},{"type":"Feature","id":363824,"geometry":{"type":"Point","coordinates":[-122.328822292686,47.6162220861594]},"properties":{"OBJECTID":363824,"COMPKEY":null,"UNITID":"I5Olive","OWNERSHIP":"WSDOT","DISTRICT":null,"NAME":"005vc16631.jpg","COMPTYPE":16,"URL":"https://images.wsdot.wa.gov/nw/005vc16631.jpg","LOCATION":"I-5 @ Olive Way","SERVSTAT":"ACTV","SE_ANNO_CAD_DATA":"","STREAM_NAME":null,"GLOBALID":"4d156d6f-1adf-4e64-8abc-eec7d13935a8","CREATOR":"Transportation_SeattleCityGIS","CREATE_DATE":1786716795000,"EDITOR":"Transportation_SeattleCityGIS","EDIT_DATE":1786716795000}},{"type":"Feature","id":363825,"geometry":{"type":"Point","coordinates":[-122.300167359994,47.9220061311888]},"properties":{"OBJECTID":363825,"COMPKEY":null,"UNITID":"SR52584","OWNERSHIP":"WSDOT","DISTRICT":null,"NAME":"525vc00651","COMPTYPE":16,"URL":"https://images.wsdot.wa.gov/nw/525vc00651.jpg","LOCATION":"SR-525 @ 84th St SW/SR526","SERVSTAT":"ACTV","SE_ANNO_CAD_DATA":"","STREAM_NAME":null,"GLOBALID":"b1f70b82-8299-4a7c-98b5-ea069e530403","CREATOR":"Transportation_SeattleCityGIS","CREATE_DATE":1786716795000,"EDITOR":"Transportation_SeattleCityGIS","EDIT_DATE":1786716795000}},{"type":"Feature","id":363826,"geometry":{"type":"Point","coordinates":[-122.106605383321,48.0049507830799]},"properties":{"OBJECTID":363826,"COMPKEY":null,"UNITID":"SR9VernonRd","OWNERSHIP":"WSDOT","DISTRICT":null,"NAME":"009vc01591.jpg","COMPTYPE":16,"URL":"https://images.wsdot.wa.gov/nw/009vc01591.jpg","LOCATION":"SR-9 @ Vernon Rd","SERVSTAT":"ACTV","SE_ANNO_CAD_DATA":"","STREAM_NAME":null,"GLOBALID":"8acf287e-1fcf-41e1-bb3b-42ad18a2c22e","CREATOR":"Transportation_SeattleCityGIS","CREATE_DATE":1786716795000,"EDITOR":"Transportation_SeattleCityGIS","EDIT_DATE":1786716795000}},{"type":"Feature","id":363827,"geometry":{"type":"Point","coordinates":[-122.231689011099,47.5880004138458]},"properties":{"OBJECTID":363827,"COMPKEY":null,"UNITID":"I90-80WB","OWNERSHIP":"WSDOT","DISTRICT":null,"NAME":"090vc00696.jpg","COMPTYPE":16,"URL":"https://images.wsdot.wa.gov/nw/090vc00696.jpg","LOCATION":"I-90 @ 80th Ave SE, WB","SERVSTAT":"ACTV","SE_ANNO_CAD_DATA":"","STREAM_NAME":null,"GLOBALID":"bf0d61f1-8710-4871-b2ce-cce86360378e","CREATOR":"Transportation_SeattleCityGIS","CREATE_DATE":1786716795000,"EDITOR":"Transportation_SeattleCityGIS","EDIT_DATE":1786716795000}},{"type":"Feature","id":363828,"geometry":{"type":"Point","coordinates":[-122.324097816918,47.7231123691883]},"properties":{"OBJECTID":363828,"COMPKEY":null,"UNITID":"I5130","OWNERSHIP":"WSDOT","DISTRICT":null,"NAME":"005vc17386.jpg","COMPTYPE":16,"URL":"http://images.wsdot.wa.gov/nw/005vc17386.jpg","LOCATION":"I-5 @ NE 130th St, E","SERVSTAT":"ACTV","SE_ANNO_CAD_DATA":"","STREAM_NAME":null,"GLOBALID":"1bcedeba-fa4b-4f16-a196-106a329c45d7","CREATOR":"Transportation_SeattleCityGIS","CREATE_DATE":1786716795000,"EDITOR":"Transportation_SeattleCityGIS","EDIT_DATE":1786716795000}},{"type":"Feature","id":363829,"geometry":{"type":"Point","coordinates":[-122.172149043788,48.1523148807028]},"properties":{"OBJECTID":363829,"COMPKEY":null,"UNITID":"SR53143","OWNERSHIP":"WSDOT","DISTRICT":null,"NAME":"531vc00721.jpg","COMPTYPE":16,"URL":"https://images.wsdot.wa.gov/nw/531vc00721.jpg","LOCATION":"SR-531 @ 43rd Ave NE","SERVSTAT":"ACTV","SE_ANNO_CAD_DATA":"","STREAM_NAME":null,"GLOBALID":"66e0d1ce-bef4-4ccc-822d-517e6f79a147","CREATOR":"Transportation_SeattleCityGIS","CREATE_DATE":1786716795000,"EDITOR":"Transportation_SeattleCityGIS","EDIT_DATE":1786716795000}},{"type":"Feature","id":363830,"geometry":{"type":"Point","coordinates":[-122.327749992922,47.605296718448]},"properties":{"OBJECTID":363830,"COMPKEY":null,"UNITID":"I5CherryRamp","OWNERSHIP":"WSDOT","DISTRICT":null,"NAME":"005vc16544.jpg","COMPTYPE":16,"URL":"https://images.wsdot.wa.gov/nw/005vc16544.jpg","LOCATION":"I-5 @ Cherry St, Ramp","SERVSTAT":"ACTV","SE_ANNO_CAD_DATA":"","STREAM_NAME":null,"GLOBALID":"fa355687-3212-4782-b114-5ee1198c6370","CREATOR":"Transportation_SeattleCityGIS","CREATE_DATE":1786716795000,"EDITOR":"Transportation_SeattleCityGIS","EDIT_DATE":1786716795000}},{"type":"Feature","id":363831,"geometry":{"type":"Point","coordinates":[-122.14308522675,47.6331197524994]},"properties":{"OBJECTID":363831,"COMPKEY":null,"UNITID":"SR520148EBramp","OWNERSHIP":"WSDOT","DISTRICT":null,"NAME":"520vc00912.jpg","COMPTYPE":16,"URL":"https://images.wsdot.wa.gov/nw/520vc00912.jpg","LOCATION":"SR-520 @ 148th, EB Ramps","SERVSTAT":"ACTV","SE_ANNO_CAD_DATA":"","STREAM_NAME":null,"GLOBALID":"d2e2fee5-8acc-437a-b87d-914a11734408","CREATOR":"Transportation_SeattleCityGIS","CREATE_DATE":1786716795000,"EDITOR":"Transportation_SeattleCityGIS","EDIT_DATE":1786716795000}},{"type":"Feature","id":363832,"geometry":{"type":"Point","coordinates":[-122.330108774884,47.7086307400262]},"properties":{"OBJECTID":363832,"COMPKEY":null,"UNITID":"I5N110","OWNERSHIP":"WSDOT","DISTRICT":null,"NAME":"005vc17287.jpg","COMPTYPE":16,"URL":"http://images.wsdot.wa.gov/nw/005vc17287.jpg","LOCATION":"I-5 @ N 110th St,W","SERVSTAT":"ACTV","SE_ANNO_CAD_DATA":"","STREAM_NAME":null,"GLOBALID":"d9769b81-3d02-469f-90ae-206be296bb43","CREATOR":"Transportation_SeattleCityGIS","CREATE_DATE":1786716795000,"EDITOR":"Transportation_SeattleCityGIS","EDIT_DATE":1786716795000}},{"type":"Feature","id":363833,"geometry":{"type":"Point","coordinates":[-122.174439006048,48.1524024368461]},"properties":{"OBJECTID":363833,"COMPKEY":null,"UNITID":"SR53140","OWNERSHIP":"WSDOT","DISTRICT":null,"NAME":"531vc00692.jpg","COMPTYPE":16,"URL":"https://images.wsdot.wa.gov/nw/531vc00692.jpg","LOCATION":"SR-531 @ 40th Ave NE","SERVSTAT":"ACTV","SE_ANNO_CAD_DATA":"","STREAM_NAME":null,"GLOBALID":"5a54d5bd-fd59-4323-9d9a-e37b9f0d3af0","CREATOR":"Transportation_SeattleCityGIS","CREATE_DATE":1786716795000,"EDITOR":"Transportation_SeattleCityGIS","EDIT_DATE":1786716795000}},{"type":"Feature","id":363834,"geometry":{"type":"Point","coordinates":[-122.332118129536,47.6249467647439]},"properties":{"OBJECTID":363834,"COMPKEY":null,"UNITID":"I5MercerRamp","OWNERSHIP":"WSDOT","DISTRICT":null,"NAME":"005vc16680.jpg","COMPTYPE":16,"URL":"http://images.wsdot.wa.gov/nw/005vc16680.jpg","LOCATION":"I-5 @ Mercer St, Ramps","SERVSTAT":"ACTV","SE_ANNO_CAD_DATA":"","STREAM_NAME":null,"GLOBALID":"629cc549-e873-4d26-b2be-bf8c6a28cfd5","CREATOR":"Transportation_SeattleCityGIS","CREATE_DATE":1786716795000,"EDITOR":"Transportation_SeattleCityGIS","EDIT_DATE":1786716795000}},{"type":"Feature","id":363835,"geometry":{"type":"Point","coordinates":[-122.297395167918,47.9151408187006]},"properties":{"OBJECTID":363835,"COMPKEY":null,"UNITID":"SR52592","OWNERSHIP":"WSDOT","DISTRICT":null,"NAME":"525vc00598.jpg","COMPTYPE":16,"URL":"https://images.wsdot.wa.gov/nw/525vc00598.jpg","LOCATION":"SR-525 @ 92nd St SW","SERVSTAT":"ACTV","SE_ANNO_CAD_DATA":"","STREAM_NAME":null,"GLOBALID":"7ae616d6-aa82-416f-920f-e563456009ea","CREATOR":"Transportation_SeattleCityGIS","CREATE_DATE":1786716795000,"EDITOR":"Transportation_SeattleCityGIS","EDIT_DATE":1786716795000}},{"type":"Feature","id":363836,"geometry":{"type":"Point","coordinates":[-122.105510743322,47.9978654911535]},"properties":{"OBJECTID":363836,"COMPKEY":null,"UNITID":"SR9Market","OWNERSHIP":"WSDOT","DISTRICT":null,"NAME":"009vc01544.jpg","COMPTYPE":16,"URL":"https://images.wsdot.wa.gov/nw/009vc01544.jpg","LOCATION":"SR-9 @ Market Pl","SERVSTAT":"ACTV","SE_ANNO_CAD_DATA":"","STREAM_NAME":null,"GLOBALID":"0d98cd06-687d-4c3a-9080-52a39293cf87","CREATOR":"Transportation_SeattleCityGIS","CREATE_DATE":1786716795000,"EDITOR":"Transportation_SeattleCityGIS","EDIT_DATE":1786716795000}},{"type":"Feature","id":363837,"geometry":{"type":"Point","coordinates":[-122.322849240009,47.6001871072259]},"properties":{"OBJECTID":363837,"COMPKEY":null,"UNITID":"I5Main","OWNERSHIP":"WSDOT","DISTRICT":null,"NAME":"005vc16495.jpg","COMPTYPE":16,"URL":"https://images.wsdot.wa.gov/nw/005vc16495.jpg","LOCATION":"I-5 @ S Main St","SERVSTAT":null,"SE_ANNO_CAD_DATA":"","STREAM_NAME":null,"GLOBALID":"5b6e3a8c-1acb-417c-8edd-e563e824c984","CREATOR":"Transportation_SeattleCityGIS","CREATE_DATE":1786716795000,"EDITOR":"Transportation_SeattleCityGIS","EDIT_DATE":1786716795000}},{"type":"Feature","id":363838,"geometry":{"type":"Point","coordinates":[-122.142934257353,47.6368573074627]},"properties":{"OBJECTID":363838,"COMPKEY":null,"UNITID":"SR520148EBrab","OWNERSHIP":"WSDOT","DISTRICT":null,"NAME":"520vc00919","COMPTYPE":16,"URL":"https://images.wsdot.wa.gov/nw/520vc00919.jpg","LOCATION":"SR-520 @ 148th, EB RAB","SERVSTAT":"ACTV","SE_ANNO_CAD_DATA":"","STREAM_NAME":null,"GLOBALID":"40df13b8-499f-4704-be4e-c0e6f35f17ae","CREATOR":"Transportation_SeattleCityGIS","CREATE_DATE":1786716795000,"EDITOR":"Transportation_SeattleCityGIS","EDIT_DATE":1786716795000}},{"type":"Feature","id":363839,"geometry":{"type":"Point","coordinates":[-122.298234720022,47.4082410234509]},"properties":{"OBJECTID":363839,"COMPKEY":null,"UNITID":"SR99216","OWNERSHIP":"WSDOT","DISTRICT":null,"NAME":"099vc01651","COMPTYPE":16,"URL":"https://images.wsdot.wa.gov/nw/099vc01651.jpg","LOCATION":"SR-99 @ S 216th St","SERVSTAT":"ACTV","SE_ANNO_CAD_DATA":"","STREAM_NAME":null,"GLOBALID":"1cbc16a9-fe8a-417c-808a-b4b25f5b781f","CREATOR":"Transportation_SeattleCityGIS","CREATE_DATE":1786716795000,"EDITOR":"Transportation_SeattleCityGIS","EDIT_DATE":1786716795000}},{"type":"Feature","id":363840,"geometry":{"type":"Point","coordinates":[-122.295021124183,47.3587136429357]},"properties":{"OBJECTID":363840,"COMPKEY":null,"UNITID":"I5272NBramp","OWNERSHIP":"WSDOT","DISTRICT":null,"NAME":"005vc14685.jpg","COMPTYPE":16,"URL":"https://images.wsdot.wa.gov/nw/005vc14685.jpg","LOCATION":"I-5 @ S 272nd, NB Ramp","SERVSTAT":"ACTV","SE_ANNO_CAD_DATA":"","STREAM_NAME":null,"GLOBALID":"071516fd-f61d-4029-88aa-e79ed105dd5d","CREATOR":"Transportation_SeattleCityGIS","CREATE_DATE":1786716795000,"EDITOR":"Transportation_SeattleCityGIS","EDIT_DATE":1786716795000}},{"type":"Feature","id":363841,"geometry":{"type":"Point","coordinates":[-122.322798134665,47.6426034125859]},"properties":{"OBJECTID":363841,"COMPKEY":null,"UNITID":"I5Roanoke","OWNERSHIP":"WSDOT","DISTRICT":null,"NAME":"005vc16811.jpg","COMPTYPE":16,"URL":"http://images.wsdot.wa.gov/nw/005vc16811.jpg","LOCATION":"I-5 @ Roanoke St","SERVSTAT":"ACTV","SE_ANNO_CAD_DATA":"","STREAM_NAME":null,"GLOBALID":"7e4f6f6d-1572-485d-bd80-6cce5ee42a50","CREATOR":"Transportation_SeattleCityGIS","CREATE_DATE":1786716795000,"EDITOR":"Transportation_SeattleCityGIS","EDIT_DATE":1786716795000}},{"type":"Feature","id":363842,"geometry":{"type":"Point","coordinates":[-122.248402486896,47.6388795571992]},"properties":{"OBJECTID":363842,"COMPKEY":null,"UNITID":"SR520EastBr","OWNERSHIP":"WSDOT","DISTRICT":null,"NAME":"520vc00341.jpg","COMPTYPE":16,"URL":"http://images.wsdot.wa.gov/nw/520vc00341.jpg","LOCATION":"SR-520 @ East Bridge","SERVSTAT":"ACTV","SE_ANNO_CAD_DATA":"","STREAM_NAME":null,"GLOBALID":"a9fd0491-b50e-454d-89b1-f264c2bed759","CREATOR":"Transportation_SeattleCityGIS","CREATE_DATE":1786716795000,"EDITOR":"Transportation_SeattleCityGIS","EDIT_DATE":1786716795000}},{"type":"Feature","id":363843,"geometry":{"type":"Point","coordinates":[-122.2863591732,47.6446083397636]},"properties":{"OBJECTID":363843,"COMPKEY":null,"UNITID":"SR52035","OWNERSHIP":"WSDOT","DISTRICT":null,"NAME":"520vc00170.jpg","COMPTYPE":16,"URL":"https://images.wsdot.wa.gov/nw/520vc00170.jpg","LOCATION":"SR-520 @ 35th Ave E","SERVSTAT":"ACTV","SE_ANNO_CAD_DATA":"","STREAM_NAME":null,"GLOBALID":"0797c3d6-9333-4c49-bc04-890253fabc5f","CREATOR":"Transportation_SeattleCityGIS","CREATE_DATE":1786716795000,"EDITOR":"Transportation_SeattleCityGIS","EDIT_DATE":1786716795000}},{"type":"Feature","id":363844,"geometry":{"type":"Point","coordinates":[-122.299992513652,47.644106004967]},"properties":{"OBJECTID":363844,"COMPKEY":null,"UNITID":"SR52025","OWNERSHIP":"WSDOT","DISTRICT":null,"NAME":"520vc00116.jpg","COMPTYPE":16,"URL":"http://images.wsdot.wa.gov/nw/520vc00116.jpg","LOCATION":"SR-520 @ 25th Ave E","SERVSTAT":"ACTV","SE_ANNO_CAD_DATA":"","STREAM_NAME":null,"GLOBALID":"fc787def-c3f4-41ab-aa67-f13ac6924664","CREATOR":"Transportation_SeattleCityGIS","CREATE_DATE":1786716795000,"EDITOR":"Transportation_SeattleCityGIS","EDIT_DATE":1786716795000}},{"type":"Feature","id":363845,"geometry":{"type":"Point","coordinates":[-122.102550186609,47.9748644307527]},"properties":{"OBJECTID":363845,"COMPKEY":null,"UNITID":"SR9SLkStevensRd","OWNERSHIP":"WSDOT","DISTRICT":null,"NAME":"009vc01383.jpg","COMPTYPE":16,"URL":"https://images.wsdot.wa.gov/nw/009vc01383.jpg","LOCATION":"SR-9 @ S Lk Stevens Rd","SERVSTAT":"ACTV","SE_ANNO_CAD_DATA":"","STREAM_NAME":null,"GLOBALID":"d443474e-297b-4654-a09e-6d43b94e9275","CREATOR":"Transportation_SeattleCityGIS","CREATE_DATE":1786716795000,"EDITOR":"Transportation_SeattleCityGIS","EDIT_DATE":1786716795000}},{"type":"Feature","id":363846,"geometry":{"type":"Point","coordinates":[-122.069810353907,47.3581239272611]},"properties":{"OBJECTID":363846,"COMPKEY":null,"UNITID":"SR516204SE","OWNERSHIP":"WSDOT","DISTRICT":null,"NAME":"516vc01386.jpg","COMPTYPE":16,"URL":"https://images.wsdot.wa.gov/nw/516vc01386.jpg","LOCATION":"SR-516 @ 204th Ave SE","SERVSTAT":"ACTV","SE_ANNO_CAD_DATA":"","STREAM_NAME":null,"GLOBALID":"bb95d104-c424-4680-9e77-3455c4212b59","CREATOR":"Transportation_SeattleCityGIS","CREATE_DATE":1786716795000,"EDITOR":"Transportation_SeattleCityGIS","EDIT_DATE":1786716795000}},{"type":"Feature","id":363847,"geometry":{"type":"Point","coordinates":[-122.283599675641,47.5901669611505]},"properties":{"OBJECTID":363847,"COMPKEY":null,"UNITID":"I90WHighrise","OWNERSHIP":"WSDOT","DISTRICT":null,"NAME":"090vc00440.jpg","COMPTYPE":16,"URL":"http://images.wsdot.wa.gov/nw/090vc00440.jpg","LOCATION":"I-90 @ W Highrise, EB","SERVSTAT":"ACTV","SE_ANNO_CAD_DATA":"","STREAM_NAME":null,"GLOBALID":"019a9dc0-eb14-45ce-b060-f6a8bc1d37f0","CREATOR":"Transportation_SeattleCityGIS","CREATE_DATE":1786716795000,"EDITOR":"Transportation_SeattleCityGIS","EDIT_DATE":1786716795000}},{"type":"Feature","id":363848,"geometry":{"type":"Point","coordinates":[-122.317106752291,47.5947177547758]},"properties":{"OBJECTID":363848,"COMPKEY":null,"UNITID":"I9012EB","OWNERSHIP":"WSDOT","DISTRICT":null,"NAME":"090vc00271","COMPTYPE":16,"URL":"https://images.wsdot.wa.gov/nw/090vc00271.jpg","LOCATION":"I-90 @ 12th Ave S, EB","SERVSTAT":"ACTV","SE_ANNO_CAD_DATA":"","STREAM_NAME":null,"GLOBALID":"b1f91868-9f45-46db-a632-694720553b18","CREATOR":"Transportation_SeattleCityGIS","CREATE_DATE":1786716795000,"EDITOR":"Transportation_SeattleCityGIS","EDIT_DATE":1786716795000}},{"type":"Feature","id":363849,"geometry":{"type":"Point","coordinates":[-122.331439845675,47.6099935947821]},"properties":{"OBJECTID":363849,"COMPKEY":null,"UNITID":"I5UniversitySB","OWNERSHIP":"WSDOT","DISTRICT":null,"NAME":"005vc16571.jpg","COMPTYPE":16,"URL":"http://images.wsdot.wa.gov/nw/005vc16571.jpg","LOCATION":"I-5 @ University St, SB","SERVSTAT":"ACTV","SE_ANNO_CAD_DATA":"","STREAM_NAME":null,"GLOBALID":"9cc5d9ee-9d99-4199-a589-9f4ae22920e2","CREATOR":"Transportation_SeattleCityGIS","CREATE_DATE":1786716795000,"EDITOR":"Transportation_SeattleCityGIS","EDIT_DATE":1786716795000}},{"type":"Feature","id":363850,"geometry":{"type":"Point","coordinates":[-122.319215133962,47.5778093502582]},"properties":{"OBJECTID":363850,"COMPKEY":null,"UNITID":"I5Forest","OWNERSHIP":"WSDOT","DISTRICT":null,"NAME":"005vc16342.jpg","COMPTYPE":16,"URL":"http://images.wsdot.wa.gov/nw/005vc16342.jpg","LOCATION":"I-5 @ S Forest St","SERVSTAT":"ACTV","SE_ANNO_CAD_DATA":"","STREAM_NAME":null,"GLOBALID":"4a5daaee-19ef-41e6-9a5a-bb710b1d07da","CREATOR":"Transportation_SeattleCityGIS","CREATE_DATE":1786716795000,"EDITOR":"Transportation_SeattleCityGIS","EDIT_DATE":1786716795000}},{"type":"Feature","id":363851,"geometry":{"type":"Point","coordinates":[-122.331213186459,47.6087709266419]},"properties":{"OBJECTID":363851,"COMPKEY":null,"UNITID":"I5Seneca","OWNERSHIP":"WSDOT","DISTRICT":null,"NAME":"005vc16563.jpg","COMPTYPE":16,"URL":"http://images.wsdot.wa.gov/nw/005vc16563.jpg","LOCATION":"I-5 @ Seneca St","SERVSTAT":"ACTV","SE_ANNO_CAD_DATA":"","STREAM_NAME":null,"GLOBALID":"364d72f6-ccb9-4137-a924-afadfc27332b","CREATOR":"Transportation_SeattleCityGIS","CREATE_DATE":1786716795000,"EDITOR":"Transportation_SeattleCityGIS","EDIT_DATE":1786716795000}},{"type":"Feature","id":363852,"geometry":{"type":"Point","coordinates":[-122.331224695295,47.6102297672027]},"properties":{"OBJECTID":363852,"COMPKEY":null,"UNITID":"I5UniversityRamp","OWNERSHIP":"WSDOT","DISTRICT":null,"NAME":"005vc16574.jpg","COMPTYPE":16,"URL":"http://images.wsdot.wa.gov/nw/005vc16574.jpg","LOCATION":"I-5 @ University St Ramp","SERVSTAT":"ACTV","SE_ANNO_CAD_DATA":"","STREAM_NAME":null,"GLOBALID":"840c06eb-4286-47d7-bbcb-2168160779b4","CREATOR":"Transportation_SeattleCityGIS","CREATE_DATE":1786716795000,"EDITOR":"Transportation_SeattleCityGIS","EDIT_DATE":1786716795000}},{"type":"Feature","id":363853,"geometry":{"type":"Point","coordinates":[-122.331065112641,47.6106824071886]},"properties":{"OBJECTID":363853,"COMPKEY":null,"UNITID":"I5UniversityNB","OWNERSHIP":"WSDOT","DISTRICT":null,"NAME":"005vc16580.jpg","COMPTYPE":16,"URL":"http://images.wsdot.wa.gov/nw/005vc16580.jpg","LOCATION":"I-5 @ University St, NB","SERVSTAT":"ACTV","SE_ANNO_CAD_DATA":"","STREAM_NAME":null,"GLOBALID":"1c78b8fc-722e-4bdd-b567-a5868ce8352d","CREATOR":"Transportation_SeattleCityGIS","CREATE_DATE":1786716795000,"EDITOR":"Transportation_SeattleCityGIS","EDIT_DATE":1786716795000}},{"type":"Feature","id":363854,"geometry":{"type":"Point","coordinates":[-122.331192025969,47.6113269245178]},"properties":{"OBJECTID":363854,"COMPKEY":null,"UNITID":"I5UnionRev","OWNERSHIP":"WSDOT","DISTRICT":null,"NAME":"005vc16588.jpg","COMPTYPE":16,"URL":"http://images.wsdot.wa.gov/nw/005vc16580.jpg","LOCATION":"I-5 @ Union St, REV","SERVSTAT":"ACTV","SE_ANNO_CAD_DATA":"","STREAM_NAME":null,"GLOBALID":"b5816035-f7da-4e54-a15c-b0c409a93e38","CREATOR":"Transportation_SeattleCityGIS","CREATE_DATE":1786716795000,"EDITOR":"Transportation_SeattleCityGIS","EDIT_DATE":1786716795000}},{"type":"Feature","id":363855,"geometry":{"type":"Point","coordinates":[-122.330452165329,47.6130619156882]},"properties":{"OBJECTID":363855,"COMPKEY":null,"UNITID":"I5PikeSB","OWNERSHIP":"WSDOT","DISTRICT":null,"NAME":"005vc16597.jpg","COMPTYPE":16,"URL":"http://images.wsdot.wa.gov/nw/005vc16597.jpg","LOCATION":"I-5 @ Pike St, SB","SERVSTAT":"ACTV","SE_ANNO_CAD_DATA":"","STREAM_NAME":null,"GLOBALID":"9bf3fb52-ca1e-46c6-9912-26fefcc8d61a","CREATOR":"Transportation_SeattleCityGIS","CREATE_DATE":1786716795000,"EDITOR":"Transportation_SeattleCityGIS","EDIT_DATE":1786716795000}},{"type":"Feature","id":363856,"geometry":{"type":"Point","coordinates":[-122.33010226562,47.6130807865133]},"properties":{"OBJECTID":363856,"COMPKEY":null,"UNITID":"I5PikeNB","OWNERSHIP":"WSDOT","DISTRICT":null,"NAME":"005vc16598.jpg","COMPTYPE":16,"URL":"http://images.wsdot.wa.gov/nw/005vc16598.jpg","LOCATION":"I-5 @ Pike St, NB","SERVSTAT":"ACTV","SE_ANNO_CAD_DATA":"","STREAM_NAME":null,"GLOBALID":"5b24eca8-232f-48e1-b03f-69257e91db9c","CREATOR":"Transportation_SeattleCityGIS","CREATE_DATE":1786716795000,"EDITOR":"Transportation_SeattleCityGIS","EDIT_DATE":1786716795000}},{"type":"Feature","id":363857,"geometry":{"type":"Point","coordinates":[-122.330375645039,47.6128497317367]},"properties":{"OBJECTID":363857,"COMPKEY":null,"UNITID":"I5PikeRev","OWNERSHIP":"WSDOT","DISTRICT":null,"NAME":"005vc16602.jpg","COMPTYPE":16,"URL":"http://images.wsdot.wa.gov/nw/005vc16602.jpg","LOCATION":"I-5 @ Pike St REV","SERVSTAT":"ACTV","SE_ANNO_CAD_DATA":"","STREAM_NAME":null,"GLOBALID":"d202f2a1-1dfc-4713-9ee6-b041520569c2","CREATOR":"Transportation_SeattleCityGIS","CREATE_DATE":1786716795000,"EDITOR":"Transportation_SeattleCityGIS","EDIT_DATE":1786716795000}},{"type":"Feature","id":363858,"geometry":{"type":"Point","coordinates":[-122.328505951114,47.6242784225777]},"properties":{"OBJECTID":363858,"COMPKEY":null,"UNITID":"I5MercerRev","OWNERSHIP":"WSDOT","DISTRICT":null,"NAME":"005vc16675.jpg","COMPTYPE":16,"URL":"http://images.wsdot.wa.gov/nw/005vc16675.jpg","LOCATION":"I-5 @ Mercer St, REV","SERVSTAT":"ACTV","SE_ANNO_CAD_DATA":"","STREAM_NAME":null,"GLOBALID":"2dabcb4e-4d0e-4510-9e0c-b449dd49292e","CREATOR":"Transportation_SeattleCityGIS","CREATE_DATE":1786716795000,"EDITOR":"Transportation_SeattleCityGIS","EDIT_DATE":1786716795000}},{"type":"Feature","id":363859,"geometry":{"type":"Point","coordinates":[-122.328487071307,47.6197228175745]},"properties":{"OBJECTID":363859,"COMPKEY":null,"UNITID":"I5JohnRev","OWNERSHIP":"WSDOT","DISTRICT":null,"NAME":"005vc16644.jpg","COMPTYPE":16,"URL":"http://images.wsdot.wa.gov/nw/005vc16644.jpg","LOCATION":"I-5 @ John St, REV","SERVSTAT":"ACTV","SE_ANNO_CAD_DATA":"","STREAM_NAME":null,"GLOBALID":"f3a0e930-8581-4142-b7ee-3805b736ec96","CREATOR":"Transportation_SeattleCityGIS","CREATE_DATE":1786716795000,"EDITOR":"Transportation_SeattleCityGIS","EDIT_DATE":1786716795000}},{"type":"Feature","id":363860,"geometry":{"type":"Point","coordinates":[-122.329357643332,47.6258990099651]},"properties":{"OBJECTID":363860,"COMPKEY":null,"UNITID":"I5MercerNBRamps","OWNERSHIP":"WSDOT","DISTRICT":null,"NAME":"005vc16687.jpg","COMPTYPE":16,"URL":"http://images.wsdot.wa.gov/nw/005vc16687.jpg","LOCATION":"I-5 @ Mercer St NB Ramps","SERVSTAT":"ACTV","SE_ANNO_CAD_DATA":"","STREAM_NAME":null,"GLOBALID":"8e4c5ac4-9143-4f85-ab34-8e27b00b0da3","CREATOR":"Transportation_SeattleCityGIS","CREATE_DATE":1786716795000,"EDITOR":"Transportation_SeattleCityGIS","EDIT_DATE":1786716795000}},{"type":"Feature","id":363861,"geometry":{"type":"Point","coordinates":[-122.322561390708,47.6498191696535]},"properties":{"OBJECTID":363861,"COMPKEY":null,"UNITID":"I5EastlakeRev","OWNERSHIP":"WSDOT","DISTRICT":null,"NAME":"005vc16859.jpg","COMPTYPE":16,"URL":"http://images.wsdot.wa.gov/nw/005vc16859.jpg","LOCATION":"I-5 @ Eastlake Ave, Rev","SERVSTAT":"ACTV","SE_ANNO_CAD_DATA":"","STREAM_NAME":null,"GLOBALID":"33322019-9ed4-4cc0-907a-adcd625e724b","CREATOR":"Transportation_SeattleCityGIS","CREATE_DATE":1786716795000,"EDITOR":"Transportation_SeattleCityGIS","EDIT_DATE":1786716795000}},{"type":"Feature","id":363862,"geometry":{"type":"Point","coordinates":[-122.322600748837,47.6545142967897]},"properties":{"OBJECTID":363862,"COMPKEY":null,"UNITID":"I5SCB","OWNERSHIP":"WSDOT","DISTRICT":null,"NAME":"005vc16887.jpg","COMPTYPE":16,"URL":"http://images.wsdot.wa.gov/nw/005vc16887.jpg","LOCATION":"I-5 @ Ship Canal Bridge","SERVSTAT":"ACTV","SE_ANNO_CAD_DATA":"","STREAM_NAME":null,"GLOBALID":"cac7b317-00cd-4772-8b09-79aa9caad1b7","CREATOR":"Transportation_SeattleCityGIS","CREATE_DATE":1786716795000,"EDITOR":"Transportation_SeattleCityGIS","EDIT_DATE":1786716795000}},{"type":"Feature","id":363863,"geometry":{"type":"Point","coordinates":[-122.320849587654,47.6568207545776]},"properties":{"OBJECTID":363863,"COMPKEY":null,"UNITID":"I5742","OWNERSHIP":"WSDOT","DISTRICT":null,"NAME":"005vc16908.jpg","COMPTYPE":16,"URL":"http://images.wsdot.wa.gov/nw/005vc16907.jpg","LOCATION":"I-5 @ 7th Ave NE @ NE 42nd St","SERVSTAT":"ACTV","SE_ANNO_CAD_DATA":"","STREAM_NAME":null,"GLOBALID":"86466f0b-211a-448c-a7c5-7d6e1980215e","CREATOR":"Transportation_SeattleCityGIS","CREATE_DATE":1786716795000,"EDITOR":"Transportation_SeattleCityGIS","EDIT_DATE":1786716795000}},{"type":"Feature","id":363864,"geometry":{"type":"Point","coordinates":[-122.321724660191,47.6652334370657]},"properties":{"OBJECTID":363864,"COMPKEY":null,"UNITID":"I550","OWNERSHIP":"WSDOT","DISTRICT":null,"NAME":"005vc16965.jpg","COMPTYPE":16,"URL":"http://images.wsdot.wa.gov/nw/005vc16965.jpg","LOCATION":"I-5 @ NE 50th St","SERVSTAT":"ACTV","SE_ANNO_CAD_DATA":"","STREAM_NAME":null,"GLOBALID":"f92adf4a-4d70-49cc-bd96-484d7516fa74","CREATOR":"Transportation_SeattleCityGIS","CREATE_DATE":1786716795000,"EDITOR":"Transportation_SeattleCityGIS","EDIT_DATE":1786716795000}},{"type":"Feature","id":363865,"geometry":{"type":"Point","coordinates":[-122.38676064835,47.5756262511945]},"properties":{"OBJECTID":363865,"COMPKEY":null,"UNITID":"CMR-0252","OWNERSHIP":"SDOT","DISTRICT":null,"NAME":"California_SW_Hanford_NS.jpg","COMPTYPE":16,"URL":"http://www.seattle.gov/trafficcams/images/California_SW_Hanford_NS.jpg","LOCATION":"California Ave SW & SW Hanford St","SERVSTAT":"ACTV","SE_ANNO_CAD_DATA":"","STREAM_NAME":"California_SW_Hanford_NS","GLOBALID":"7cb06137-2b9a-45a5-a962-006e25238495","CREATOR":"Transportation_SeattleCityGIS","CREATE_DATE":1786716795000,"EDITOR":"Transportation_SeattleCityGIS","EDIT_DATE":1786716795000}},{"type":"Feature","id":363866,"geometry":{"type":"Point","coordinates":[-122.334665597537,47.6096854208313]},"properties":{"OBJECTID":363866,"COMPKEY":null,"UNITID":"CMR-0255","OWNERSHIP":"SDOT","DISTRICT":null,"NAME":"5_Union_EW.jpg","COMPTYPE":16,"URL":"http://www.seattle.gov/trafficcams/images/5_Union_EW.jpg","LOCATION":"5th Ave & Union St","SERVSTAT":"ACTV","SE_ANNO_CAD_DATA":"","STREAM_NAME":"5_Union_EW","GLOBALID":"839117da-ae18-49b7-99ea-1e765e2adc45","CREATOR":"Transportation_SeattleCityGIS","CREATE_DATE":1786716795000,"EDITOR":"Transportation_SeattleCityGIS","EDIT_DATE":1786716795000}},{"type":"Feature","id":363867,"geometry":{"type":"Point","coordinates":[-122.334279166002,47.6231624135945]},"properties":{"OBJECTID":363867,"COMPKEY":null,"UNITID":"CMR-0259","OWNERSHIP":"SDOT","DISTRICT":null,"NAME":"Fairview_N_Republican_NS.jpg","COMPTYPE":16,"URL":"http://www.seattle.gov/trafficcams/images/Fairview_N_Republican_NS.jpg","LOCATION":"Fairview Ave N & Republican St","SERVSTAT":"ACTV","SE_ANNO_CAD_DATA":"","STREAM_NAME":"Fairview_N_Republican_NS","GLOBALID":"e9995d72-bd98-4d9d-b8d5-91e9539646e7","CREATOR":"Transportation_SeattleCityGIS","CREATE_DATE":1786716795000,"EDITOR":"Transportation_SeattleCityGIS","EDIT_DATE":1786716795000}},{"type":"Feature","id":363868,"geometry":{"type":"Point","coordinates":[-122.336238433074,47.6046950465344]},"properties":{"OBJECTID":363868,"COMPKEY":null,"UNITID":"CMR-0256","OWNERSHIP":"SDOT","DISTRICT":null,"NAME":"1_Madison_NS.jpg","COMPTYPE":16,"URL":"http://www.seattle.gov/trafficcams/images/1_Madison_NS.jpg","LOCATION":"1st Ave & Madison St","SERVSTAT":"ACTV","SE_ANNO_CAD_DATA":"","STREAM_NAME":"1_Madison_NS","GLOBALID":"368ad7b4-0a8f-4d37-bbab-dac703675e12","CREATOR":"Transportation_SeattleCityGIS","CREATE_DATE":1786716795000,"EDITOR":"Transportation_SeattleCityGIS","EDIT_DATE":1786716795000}},{"type":"Feature","id":363869,"geometry":{"type":"Point","coordinates":[-122.32765971589,47.6008733295707]},"properties":{"OBJECTID":363869,"COMPKEY":null,"UNITID":"CMR-0258","OWNERSHIP":"SDOT","DISTRICT":null,"NAME":"5_S_Washington_NS.jpg","COMPTYPE":16,"URL":"http://www.seattle.gov/trafficcams/images/5_S_Washington_NS.jpg","LOCATION":"5th Ave S & S Washington St","SERVSTAT":"ACTV","SE_ANNO_CAD_DATA":"","STREAM_NAME":"5_S_Washington_NS","GLOBALID":"64410718-de99-4515-b57f-455307caf087","CREATOR":"Transportation_SeattleCityGIS","CREATE_DATE":1786716795000,"EDITOR":"Transportation_SeattleCityGIS","EDIT_DATE":1786716795000}},{"type":"Feature","id":363870,"geometry":{"type":"Point","coordinates":[-122.332519439884,47.6023056011811]},"properties":{"OBJECTID":363870,"COMPKEY":null,"UNITID":"CMR-0265","OWNERSHIP":"SDOT","DISTRICT":null,"NAME":"2_James_EW.jpg","COMPTYPE":16,"URL":"http://www.seattle.gov/trafficcams/images/2_James_EW.jpg","LOCATION":"2nd Ave & James St","SERVSTAT":"ACTV","SE_ANNO_CAD_DATA":"","STREAM_NAME":"2_James_EW","GLOBALID":"d55b7a30-c097-4c24-b310-fe8a7e9e9c77","CREATOR":"Transportation_SeattleCityGIS","CREATE_DATE":1786716795000,"EDITOR":"Transportation_SeattleCityGIS","EDIT_DATE":1786716795000}},{"type":"Feature","id":363871,"geometry":{"type":"Point","coordinates":[-122.336582138075,47.6017175465588]},"properties":{"OBJECTID":363871,"COMPKEY":null,"UNITID":"CMR-0065","OWNERSHIP":"SDOT","DISTRICT":null,"NAME":"Alaskan_Yesler_NS.jpg","COMPTYPE":16,"URL":"http://www.seattle.gov/trafficcams/images/Alaskan_Yesler_NS.jpg","LOCATION":"Alaskan Way & Yesler Way","SERVSTAT":"ACTV","SE_ANNO_CAD_DATA":"","STREAM_NAME":"Alaskan_Yesler_NS","GLOBALID":"a3a0d38a-d53d-4314-90cd-5aa27a74ce65","CREATOR":"Transportation_SeattleCityGIS","CREATE_DATE":1786716795000,"EDITOR":"Transportation_SeattleCityGIS","EDIT_DATE":1786716795000}},{"type":"Feature","id":363872,"geometry":{"type":"Point","coordinates":[-122.307232242404,47.2861230336952]},"properties":{"OBJECTID":363872,"COMPKEY":null,"UNITID":"I5SR18South","OWNERSHIP":"WSDOT","DISTRICT":null,"NAME":"005vc14188.jpg","COMPTYPE":16,"URL":"http://images.wsdot.wa.gov/nw/005vc14188.jpg","LOCATION":"I-5 @ SR 18, South","SERVSTAT":"ACTV","SE_ANNO_CAD_DATA":"","STREAM_NAME":null,"GLOBALID":"1b0ac6c8-d70a-4820-ad72-0182cc992caf","CREATOR":"Transportation_SeattleCityGIS","CREATE_DATE":1786716795000,"EDITOR":"Transportation_SeattleCityGIS","EDIT_DATE":1786716795000}},{"type":"Feature","id":363873,"geometry":{"type":"Point","coordinates":[-122.301714935275,47.3021535798068]},"properties":{"OBJECTID":363873,"COMPKEY":null,"UNITID":"I5333","OWNERSHIP":"WSDOT","DISTRICT":null,"NAME":"005vc14300.jpg","COMPTYPE":16,"URL":"http://images.wsdot.wa.gov/nw/005vc14300.jpg","LOCATION":"I-5 @ S 333rd St","SERVSTAT":"ACTV","SE_ANNO_CAD_DATA":"","STREAM_NAME":null,"GLOBALID":"576c45fa-c3b7-4de9-b640-a565a1a7289b","CREATOR":"Transportation_SeattleCityGIS","CREATE_DATE":1786716795000,"EDITOR":"Transportation_SeattleCityGIS","EDIT_DATE":1786716795000}},{"type":"Feature","id":363874,"geometry":{"type":"Point","coordinates":[-122.329062263647,47.5861701171476]},"properties":{"OBJECTID":363874,"COMPKEY":null,"UNITID":"CMR-0262","OWNERSHIP":"SDOT","DISTRICT":null,"NAME":"4_S_Holgate_NS.jpg","COMPTYPE":16,"URL":"http://www.seattle.gov/trafficcams/images/4_S_Holgate_NS.jpg","LOCATION":"4th Ave S & S Holgate St","SERVSTAT":"ACTV","SE_ANNO_CAD_DATA":"","STREAM_NAME":"4_S_Holgate_NS","GLOBALID":"7365c7a4-09df-4f1b-9f17-ace34d6702b2","CREATOR":"Transportation_SeattleCityGIS","CREATE_DATE":1786716795000,"EDITOR":"Transportation_SeattleCityGIS","EDIT_DATE":1786716795000}},{"type":"Feature","id":363875,"geometry":{"type":"Point","coordinates":[-122.344353398896,47.6132712230353]},"properties":{"OBJECTID":363875,"COMPKEY":null,"UNITID":"CMR-0264","OWNERSHIP":"SDOT","DISTRICT":null,"NAME":"2_Blanchard_NS.jpg","COMPTYPE":16,"URL":"http://www.seattle.gov/trafficcams/images/2_Blanchard_NS.jpg","LOCATION":"2nd Ave & Blanchard St","SERVSTAT":"ACTV","SE_ANNO_CAD_DATA":"","STREAM_NAME":"2_Blanchard_NS","GLOBALID":"73340908-5441-4f44-9c56-d7bcece0a734","CREATOR":"Transportation_SeattleCityGIS","CREATE_DATE":1786716795000,"EDITOR":"Transportation_SeattleCityGIS","EDIT_DATE":1786716795000}},{"type":"Feature","id":363876,"geometry":{"type":"Point","coordinates":[-122.297090284159,47.3138090214069]},"properties":{"OBJECTID":363876,"COMPKEY":null,"UNITID":"I5320","OWNERSHIP":"WSDOT","DISTRICT":null,"NAME":"005vc14379.jpg","COMPTYPE":16,"URL":"http://images.wsdot.wa.gov/nw/005vc14379.jpg","LOCATION":"I-5 @ S 320th St","SERVSTAT":"ACTV","SE_ANNO_CAD_DATA":"","STREAM_NAME":null,"GLOBALID":"82f135c5-01aa-41eb-bbc8-9e0e22d2fefb","CREATOR":"Transportation_SeattleCityGIS","CREATE_DATE":1786716795000,"EDITOR":"Transportation_SeattleCityGIS","EDIT_DATE":1786716795000}},{"type":"Feature","id":363877,"geometry":{"type":"Point","coordinates":[-122.294163317195,47.3259343139983]},"properties":{"OBJECTID":363877,"COMPKEY":null,"UNITID":"I5308","OWNERSHIP":"WSDOT","DISTRICT":null,"NAME":"005vc14460.jpg","COMPTYPE":16,"URL":"http://images.wsdot.wa.gov/nw/005vc14460.jpg","LOCATION":"I-5 @ S 308th St","SERVSTAT":"ACTV","SE_ANNO_CAD_DATA":"","STREAM_NAME":null,"GLOBALID":"4b5db2ee-d9c0-4727-9c6d-e2e771495120","CREATOR":"Transportation_SeattleCityGIS","CREATE_DATE":1786716795000,"EDITOR":"Transportation_SeattleCityGIS","EDIT_DATE":1786716795000}},{"type":"Feature","id":363878,"geometry":{"type":"Point","coordinates":[-122.339768873285,47.6208789307409]},"properties":{"OBJECTID":363878,"COMPKEY":null,"UNITID":"CMR-0266","OWNERSHIP":"SDOT","DISTRICT":null,"NAME":"9_N_Thomas_NS.jpg","COMPTYPE":16,"URL":"http://www.seattle.gov/trafficcams/images/9_N_Thomas_NS.jpg","LOCATION":"9th Ave N & Thomas St","SERVSTAT":"ACTV","SE_ANNO_CAD_DATA":"","STREAM_NAME":"9_N_Thomas_NS","GLOBALID":"d8a874fc-e817-48b2-88cc-ec771a090977","CREATOR":"Transportation_SeattleCityGIS","CREATE_DATE":1786716795000,"EDITOR":"Transportation_SeattleCityGIS","EDIT_DATE":1786716795000}},{"type":"Feature","id":363879,"geometry":{"type":"Point","coordinates":[-122.310131706018,47.2898232406385]},"properties":{"OBJECTID":363879,"COMPKEY":null,"UNITID":"I5SR18West","OWNERSHIP":"WSDOT","DISTRICT":null,"NAME":"005vc14196.jpg","COMPTYPE":16,"URL":"http://images.wsdot.wa.gov/nw/005vc14196.jpg","LOCATION":"I-5 @ SR-18, West","SERVSTAT":"ACTV","SE_ANNO_CAD_DATA":"","STREAM_NAME":null,"GLOBALID":"098edabd-dfb5-4672-9470-9c5cc515f508","CREATOR":"Transportation_SeattleCityGIS","CREATE_DATE":1786716795000,"EDITOR":"Transportation_SeattleCityGIS","EDIT_DATE":1786716795000}},{"type":"Feature","id":363880,"geometry":{"type":"Point","coordinates":[-122.291569114596,47.3806912831438]},"properties":{"OBJECTID":363880,"COMPKEY":null,"UNITID":"I5248","OWNERSHIP":"WSDOT","DISTRICT":null,"NAME":"005vc14844.jpg","COMPTYPE":16,"URL":"http://images.wsdot.wa.gov/nw/005vc14844.jpg","LOCATION":"I-5 @ S 248th St","SERVSTAT":"ACTV","SE_ANNO_CAD_DATA":"","STREAM_NAME":null,"GLOBALID":"1f0a0348-590e-41d4-b731-3b792c40d72c","CREATOR":"Transportation_SeattleCityGIS","CREATE_DATE":1786716795000,"EDITOR":"Transportation_SeattleCityGIS","EDIT_DATE":1786716795000}},{"type":"Feature","id":363881,"geometry":{"type":"Point","coordinates":[-122.287435203446,47.4206211123701]},"properties":{"OBJECTID":363881,"COMPKEY":null,"UNITID":"I5200","OWNERSHIP":"WSDOT","DISTRICT":null,"NAME":"005vc15128.jpg","COMPTYPE":16,"URL":"http://images.wsdot.wa.gov/nw/005vc15128.jpg","LOCATION":"I-5 @ S 200th St","SERVSTAT":"ACTV","SE_ANNO_CAD_DATA":"","STREAM_NAME":null,"GLOBALID":"3a15c496-6054-405a-b62a-50ca70a193df","CREATOR":"Transportation_SeattleCityGIS","CREATE_DATE":1786716795000,"EDITOR":"Transportation_SeattleCityGIS","EDIT_DATE":1786716795000}},{"type":"Feature","id":363882,"geometry":{"type":"Point","coordinates":[-122.295696160808,47.5344112476191]},"properties":{"OBJECTID":363882,"COMPKEY":null,"UNITID":"I5Austin","OWNERSHIP":"WSDOT","DISTRICT":null,"NAME":"005vc16000.jpg","COMPTYPE":16,"URL":"http://images.wsdot.wa.gov/nw/005vc16000.jpg","LOCATION":"I-5 @ S Austin St","SERVSTAT":"ACTV","SE_ANNO_CAD_DATA":"","STREAM_NAME":null,"GLOBALID":"b26daa8a-cf24-423d-8f09-2be88647c284","CREATOR":"Transportation_SeattleCityGIS","CREATE_DATE":1786716795000,"EDITOR":"Transportation_SeattleCityGIS","EDIT_DATE":1786716795000}},{"type":"Feature","id":363883,"geometry":{"type":"Point","coordinates":[-122.289610837845,47.5198260097222]},"properties":{"OBJECTID":363883,"COMPKEY":null,"UNITID":"I5Benefit","OWNERSHIP":"WSDOT","DISTRICT":null,"NAME":"005vc15887.jpg","COMPTYPE":16,"URL":"http://images.wsdot.wa.gov/nw/005vc15997.jpg","LOCATION":"I-5 @ S Benefit St","SERVSTAT":"ACTV","SE_ANNO_CAD_DATA":"","STREAM_NAME":null,"GLOBALID":"6a85f8cb-cb00-4c6e-a0e8-7967c4a40b5a","CREATOR":"Transportation_SeattleCityGIS","CREATE_DATE":1786716795000,"EDITOR":"Transportation_SeattleCityGIS","EDIT_DATE":1786716795000}},{"type":"Feature","id":363884,"geometry":{"type":"Point","coordinates":[-122.264704816468,47.4915267506515]},"properties":{"OBJECTID":363884,"COMPKEY":null,"UNITID":"I5DuwamishRiver","OWNERSHIP":"WSDOT","DISTRICT":null,"NAME":"005vc15664.jpg","COMPTYPE":16,"URL":"http://images.wsdot.wa.gov/nw/005vc15664.jpg","LOCATION":"I-5 @ Duwamish River","SERVSTAT":"ACTV","SE_ANNO_CAD_DATA":"","STREAM_NAME":null,"GLOBALID":"ca570989-72cc-45b5-9f21-a6a2b222c4d9","CREATOR":"Transportation_SeattleCityGIS","CREATE_DATE":1786716795000,"EDITOR":"Transportation_SeattleCityGIS","EDIT_DATE":1786716795000}},{"type":"Feature","id":363885,"geometry":{"type":"Point","coordinates":[-122.272641056292,47.4981826948778]},"properties":{"OBJECTID":363885,"COMPKEY":null,"UNITID":"I5MLKJrWaySouth","OWNERSHIP":"WSDOT","DISTRICT":null,"NAME":"005vc15718.jpg","COMPTYPE":16,"URL":"http://images.wsdot.wa.gov/nw/005vc15718.jpg","LOCATION":"I-5 @ MLK Jr Way, South","SERVSTAT":"ACTV","SE_ANNO_CAD_DATA":"","STREAM_NAME":null,"GLOBALID":"f76d735c-0ea9-479d-8f30-bf96af250730","CREATOR":"Transportation_SeattleCityGIS","CREATE_DATE":1786716795000,"EDITOR":"Transportation_SeattleCityGIS","EDIT_DATE":1786716795000}},{"type":"Feature","id":363886,"geometry":{"type":"Point","coordinates":[-122.273436679126,47.499230737245]},"properties":{"OBJECTID":363886,"COMPKEY":null,"UNITID":"I5MLKJrWayNorth","OWNERSHIP":"WSDOT","DISTRICT":null,"NAME":"005vc15735.jpg","COMPTYPE":16,"URL":"http://images.wsdot.wa.gov/nw/005vc15735.jpg","LOCATION":"I-5 @ MLK Jr Way, North","SERVSTAT":"ACTV","SE_ANNO_CAD_DATA":"","STREAM_NAME":null,"GLOBALID":"b0a597a3-c333-4450-9f03-337cb6154c96","CREATOR":"Transportation_SeattleCityGIS","CREATE_DATE":1786716795000,"EDITOR":"Transportation_SeattleCityGIS","EDIT_DATE":1786716795000}},{"type":"Feature","id":363887,"geometry":{"type":"Point","coordinates":[-122.279552158533,47.5055545235446]},"properties":{"OBJECTID":363887,"COMPKEY":null,"UNITID":"I5BoeingAccRdS","OWNERSHIP":"WSDOT","DISTRICT":null,"NAME":"005vc15785.jpg","COMPTYPE":16,"URL":"http://images.wsdot.wa.gov/nw/005vc15785.jpg","LOCATION":"I-5 @ Boeing Access Rd, South","SERVSTAT":"ACTV","SE_ANNO_CAD_DATA":"","STREAM_NAME":null,"GLOBALID":"a974961b-1195-401e-bb7f-01e238c5adf5","CREATOR":"Transportation_SeattleCityGIS","CREATE_DATE":1786716795000,"EDITOR":"Transportation_SeattleCityGIS","EDIT_DATE":1786716795000}},{"type":"Feature","id":363888,"geometry":{"type":"Point","coordinates":[-122.282192856776,47.5084153304873]},"properties":{"OBJECTID":363888,"COMPKEY":null,"UNITID":"I5BoeingAccRdN","OWNERSHIP":"WSDOT","DISTRICT":null,"NAME":"005vc15805.jpg","COMPTYPE":16,"URL":"http://images.wsdot.wa.gov/nw/005vc15805.jpg","LOCATION":"I-5 @ Boeing Access Rd, North","SERVSTAT":"ACTV","SE_ANNO_CAD_DATA":"","STREAM_NAME":null,"GLOBALID":"f1452773-b85a-4542-a9c0-b60352b2fa7c","CREATOR":"Transportation_SeattleCityGIS","CREATE_DATE":1786716795000,"EDITOR":"Transportation_SeattleCityGIS","EDIT_DATE":1786716795000}},{"type":"Feature","id":363889,"geometry":{"type":"Point","coordinates":[-122.308280090238,47.546263036773]},"properties":{"OBJECTID":363889,"COMPKEY":null,"UNITID":"I5Graham","OWNERSHIP":"WSDOT","DISTRICT":null,"NAME":"005vc16097.jpg","COMPTYPE":16,"URL":"http://images.wsdot.wa.gov/nw/005vc16097.jpg","LOCATION":"I-5 @ S Graham St","SERVSTAT":"ACTV","SE_ANNO_CAD_DATA":"","STREAM_NAME":null,"GLOBALID":"c3bf2259-fd56-422b-aee9-1c5ceccb257e","CREATOR":"Transportation_SeattleCityGIS","CREATE_DATE":1786716795000,"EDITOR":"Transportation_SeattleCityGIS","EDIT_DATE":1786716795000}},{"type":"Feature","id":363890,"geometry":{"type":"Point","coordinates":[-122.32112455743,47.563456646426]},"properties":{"OBJECTID":363890,"COMPKEY":null,"UNITID":"I5Oregon","OWNERSHIP":"WSDOT","DISTRICT":null,"NAME":"005vc16237.jpg","COMPTYPE":16,"URL":"http://images.wsdot.wa.gov/nw/005vc16237.jpg","LOCATION":"I-5 @ S Oregon St","SERVSTAT":"ACTV","SE_ANNO_CAD_DATA":"","STREAM_NAME":null,"GLOBALID":"7a7e0fa5-da42-491b-8a48-4b640aeecc55","CREATOR":"Transportation_SeattleCityGIS","CREATE_DATE":1786716795000,"EDITOR":"Transportation_SeattleCityGIS","EDIT_DATE":1786716795000}},{"type":"Feature","id":363891,"geometry":{"type":"Point","coordinates":[-122.320111898906,47.5570826860225]},"properties":{"OBJECTID":363891,"COMPKEY":null,"UNITID":"I5Hudson","OWNERSHIP":"WSDOT","DISTRICT":null,"NAME":"005vc16195.jpg","COMPTYPE":16,"URL":"http://images.wsdot.wa.gov/nw/005vc16195.jpg","LOCATION":"I-5 @ S Hudson St","SERVSTAT":"ACTV","SE_ANNO_CAD_DATA":"","STREAM_NAME":null,"GLOBALID":"ca108c5f-6332-4fbb-b251-35edffccf48f","CREATOR":"Transportation_SeattleCityGIS","CREATE_DATE":1786716795000,"EDITOR":"Transportation_SeattleCityGIS","EDIT_DATE":1786716795000}},{"type":"Feature","id":363892,"geometry":{"type":"Point","coordinates":[-122.307936698456,47.5469809772069]},"properties":{"OBJECTID":363892,"COMPKEY":null,"UNITID":"I5SwiftRamp","OWNERSHIP":"WSDOT","DISTRICT":null,"NAME":"005vc16103.jpg","COMPTYPE":16,"URL":"http://images.wsdot.wa.gov/nw/005vc16103.jpg","LOCATION":"I-5 @ Swift Ave, NB Ramp","SERVSTAT":"ACTV","SE_ANNO_CAD_DATA":"","STREAM_NAME":null,"GLOBALID":"a52f98e0-f874-479c-86b9-7082b86c5116","CREATOR":"Transportation_SeattleCityGIS","CREATE_DATE":1786716795000,"EDITOR":"Transportation_SeattleCityGIS","EDIT_DATE":1786716795000}},{"type":"Feature","id":363893,"geometry":{"type":"Point","coordinates":[-122.297007681513,47.5351455704822]},"properties":{"OBJECTID":363893,"COMPKEY":null,"UNITID":"I5Webster","OWNERSHIP":"WSDOT","DISTRICT":null,"NAME":"005vc16006.jpg","COMPTYPE":16,"URL":"http://images.wsdot.wa.gov/nw/005vc16006.jpg","LOCATION":"I-5 @ S Webster St","SERVSTAT":"ACTV","SE_ANNO_CAD_DATA":"","STREAM_NAME":null,"GLOBALID":"0ee2d47f-1f5a-4d2e-84e0-46d9791144e0","CREATOR":"Transportation_SeattleCityGIS","CREATE_DATE":1786716795000,"EDITOR":"Transportation_SeattleCityGIS","EDIT_DATE":1786716795000}},{"type":"Feature","id":363894,"geometry":{"type":"Point","coordinates":[-122.311130634868,47.5488855877433]},"properties":{"OBJECTID":363894,"COMPKEY":null,"UNITID":"I5Albro/Swift","OWNERSHIP":"WSDOT","DISTRICT":null,"NAME":"005vc16122.jpg","COMPTYPE":16,"URL":"http://images.wsdot.wa.gov/nw/005vc16122.jpg","LOCATION":"I-5 @ Albro Pl/Swift Ave","SERVSTAT":"ACTV","SE_ANNO_CAD_DATA":"","STREAM_NAME":null,"GLOBALID":"e4580420-26fa-4b55-b11d-576fcddedc01","CREATOR":"Transportation_SeattleCityGIS","CREATE_DATE":1786716795000,"EDITOR":"Transportation_SeattleCityGIS","EDIT_DATE":1786716795000}},{"type":"Feature","id":363895,"geometry":{"type":"Point","coordinates":[-122.31994796308,47.5707672960758]},"properties":{"OBJECTID":363895,"COMPKEY":null,"UNITID":"I5Court","OWNERSHIP":"WSDOT","DISTRICT":null,"NAME":"005vc16287.jpg","COMPTYPE":16,"URL":"http://images.wsdot.wa.gov/nw/005vc16287.jpg","LOCATION":"I-5 @ S Court St","SERVSTAT":"ACTV","SE_ANNO_CAD_DATA":"","STREAM_NAME":null,"GLOBALID":"e6594c78-da01-462b-942b-6defb9d84282","CREATOR":"Transportation_SeattleCityGIS","CREATE_DATE":1786716795000,"EDITOR":"Transportation_SeattleCityGIS","EDIT_DATE":1786716795000}},{"type":"Feature","id":363896,"geometry":{"type":"Point","coordinates":[-122.321538697147,47.5585357432858]},"properties":{"OBJECTID":363896,"COMPKEY":null,"UNITID":"I5Ferdinand","OWNERSHIP":"WSDOT","DISTRICT":null,"NAME":"005vc16204.jpg","COMPTYPE":16,"URL":"http://images.wsdot.wa.gov/nw/005vc16204.jpg","LOCATION":"I-5 @ S Ferdinand St","SERVSTAT":"ACTV","SE_ANNO_CAD_DATA":"","STREAM_NAME":null,"GLOBALID":"2eb3766f-93ae-46d3-98e2-5e72bf84bb5a","CREATOR":"Transportation_SeattleCityGIS","CREATE_DATE":1786716795000,"EDITOR":"Transportation_SeattleCityGIS","EDIT_DATE":1786716795000}},{"type":"Feature","id":363897,"geometry":{"type":"Point","coordinates":[-122.329695072792,47.6069690247871]},"properties":{"OBJECTID":363897,"COMPKEY":null,"UNITID":"I5MarionRev","OWNERSHIP":"WSDOT","DISTRICT":null,"NAME":"005vc16556.jpg","COMPTYPE":16,"URL":"http://images.wsdot.wa.gov/nw/005vc16556.jpg","LOCATION":"I-5 @ Marion St Rev","SERVSTAT":"ACTV","SE_ANNO_CAD_DATA":"","STREAM_NAME":null,"GLOBALID":"f343ff1f-a4c7-4b03-8d73-7efe4ad0b5e6","CREATOR":"Transportation_SeattleCityGIS","CREATE_DATE":1786716795000,"EDITOR":"Transportation_SeattleCityGIS","EDIT_DATE":1786716795000}},{"type":"Feature","id":363898,"geometry":{"type":"Point","coordinates":[-122.319976368226,47.5837355202229]},"properties":{"OBJECTID":363898,"COMPKEY":null,"UNITID":"I5Walker","OWNERSHIP":"WSDOT","DISTRICT":null,"NAME":"005vc16377.jpg","COMPTYPE":16,"URL":"http://images.wsdot.wa.gov/nw/005vc16377.jpg","LOCATION":"I-5 @ S Walker St","SERVSTAT":"ACTV","SE_ANNO_CAD_DATA":"","STREAM_NAME":null,"GLOBALID":"b725be5c-fa6a-4b1e-b794-e37d3a4df864","CREATOR":"Transportation_SeattleCityGIS","CREATE_DATE":1786716795000,"EDITOR":"Transportation_SeattleCityGIS","EDIT_DATE":1786716795000}},{"type":"Feature","id":363899,"geometry":{"type":"Point","coordinates":[-122.34367501624,47.622060831943]},"properties":{"OBJECTID":363899,"COMPKEY":null,"UNITID":"CMR-0236","OWNERSHIP":"SDOT","DISTRICT":null,"NAME":"Aurora_N_Harrison_NS.jpg","COMPTYPE":16,"URL":"http://www.seattle.gov/trafficcams/images/Aurora_N_Harrison_NS.jpg","LOCATION":"Aurora Ave N & Harrison St","SERVSTAT":"ACTV","SE_ANNO_CAD_DATA":"","STREAM_NAME":"Aurora_N_Harrison_NS","GLOBALID":"a929f17c-3000-43c2-810d-2ca8e7fe6ca7","CREATOR":"Transportation_SeattleCityGIS","CREATE_DATE":1786716795000,"EDITOR":"Transportation_SeattleCityGIS","EDIT_DATE":1786716795000}},{"type":"Feature","id":363900,"geometry":{"type":"Point","coordinates":[-122.35551591552,47.714158783064]},"properties":{"OBJECTID":363900,"COMPKEY":null,"UNITID":"CMR-0245","OWNERSHIP":"SDOT","DISTRICT":null,"NAME":"Greenwood_N_117_NS.jpg","COMPTYPE":16,"URL":"http://www.seattle.gov/trafficcams/images/Greenwood_N_117_NS.jpg","LOCATION":"Greenwood Ave N & N 117th St","SERVSTAT":"ACTV","SE_ANNO_CAD_DATA":"","STREAM_NAME":"Greenwood_N_117_NS","GLOBALID":"510dca49-b177-4abc-a10c-6e606ca08485","CREATOR":"Transportation_SeattleCityGIS","CREATE_DATE":1786716795000,"EDITOR":"Transportation_SeattleCityGIS","EDIT_DATE":1786716795000}},{"type":"Feature","id":363901,"geometry":{"type":"Point","coordinates":[-122.355538539534,47.7196013588737]},"properties":{"OBJECTID":363901,"COMPKEY":null,"UNITID":"CMR-0246","OWNERSHIP":"SDOT","DISTRICT":null,"NAME":"Greenwood_N_125_EW.jpg","COMPTYPE":16,"URL":"http://www.seattle.gov/trafficcams/images/Greenwood_N_125_EW.jpg","LOCATION":"Greenwood Ave N & N 125th St","SERVSTAT":"ACTV","SE_ANNO_CAD_DATA":"","STREAM_NAME":"Greenwood_N_125_EW","GLOBALID":"d657e3a2-c08e-40f4-885c-02432b31c989","CREATOR":"Transportation_SeattleCityGIS","CREATE_DATE":1786716795000,"EDITOR":"Transportation_SeattleCityGIS","EDIT_DATE":1786716795000}},{"type":"Feature","id":363902,"geometry":{"type":"Point","coordinates":[-122.386545755425,47.581195342089]},"properties":{"OBJECTID":363902,"COMPKEY":null,"UNITID":"CMR-0251","OWNERSHIP":"SDOT","DISTRICT":null,"NAME":"California_SW_Admiral_NS.jpg","COMPTYPE":16,"URL":"http://www.seattle.gov/trafficcams/images/California_SW_Admiral_NS.jpg","LOCATION":"California Ave SW & SW Admiral Way","SERVSTAT":"ACTV","SE_ANNO_CAD_DATA":"","STREAM_NAME":"California_SW_Admiral_NS","GLOBALID":"b399bbff-754f-4edf-91a9-51953c4042a4","CREATOR":"Transportation_SeattleCityGIS","CREATE_DATE":1786716795000,"EDITOR":"Transportation_SeattleCityGIS","EDIT_DATE":1786716795000}},{"type":"Feature","id":363903,"geometry":{"type":"Point","coordinates":[-122.292863522775,47.6612433055686]},"properties":{"OBJECTID":363903,"COMPKEY":null,"UNITID":"CMR-0133","OWNERSHIP":"SDOT","DISTRICT":null,"NAME":"UnionBay_NE_45_EW.jpg","COMPTYPE":16,"URL":"http://www.seattle.gov/trafficcams/images/UnionBay_NE_45_EW.jpg","LOCATION":"NE 45th St & Union Bay","SERVSTAT":"ACTV","SE_ANNO_CAD_DATA":"","STREAM_NAME":"UnionBay_NE_45_EW","GLOBALID":"3adb4b79-253a-4421-83e0-37712b38998e","CREATOR":"Transportation_SeattleCityGIS","CREATE_DATE":1786716795000,"EDITOR":"Transportation_SeattleCityGIS","EDIT_DATE":1786716795000}},{"type":"Feature","id":363904,"geometry":{"type":"Point","coordinates":[-122.323249663849,47.7077063598746]},"properties":{"OBJECTID":363904,"COMPKEY":544908,"UNITID":"CMR-0052","OWNERSHIP":"SDOT","DISTRICT":"1","NAME":"5_NE_Northgate_NS.jpg","COMPTYPE":16,"URL":"http://www.seattle.gov/trafficcams/images/5_NE_Northgate_NS.jpg","LOCATION":"5th Ave NE & NE Northgate Way NS","SERVSTAT":"ACTV","SE_ANNO_CAD_DATA":"","STREAM_NAME":"5_NE_Northgate_NS","GLOBALID":"1f39f6e7-2ff1-46ef-8c05-eab1892f12e8","CREATOR":"Transportation_SeattleCityGIS","CREATE_DATE":1786716795000,"EDITOR":"Transportation_SeattleCityGIS","EDIT_DATE":1786716795000}},{"type":"Feature","id":363905,"geometry":{"type":"Point","coordinates":[-122.3446941297,47.7050512133528]},"properties":{"OBJECTID":363905,"COMPKEY":544999,"UNITID":"CMR-0071","OWNERSHIP":"SDOT","DISTRICT":"1","NAME":"Aurora_N_105_EW.jpg","COMPTYPE":16,"URL":"http://www.seattle.gov/trafficcams/images/Aurora_N_105_EW.jpg","LOCATION":"Aurora Ave N & N 105th St EW","SERVSTAT":"ACTV","SE_ANNO_CAD_DATA":"","STREAM_NAME":"Aurora_N_105_EW","GLOBALID":"35c4e387-2cd6-4c59-9bf3-d1f149c8430a","CREATOR":"Transportation_SeattleCityGIS","CREATE_DATE":1786716795000,"EDITOR":"Transportation_SeattleCityGIS","EDIT_DATE":1786716795000}},{"type":"Feature","id":363906,"geometry":{"type":"Point","coordinates":[-122.280735285924,47.5370490052391]},"properties":{"OBJECTID":363906,"COMPKEY":null,"UNITID":"CMR-0127","OWNERSHIP":"SDOT","DISTRICT":null,"NAME":"MLK_S_Othello_EW.jpg","COMPTYPE":16,"URL":"http://www.seattle.gov/trafficcams/images/MLK_S_Othello_EW.jpg","LOCATION":"MLK Way & S Othello St EW","SERVSTAT":"ACTV","SE_ANNO_CAD_DATA":"","STREAM_NAME":"MLK_S_Othello_EW","GLOBALID":"110d3c60-b614-4ac5-88d8-5b8c4430a544","CREATOR":"Transportation_SeattleCityGIS","CREATE_DATE":1786716795000,"EDITOR":"Transportation_SeattleCityGIS","EDIT_DATE":1786716795000}},{"type":"Feature","id":363907,"geometry":{"type":"Point","coordinates":[-122.281168320293,47.5371848887796]},"properties":{"OBJECTID":363907,"COMPKEY":null,"UNITID":"CMR-0128","OWNERSHIP":"SDOT","DISTRICT":null,"NAME":"MLK_S_Othello_NS.jpg","COMPTYPE":16,"URL":"http://www.seattle.gov/trafficcams/images/MLK_S_Othello_NS.jpg","LOCATION":"MLK Way S & S Othello St NS","SERVSTAT":"ACTV","SE_ANNO_CAD_DATA":"","STREAM_NAME":"MLK_S_Othello_NS","GLOBALID":"a8848382-c050-49af-a449-6e4af54debec","CREATOR":"Transportation_SeattleCityGIS","CREATE_DATE":1786716795000,"EDITOR":"Transportation_SeattleCityGIS","EDIT_DATE":1786716795000}},{"type":"Feature","id":363908,"geometry":{"type":"Point","coordinates":[-122.302768189985,47.608265721489]},"properties":{"OBJECTID":363908,"COMPKEY":544752,"UNITID":"CMR-0024","OWNERSHIP":"SDOT","DISTRICT":null,"NAME":"23_E_Cherry_NS.jpg","COMPTYPE":16,"URL":"http://www.seattle.gov/trafficcams/images/23_E_Cherry_NS.jpg","LOCATION":"23rd Ave E & E Cherry St NS","SERVSTAT":"ACTV","SE_ANNO_CAD_DATA":"","STREAM_NAME":"23_E_Cherry_NS","GLOBALID":"a772ce0e-1cb4-4c23-a05b-48b666cee98f","CREATOR":"Transportation_SeattleCityGIS","CREATE_DATE":1786716795000,"EDITOR":"Transportation_SeattleCityGIS","EDIT_DATE":1786716795000}},{"type":"Feature","id":363909,"geometry":{"type":"Point","coordinates":[-122.302510541518,47.6080083831889]},"properties":{"OBJECTID":363909,"COMPKEY":544751,"UNITID":"CMR-0023","OWNERSHIP":"SDOT","DISTRICT":null,"NAME":"23_E_Cherry_EW.jpg","COMPTYPE":16,"URL":"http://www.seattle.gov/trafficcams/images/23_E_Cherry_EW.jpg","LOCATION":"23rd Ave E & E Cherry St EW","SERVSTAT":"ACTV","SE_ANNO_CAD_DATA":"","STREAM_NAME":"23_E_Cherry_EW","GLOBALID":"a9860de1-3bb4-44c2-be95-cd2f8465d134","CREATOR":"Transportation_SeattleCityGIS","CREATE_DATE":1786716795000,"EDITOR":"Transportation_SeattleCityGIS","EDIT_DATE":1786716795000}},{"type":"Feature","id":363910,"geometry":{"type":"Point","coordinates":[-122.301822590227,47.5992839354792]},"properties":{"OBJECTID":363910,"COMPKEY":544755,"UNITID":"CMR-0027","OWNERSHIP":"SDOT","DISTRICT":null,"NAME":"23_S_Jackson_EW.jpg","COMPTYPE":16,"URL":"http://www.seattle.gov/trafficcams/images/23_S_Jackson_EW.jpg","LOCATION":"23rd Ave S & S Jackson St","SERVSTAT":"ACTV","SE_ANNO_CAD_DATA":"","STREAM_NAME":"23_S_Jackson_EW","GLOBALID":"757941bc-2da3-46b6-b5ba-d9d4ee5252fb","CREATOR":"Transportation_SeattleCityGIS","CREATE_DATE":1786716795000,"EDITOR":"Transportation_SeattleCityGIS","EDIT_DATE":1786716795000}},{"type":"Feature","id":363911,"geometry":{"type":"Point","coordinates":[-122.302234233625,47.5995592083834]},"properties":{"OBJECTID":363911,"COMPKEY":544756,"UNITID":"CMR-0028","OWNERSHIP":"SDOT","DISTRICT":null,"NAME":"23_S_Jackson_NS.jpg","COMPTYPE":16,"URL":"http://www.seattle.gov/trafficcams/images/23_S_Jackson_NS.jpg","LOCATION":"23rd Ave S & S Jackson St NS","SERVSTAT":"ACTV","SE_ANNO_CAD_DATA":"","STREAM_NAME":"23_S_Jackson_NS","GLOBALID":"bac9d5d9-ef52-4912-94fd-6d95775d5d8a","CREATOR":"Transportation_SeattleCityGIS","CREATE_DATE":1786716795000,"EDITOR":"Transportation_SeattleCityGIS","EDIT_DATE":1786716795000}},{"type":"Feature","id":363912,"geometry":{"type":"Point","coordinates":[-122.320775573514,47.6137792563224]},"properties":{"OBJECTID":363912,"COMPKEY":545623,"UNITID":"CMR-0091","OWNERSHIP":"SDOT","DISTRICT":null,"NAME":"Broadway_E_Pike_NS.jpg","COMPTYPE":16,"URL":"http://www.seattle.gov/trafficcams/images/Broadway_E_Pike_NS.jpg","LOCATION":"Broadway & E Pike St NS","SERVSTAT":"ACTV","SE_ANNO_CAD_DATA":"","STREAM_NAME":"Broadway_E_Pike_NS","GLOBALID":"1d2bf20f-8560-4237-b64d-ccb0e2cbcbc1","CREATOR":"Transportation_SeattleCityGIS","CREATE_DATE":1786716795000,"EDITOR":"Transportation_SeattleCityGIS","EDIT_DATE":1786716795000}},{"type":"Feature","id":363913,"geometry":{"type":"Point","coordinates":[-122.332132652775,47.5341477682514]},"properties":{"OBJECTID":363913,"COMPKEY":null,"UNITID":"SR99Holden","OWNERSHIP":"WSDOT","DISTRICT":null,"NAME":"099vc02605.jpg","COMPTYPE":16,"URL":"http://images.wsdot.wa.gov/nw/099vc02605.jpg","LOCATION":"SR-99 @ S Holden St","SERVSTAT":"ACTV","SE_ANNO_CAD_DATA":"","STREAM_NAME":null,"GLOBALID":"50ad27ed-a6ab-4139-8ca2-3d60b12de9f8","CREATOR":"Transportation_SeattleCityGIS","CREATE_DATE":1786716795000,"EDITOR":"Transportation_SeattleCityGIS","EDIT_DATE":1786716795000}},{"type":"Feature","id":363914,"geometry":{"type":"Point","coordinates":[-122.324292895428,47.5264711256733]},"properties":{"OBJECTID":363914,"COMPKEY":null,"UNITID":"SR99Cloverdale","OWNERSHIP":"WSDOT","DISTRICT":null,"NAME":"099vc02545.jpg","COMPTYPE":16,"URL":"http://images.wsdot.wa.gov/nw/099vc02545.jpg","LOCATION":"SR-99 @ S Cloverdale St","SERVSTAT":"ACTV","SE_ANNO_CAD_DATA":"","STREAM_NAME":null,"GLOBALID":"545a2447-445f-4229-b753-060684c560ab","CREATOR":"Transportation_SeattleCityGIS","CREATE_DATE":1786716795000,"EDITOR":"Transportation_SeattleCityGIS","EDIT_DATE":1786716795000}},{"type":"Feature","id":363915,"geometry":{"type":"Point","coordinates":[-122.333752432978,47.5266733806719]},"properties":{"OBJECTID":363915,"COMPKEY":null,"UNITID":"SR509Cloverdale","OWNERSHIP":"WSDOT","DISTRICT":null,"NAME":"509vc02956.jpg","COMPTYPE":16,"URL":"http://images.wsdot.wa.gov/nw/509vc02956.jpg","LOCATION":"SR-509 @ S Cloverdale St","SERVSTAT":"ACTV","SE_ANNO_CAD_DATA":"","STREAM_NAME":null,"GLOBALID":"999b23c8-ecde-4d2a-955c-4d1f01728cdd","CREATOR":"Transportation_SeattleCityGIS","CREATE_DATE":1786716795000,"EDITOR":"Transportation_SeattleCityGIS","EDIT_DATE":1786716795000}},{"type":"Feature","id":363916,"geometry":{"type":"Point","coordinates":[-122.316446707279,47.5198199289094]},"properties":{"OBJECTID":363916,"COMPKEY":null,"UNITID":"SR99DesMoines","OWNERSHIP":"WSDOT","DISTRICT":null,"NAME":"099vc02481.jpg","COMPTYPE":16,"URL":"http://images.wsdot.wa.gov/nw/099vc02481.jpg","LOCATION":"SR-99 @ Des Moines Mem Drive","SERVSTAT":"ACTV","SE_ANNO_CAD_DATA":"","STREAM_NAME":null,"GLOBALID":"398c5415-a2a5-45fe-97b9-28d57ff29430","CREATOR":"Transportation_SeattleCityGIS","CREATE_DATE":1786716795000,"EDITOR":"Transportation_SeattleCityGIS","EDIT_DATE":1786716795000}},{"type":"Feature","id":363917,"geometry":{"type":"Point","coordinates":[-122.301994083589,47.5086817634708]},"properties":{"OBJECTID":363917,"COMPKEY":null,"UNITID":"SR99102","OWNERSHIP":"WSDOT","DISTRICT":null,"NAME":"099vc02375.jpg","COMPTYPE":16,"URL":"http://images.wsdot.wa.gov/nw/099vc02375.jpg","LOCATION":"SR-99 @ S102nd St","SERVSTAT":"ACTV","SE_ANNO_CAD_DATA":"","STREAM_NAME":null,"GLOBALID":"2928158d-c1b0-4043-b153-c426c8c608be","CREATOR":"Transportation_SeattleCityGIS","CREATE_DATE":1786716795000,"EDITOR":"Transportation_SeattleCityGIS","EDIT_DATE":1786716795000}},{"type":"Feature","id":363918,"geometry":{"type":"Point","coordinates":[-122.297332034436,47.5000197182044]},"properties":{"OBJECTID":363918,"COMPKEY":null,"UNITID":"SR99SR599","OWNERSHIP":"WSDOT","DISTRICT":null,"NAME":"099vc02308.jpg","COMPTYPE":16,"URL":"http://images.wsdot.wa.gov/nw/099vc02308.jpg","LOCATION":"SR-99 @ SR-599","SERVSTAT":"ACTV","SE_ANNO_CAD_DATA":"","STREAM_NAME":null,"GLOBALID":"cc2f9e7c-78e6-4751-92e8-a05b6bd21f1d","CREATOR":"Transportation_SeattleCityGIS","CREATE_DATE":1786716795000,"EDITOR":"Transportation_SeattleCityGIS","EDIT_DATE":1786716795000}},{"type":"Feature","id":363919,"geometry":{"type":"Point","coordinates":[-122.287017526458,47.4975986064949]},"properties":{"OBJECTID":363919,"COMPKEY":null,"UNITID":"SR599EMarg","OWNERSHIP":"WSDOT","DISTRICT":null,"NAME":"599vc00141.jpg","COMPTYPE":16,"URL":"http://images.wsdot.wa.gov/nw/599vc00141.jpg","LOCATION":"SR-599 @ Marginal Way","SERVSTAT":"ACTV","SE_ANNO_CAD_DATA":"","STREAM_NAME":null,"GLOBALID":"cdd551cb-3088-464f-96a3-3622a01b00ee","CREATOR":"Transportation_SeattleCityGIS","CREATE_DATE":1786716795000,"EDITOR":"Transportation_SeattleCityGIS","EDIT_DATE":1786716795000}},{"type":"Feature","id":363920,"geometry":{"type":"Point","coordinates":[-122.275831183024,47.486020016853]},"properties":{"OBJECTID":363920,"COMPKEY":null,"UNITID":"SR599133","OWNERSHIP":"WSDOT","DISTRICT":null,"NAME":"599vc00041.jpg","COMPTYPE":16,"URL":"http://images.wsdot.wa.gov/nw/599vc00041.jpg","LOCATION":"SR-599 @ S 133rd St","SERVSTAT":"ACTV","SE_ANNO_CAD_DATA":"","STREAM_NAME":null,"GLOBALID":"2484f34d-8c21-4f14-ba70-c841ee1a1017","CREATOR":"Transportation_SeattleCityGIS","CREATE_DATE":1786716795000,"EDITOR":"Transportation_SeattleCityGIS","EDIT_DATE":1786716795000}},{"type":"Feature","id":363921,"geometry":{"type":"Point","coordinates":[-122.276632499612,47.4656229235694]},"properties":{"OBJECTID":363921,"COMPKEY":null,"UNITID":"SR51846","OWNERSHIP":"WSDOT","DISTRICT":null,"NAME":"518vc00322.jpg","COMPTYPE":16,"URL":"http://images.wsdot.wa.gov/nw/518vc00322.jpg","LOCATION":"SR-518 @ 46th Ave S","SERVSTAT":"ACTV","SE_ANNO_CAD_DATA":"","STREAM_NAME":null,"GLOBALID":"1e465246-2c89-4e75-844d-ded5b85835e4","CREATOR":"Transportation_SeattleCityGIS","CREATE_DATE":1786716795000,"EDITOR":"Transportation_SeattleCityGIS","EDIT_DATE":1786716795000}},{"type":"Feature","id":363922,"geometry":{"type":"Point","coordinates":[-122.285131882053,47.4630212269438]},"properties":{"OBJECTID":363922,"COMPKEY":null,"UNITID":"SR518SR99","OWNERSHIP":"WSDOT","DISTRICT":null,"NAME":"518vc00252.jpg","COMPTYPE":16,"URL":"http://images.wsdot.wa.gov/nw/518vc00252.jpg","LOCATION":"SR-518 @ SR-99","SERVSTAT":"ACTV","SE_ANNO_CAD_DATA":"","STREAM_NAME":null,"GLOBALID":"1f1a4d39-90fc-4e5c-bdc1-936123eb01e7","CREATOR":"Transportation_SeattleCityGIS","CREATE_DATE":1786716795000,"EDITOR":"Transportation_SeattleCityGIS","EDIT_DATE":1786716795000}},{"type":"Feature","id":363923,"geometry":{"type":"Point","coordinates":[-122.300173341988,47.4654020692153]},"properties":{"OBJECTID":363923,"COMPKEY":null,"UNITID":"SR518154","OWNERSHIP":"WSDOT","DISTRICT":null,"NAME":"518vc00162.jpg","COMPTYPE":16,"URL":"http://images.wsdot.wa.gov/nw/518vc00162.jpg","LOCATION":"SR-518 @ S 154th St","SERVSTAT":"ACTV","SE_ANNO_CAD_DATA":"","STREAM_NAME":null,"GLOBALID":"406646bd-8355-4883-a11c-a8aa82029249","CREATOR":"Transportation_SeattleCityGIS","CREATE_DATE":1786716795000,"EDITOR":"Transportation_SeattleCityGIS","EDIT_DATE":1786716795000}},{"type":"Feature","id":363924,"geometry":{"type":"Point","coordinates":[-122.295134030009,47.4637230741887]},"properties":{"OBJECTID":363924,"COMPKEY":null,"UNITID":"SR518Airport","OWNERSHIP":"WSDOT","DISTRICT":null,"NAME":"518vc00228.jpg","COMPTYPE":16,"URL":"http://images.wsdot.wa.gov/nw/518vc00228.jpg","LOCATION":"SR-518 @ Airport Drive","SERVSTAT":"ACTV","SE_ANNO_CAD_DATA":"","STREAM_NAME":null,"GLOBALID":"94d4f814-d0da-4f02-96b5-308b28ad6435","CREATOR":"Transportation_SeattleCityGIS","CREATE_DATE":1786716795000,"EDITOR":"Transportation_SeattleCityGIS","EDIT_DATE":1786716795000}},{"type":"Feature","id":363925,"geometry":{"type":"Point","coordinates":[-122.306034730549,47.2898232833088]},"properties":{"OBJECTID":363925,"COMPKEY":null,"UNITID":"I5SR18","OWNERSHIP":"WSDOT","DISTRICT":null,"NAME":"005vc14205.jpg","COMPTYPE":16,"URL":"http://images.wsdot.wa.gov/nw/005vc14205.jpg","LOCATION":"I-5 & SR-18","SERVSTAT":"ACTV","SE_ANNO_CAD_DATA":"","STREAM_NAME":null,"GLOBALID":"e81de2c8-88cc-456b-a28b-97a8bc4ba1c0","CREATOR":"Transportation_SeattleCityGIS","CREATE_DATE":1786716795000,"EDITOR":"Transportation_SeattleCityGIS","EDIT_DATE":1786716795000}},{"type":"Feature","id":363926,"geometry":{"type":"Point","coordinates":[-122.29563588696,47.3179222939143]},"properties":{"OBJECTID":363926,"COMPKEY":null,"UNITID":"I5317","OWNERSHIP":"WSDOT","DISTRICT":null,"NAME":"005vc14400.jpg","COMPTYPE":16,"URL":"http://images.wsdot.wa.gov/nw/005vc14400.jpg","LOCATION":"I-5 @ S 317th St","SERVSTAT":"ACTV","SE_ANNO_CAD_DATA":"","STREAM_NAME":null,"GLOBALID":"d8a4d21e-0a08-422e-add6-b8dfe2f56bd8","CREATOR":"Transportation_SeattleCityGIS","CREATE_DATE":1786716795000,"EDITOR":"Transportation_SeattleCityGIS","EDIT_DATE":1786716795000}},{"type":"Feature","id":363927,"geometry":{"type":"Point","coordinates":[-122.292935181496,47.3433204258684]},"properties":{"OBJECTID":363927,"COMPKEY":null,"UNITID":"I5288","OWNERSHIP":"WSDOT","DISTRICT":null,"NAME":"005vc14605.jpg","COMPTYPE":16,"URL":"http://images.wsdot.wa.gov/nw/005vc14605.jpg","LOCATION":"I-5 @ S 288th St","SERVSTAT":"ACTV","SE_ANNO_CAD_DATA":"","STREAM_NAME":null,"GLOBALID":"28300623-2bde-497e-bf44-4fcdf3fbb2b1","CREATOR":"Transportation_SeattleCityGIS","CREATE_DATE":1786716795000,"EDITOR":"Transportation_SeattleCityGIS","EDIT_DATE":1786716795000}},{"type":"Feature","id":363928,"geometry":{"type":"Point","coordinates":[-122.296834175668,47.3577208226419]},"properties":{"OBJECTID":363928,"COMPKEY":null,"UNITID":"I5272","OWNERSHIP":"WSDOT","DISTRICT":null,"NAME":"005vc14683.jpg","COMPTYPE":16,"URL":"http://images.wsdot.wa.gov/nw/005vc14683.jpg","LOCATION":"I-5 @ S 272nd St","SERVSTAT":"ACTV","SE_ANNO_CAD_DATA":"","STREAM_NAME":null,"GLOBALID":"6f17027b-9959-45f6-9079-0705bf2d6a96","CREATOR":"Transportation_SeattleCityGIS","CREATE_DATE":1786716795000,"EDITOR":"Transportation_SeattleCityGIS","EDIT_DATE":1786716795000}},{"type":"Feature","id":363929,"geometry":{"type":"Point","coordinates":[-122.293835973179,47.3694204582777]},"properties":{"OBJECTID":363929,"COMPKEY":null,"UNITID":"I5260","OWNERSHIP":"WSDOT","DISTRICT":null,"NAME":"005vc14772.jpg","COMPTYPE":16,"URL":"http://images.wsdot.wa.gov/nw/005vc14772.jpg","LOCATION":"I-5 @ S 260th St","SERVSTAT":"ACTV","SE_ANNO_CAD_DATA":"","STREAM_NAME":null,"GLOBALID":"2d811d45-fd01-4986-b93d-e2d1a7db5e04","CREATOR":"Transportation_SeattleCityGIS","CREATE_DATE":1786716795000,"EDITOR":"Transportation_SeattleCityGIS","EDIT_DATE":1786716795000}},{"type":"Feature","id":363930,"geometry":{"type":"Point","coordinates":[-122.290937077182,47.3914235362716]},"properties":{"OBJECTID":363930,"COMPKEY":null,"UNITID":"I5SR516","OWNERSHIP":"WSDOT","DISTRICT":null,"NAME":"005vc14918.jpg","COMPTYPE":16,"URL":"http://images.wsdot.wa.gov/nw/005vc14918.jpg","LOCATION":"I-5 & SR-516","SERVSTAT":"ACTV","SE_ANNO_CAD_DATA":"","STREAM_NAME":null,"GLOBALID":"9803221e-5a5e-432b-9516-df7beb973e64","CREATOR":"Transportation_SeattleCityGIS","CREATE_DATE":1786716795000,"EDITOR":"Transportation_SeattleCityGIS","EDIT_DATE":1786716795000}},{"type":"Feature","id":363931,"geometry":{"type":"Point","coordinates":[-122.292630959925,47.4083225169617]},"properties":{"OBJECTID":363931,"COMPKEY":null,"UNITID":"I5216","OWNERSHIP":"WSDOT","DISTRICT":null,"NAME":"005vc15036.jpg","COMPTYPE":16,"URL":"http://images.wsdot.wa.gov/nw/005vc15036.jpg","LOCATION":"I-5 @ S 216th St","SERVSTAT":"ACTV","SE_ANNO_CAD_DATA":"","STREAM_NAME":null,"GLOBALID":"1a292918-6913-41db-9232-10f7c92f6f22","CREATOR":"Transportation_SeattleCityGIS","CREATE_DATE":1786716795000,"EDITOR":"Transportation_SeattleCityGIS","EDIT_DATE":1786716795000}},{"type":"Feature","id":363932,"geometry":{"type":"Point","coordinates":[-122.271130821202,47.4322216616774]},"properties":{"OBJECTID":363932,"COMPKEY":null,"UNITID":"I5188","OWNERSHIP":"WSDOT","DISTRICT":null,"NAME":"005vc15230.jpg","COMPTYPE":16,"URL":"http://images.wsdot.wa.gov/nw/005vc15230.jpg","LOCATION":"I-5 @ S 188th St","SERVSTAT":"ACTV","SE_ANNO_CAD_DATA":"","STREAM_NAME":null,"GLOBALID":"063ac6b6-029f-43d4-800f-eaf3bc8c4a3f","CREATOR":"Transportation_SeattleCityGIS","CREATE_DATE":1786716795000,"EDITOR":"Transportation_SeattleCityGIS","EDIT_DATE":1786716795000}},{"type":"Feature","id":363933,"geometry":{"type":"Point","coordinates":[-122.268132608729,47.4436237498474]},"properties":{"OBJECTID":363933,"COMPKEY":null,"UNITID":"I5178","OWNERSHIP":"WSDOT","DISTRICT":null,"NAME":"005vc15315.jpg","COMPTYPE":16,"URL":"http://images.wsdot.wa.gov/nw/005vc15315.jpg","LOCATION":"I-5 @ S 178th St","SERVSTAT":"ACTV","SE_ANNO_CAD_DATA":"","STREAM_NAME":null,"GLOBALID":"8d9d580c-c07b-402e-82e8-0450db697266","CREATOR":"Transportation_SeattleCityGIS","CREATE_DATE":1786716795000,"EDITOR":"Transportation_SeattleCityGIS","EDIT_DATE":1786716795000}},{"type":"Feature","id":363934,"geometry":{"type":"Point","coordinates":[-122.264630948064,47.4617206039714]},"properties":{"OBJECTID":363934,"COMPKEY":null,"UNITID":"I5SR518","OWNERSHIP":"WSDOT","DISTRICT":null,"NAME":"005vc15452.jpg","COMPTYPE":16,"URL":"http://images.wsdot.wa.gov/nw/005vc15452.jpg","LOCATION":"I-5 @ SR-518","SERVSTAT":"ACTV","SE_ANNO_CAD_DATA":"","STREAM_NAME":null,"GLOBALID":"7518856d-e7f9-4c8f-9f0e-55dae1061c71","CREATOR":"Transportation_SeattleCityGIS","CREATE_DATE":1786716795000,"EDITOR":"Transportation_SeattleCityGIS","EDIT_DATE":1786716795000}},{"type":"Feature","id":363935,"geometry":{"type":"Point","coordinates":[-122.263999999317,47.4570999985959]},"properties":{"OBJECTID":363935,"COMPKEY":null,"UNITID":"I5Klickitat","OWNERSHIP":"WSDOT","DISTRICT":null,"NAME":"005vc15410.jpg","COMPTYPE":16,"URL":"http://images.wsdot.wa.gov/nw/005vc15410.jpg","LOCATION":"I-5 @ Klickitat Drive","SERVSTAT":"ACTV","SE_ANNO_CAD_DATA":"","STREAM_NAME":null,"GLOBALID":"3534cf6c-7621-49f1-9f03-0d311c47398c","CREATOR":"Transportation_SeattleCityGIS","CREATE_DATE":1786716795000,"EDITOR":"Transportation_SeattleCityGIS","EDIT_DATE":1786716795000}},{"type":"Feature","id":363936,"geometry":{"type":"Point","coordinates":[-122.265999999467,47.4648999988045]},"properties":{"OBJECTID":363936,"COMPKEY":null,"UNITID":"I5Southcenter","OWNERSHIP":"WSDOT","DISTRICT":null,"NAME":"005vc15453.jpg","COMPTYPE":16,"URL":"http://images.wsdot.wa.gov/nw/005vc15453.jpg","LOCATION":"I-5 @ Southcenter","SERVSTAT":"ACTV","SE_ANNO_CAD_DATA":"","STREAM_NAME":null,"GLOBALID":"ecb18487-2c9a-4465-85c1-498ee53d0a3a","CREATOR":"Transportation_SeattleCityGIS","CREATE_DATE":1786716795000,"EDITOR":"Transportation_SeattleCityGIS","EDIT_DATE":1786716795000}},{"type":"Feature","id":363937,"geometry":{"type":"Point","coordinates":[-122.270999999993,47.4830999994015]},"properties":{"OBJECTID":363937,"COMPKEY":null,"UNITID":"I5SR599","OWNERSHIP":"WSDOT","DISTRICT":null,"NAME":"005vc15591.jpg","COMPTYPE":16,"URL":"http://images.wsdot.wa.gov/nw/005vc15591.jpg","LOCATION":"I-5 @ SR-599","SERVSTAT":"ACTV","SE_ANNO_CAD_DATA":"","STREAM_NAME":null,"GLOBALID":"fae1e142-7588-47ba-9e3b-4dca518f3116","CREATOR":"Transportation_SeattleCityGIS","CREATE_DATE":1786716795000,"EDITOR":"Transportation_SeattleCityGIS","EDIT_DATE":1786716795000}},{"type":"Feature","id":363938,"geometry":{"type":"Point","coordinates":[-122.270000000368,47.4744999986756]},"properties":{"OBJECTID":363938,"COMPKEY":null,"UNITID":"I5144","OWNERSHIP":"WSDOT","DISTRICT":null,"NAME":"005vc15531.jpg","COMPTYPE":16,"URL":"http://images.wsdot.wa.gov/nw/005vc15531.jpg","LOCATION":"I-5 @ S 144th St","SERVSTAT":"ACTV","SE_ANNO_CAD_DATA":"","STREAM_NAME":null,"GLOBALID":"92a40ec1-3b0d-4c56-b2a5-824b2c014e0f","CREATOR":"Transportation_SeattleCityGIS","CREATE_DATE":1786716795000,"EDITOR":"Transportation_SeattleCityGIS","EDIT_DATE":1786716795000}},{"type":"Feature","id":363939,"geometry":{"type":"Point","coordinates":[-122.347158115657,47.6429973961781]},"properties":{"OBJECTID":363939,"COMPKEY":null,"UNITID":"SR99Raye","OWNERSHIP":"WSDOT","DISTRICT":null,"NAME":"099vc03415.jpg","COMPTYPE":16,"URL":"http://images.wsdot.wa.gov/nw/099vc03415.jpg","LOCATION":"SR-99 @ Raye St","SERVSTAT":"ACTV","SE_ANNO_CAD_DATA":"","STREAM_NAME":null,"GLOBALID":"3b8329e4-00c3-4040-bb17-053aad1d3976","CREATOR":"Transportation_SeattleCityGIS","CREATE_DATE":1786716795000,"EDITOR":"Transportation_SeattleCityGIS","EDIT_DATE":1786716795000}},{"type":"Feature","id":363940,"geometry":{"type":"Point","coordinates":[-122.34366575399,47.623229520512]},"properties":{"OBJECTID":363940,"COMPKEY":null,"UNITID":"SR99Republican","OWNERSHIP":"WSDOT","DISTRICT":null,"NAME":"099vc03275.jpg","COMPTYPE":16,"URL":"http://images.wsdot.wa.gov/nw/099vc03275.jpg","LOCATION":"SR-99 @ Republican St","SERVSTAT":"ACTV","SE_ANNO_CAD_DATA":"","STREAM_NAME":null,"GLOBALID":"22fc55e9-5827-4fc2-a1dc-5c66ae5a9552","CREATOR":"Transportation_SeattleCityGIS","CREATE_DATE":1786716795000,"EDITOR":"Transportation_SeattleCityGIS","EDIT_DATE":1786716795000}},{"type":"Feature","id":363941,"geometry":{"type":"Point","coordinates":[-122.318191908163,47.6824903566694]},"properties":{"OBJECTID":363941,"COMPKEY":null,"UNITID":"SR522Roosevelt","OWNERSHIP":"WSDOT","DISTRICT":null,"NAME":"522vc00048.jpg","COMPTYPE":16,"URL":"http://images.wsdot.wa.gov/nw/522vc00048.jpg","LOCATION":"SR-522 & Roosevelt Tunnel","SERVSTAT":"ACTV","SE_ANNO_CAD_DATA":"","STREAM_NAME":null,"GLOBALID":"7b92b38a-0acb-4170-a99d-e0e090b701a9","CREATOR":"Transportation_SeattleCityGIS","CREATE_DATE":1786716795000,"EDITOR":"Transportation_SeattleCityGIS","EDIT_DATE":1786716795000}},{"type":"Feature","id":363942,"geometry":{"type":"Point","coordinates":[-122.32615321946,47.5462500023134]},"properties":{"OBJECTID":363942,"COMPKEY":null,"UNITID":"CMR-0244","OWNERSHIP":"SDOT","DISTRICT":null,"NAME":"6_S_Michigan_EW.jpg","COMPTYPE":16,"URL":"http://www.seattle.gov/trafficcams/images/6_S_Michigan_EW.jpg","LOCATION":"6th Ave S & S Michigan St","SERVSTAT":"ACTV","SE_ANNO_CAD_DATA":"","STREAM_NAME":"6_S_Michigan_EW","GLOBALID":"df6dc00a-7a3d-4768-acee-4458e107a4f3","CREATOR":"Transportation_SeattleCityGIS","CREATE_DATE":1786716795000,"EDITOR":"Transportation_SeattleCityGIS","EDIT_DATE":1786716795000}},{"type":"Feature","id":363943,"geometry":{"type":"Point","coordinates":[-122.334213717664,47.557412442863]},"properties":{"OBJECTID":363943,"COMPKEY":null,"UNITID":"CMR-0243","OWNERSHIP":"SDOT","DISTRICT":null,"NAME":"1_S_Hudson_NS.jpg","COMPTYPE":16,"URL":"http://www.seattle.gov/trafficcams/images/1_S_Hudson_NS.jpg","LOCATION":"1st Ave S & S Hudson St","SERVSTAT":"ACTV","SE_ANNO_CAD_DATA":"","STREAM_NAME":"1_S_Hudson_NS","GLOBALID":"b93c259c-09b3-4344-b35b-66e8ee2cb7d8","CREATOR":"Transportation_SeattleCityGIS","CREATE_DATE":1786716795000,"EDITOR":"Transportation_SeattleCityGIS","EDIT_DATE":1786716795000}},{"type":"Feature","id":363944,"geometry":{"type":"Point","coordinates":[-122.346797387495,47.7232154234696]},"properties":{"OBJECTID":363944,"COMPKEY":545005,"UNITID":"CMR-0073","OWNERSHIP":"SDOT","DISTRICT":"1","NAME":"Aurora_N_130_EW.jpg","COMPTYPE":16,"URL":"http://www.seattle.gov/trafficcams/images/Aurora_N_130_EW.jpg","LOCATION":"Aurora Ave N & N 130th St EW","SERVSTAT":"ACTV","SE_ANNO_CAD_DATA":"","STREAM_NAME":"Aurora_N_130_EW","GLOBALID":"eb62af85-afdf-4ec6-8e87-f70184ca6f3a","CREATOR":"Transportation_SeattleCityGIS","CREATE_DATE":1786716795000,"EDITOR":"Transportation_SeattleCityGIS","EDIT_DATE":1786716795000}},{"type":"Feature","id":363945,"geometry":{"type":"Point","coordinates":[-122.302427170731,47.6043269605498]},"properties":{"OBJECTID":363945,"COMPKEY":null,"UNITID":"CMR-0242","OWNERSHIP":"SDOT","DISTRICT":null,"NAME":"23_Alder_NS.jpg","COMPTYPE":16,"URL":"http://www.seattle.gov/trafficcams/images/23_Alder_NS.jpg","LOCATION":"23rd Ave & E Alder St","SERVSTAT":"ACTV","SE_ANNO_CAD_DATA":"","STREAM_NAME":"23_Alder_NS","GLOBALID":"0748208b-efa7-436b-8ba6-7ea36b5285dd","CREATOR":"Transportation_SeattleCityGIS","CREATE_DATE":1786716795000,"EDITOR":"Transportation_SeattleCityGIS","EDIT_DATE":1786716795000}},{"type":"Feature","id":363946,"geometry":{"type":"Point","coordinates":[-122.370655014801,47.571788584878]},"properties":{"OBJECTID":363946,"COMPKEY":null,"UNITID":"CMR-0230","OWNERSHIP":"SDOT","DISTRICT":null,"NAME":"Harbor_SW_Spokane_EW.jpg","COMPTYPE":16,"URL":"http://www.seattle.gov/trafficcams/images/Harbor_SW_Spokane_EW.jpg","LOCATION":"Harbor Ave SW & S Spokane St","SERVSTAT":"ACTV","SE_ANNO_CAD_DATA":"","STREAM_NAME":"Harbor_SW_Spokane_EW","GLOBALID":"20b89a11-49c1-443c-8eaa-991194a71b7f","CREATOR":"Transportation_SeattleCityGIS","CREATE_DATE":1786716795000,"EDITOR":"Transportation_SeattleCityGIS","EDIT_DATE":1786716795000}},{"type":"Feature","id":363947,"geometry":{"type":"Point","coordinates":[-122.334193716667,47.5713925746739]},"properties":{"OBJECTID":363947,"COMPKEY":null,"UNITID":"CMR-0231","OWNERSHIP":"SDOT","DISTRICT":null,"NAME":"1_S_Spokane_NS.jpg","COMPTYPE":16,"URL":"http://www.seattle.gov/trafficcams/images/1_S_Spokane_NS.jpg","LOCATION":"1st Ave S & S Spokane St NS","SERVSTAT":"ACTV","SE_ANNO_CAD_DATA":"","STREAM_NAME":"1_S_Spokane_NS","GLOBALID":"a79895d3-2989-4b26-9cc7-23e35e0aa241","CREATOR":"Transportation_SeattleCityGIS","CREATE_DATE":1786716795000,"EDITOR":"Transportation_SeattleCityGIS","EDIT_DATE":1786716795000}},{"type":"Feature","id":363948,"geometry":{"type":"Point","coordinates":[-122.329077497112,47.5714208655884]},"properties":{"OBJECTID":363948,"COMPKEY":null,"UNITID":"CMR-0232","OWNERSHIP":"SDOT","DISTRICT":null,"NAME":"4_S_Spokane_NS.jpg","COMPTYPE":16,"URL":"http://www.seattle.gov/trafficcams/images/4_S_Spokane_NS.jpg","LOCATION":"4th Ave S & S Spokane St NS","SERVSTAT":"ACTV","SE_ANNO_CAD_DATA":"","STREAM_NAME":"4_S_Spokane_NS","GLOBALID":"c9df82f3-d345-49b8-8da9-4c36473f2e8d","CREATOR":"Transportation_SeattleCityGIS","CREATE_DATE":1786716795000,"EDITOR":"Transportation_SeattleCityGIS","EDIT_DATE":1786716795000}},{"type":"Feature","id":363949,"geometry":{"type":"Point","coordinates":[-122.339680068598,47.5717003265275]},"properties":{"OBJECTID":363949,"COMPKEY":null,"UNITID":"CMR-0233","OWNERSHIP":"SDOT","DISTRICT":null,"NAME":"EMarg_S_Spokane_EW.jpg","COMPTYPE":16,"URL":"http://www.seattle.gov/trafficcams/images/EMarg_S_Spokane_EW.jpg","LOCATION":"E Marginal Way S & S Spokane St","SERVSTAT":"ACTV","SE_ANNO_CAD_DATA":"","STREAM_NAME":"EMarg_S_Spokane_EW","GLOBALID":"747f109d-1144-46bf-aa62-da91b83602e3","CREATOR":"Transportation_SeattleCityGIS","CREATE_DATE":1786716795000,"EDITOR":"Transportation_SeattleCityGIS","EDIT_DATE":1786716795000}},{"type":"Feature","id":363950,"geometry":{"type":"Point","coordinates":[-122.288112064519,47.5136075959086]},"properties":{"OBJECTID":363950,"COMPKEY":544988,"UNITID":"CMR-0063","OWNERSHIP":"SDOT","DISTRICT":null,"NAME":"Airport_S_Norfolk_NS.jpg","COMPTYPE":16,"URL":"http://www.seattle.gov/trafficcams/images/Airport_S_Norfolk_NS.jpg","LOCATION":"Airport Way S & S Norfolk St","SERVSTAT":"ACTV","SE_ANNO_CAD_DATA":"","STREAM_NAME":"Airport_S_Norfolk_NS","GLOBALID":"9b18a579-10f0-4767-9fa9-298689abf028","CREATOR":"Transportation_SeattleCityGIS","CREATE_DATE":1786716795000,"EDITOR":"Transportation_SeattleCityGIS","EDIT_DATE":1786716795000}},{"type":"Feature","id":363951,"geometry":{"type":"Point","coordinates":[-122.31319753256,47.5342672535645]},"properties":{"OBJECTID":363951,"COMPKEY":545650,"UNITID":"CMR-0099","OWNERSHIP":"SDOT","DISTRICT":null,"NAME":"EMarg_S_16_NS.jpg","COMPTYPE":16,"URL":"http://www.seattle.gov/trafficcams/images/EMarg_S_16_NS.jpg","LOCATION":"E Marginal Way S & 16th Ave S","SERVSTAT":"ACTV","SE_ANNO_CAD_DATA":"","STREAM_NAME":"EMarg_S_16_NS","GLOBALID":"463a7335-d794-47fc-903c-b95bacf9bc3f","CREATOR":"Transportation_SeattleCityGIS","CREATE_DATE":1786716795000,"EDITOR":"Transportation_SeattleCityGIS","EDIT_DATE":1786716795000}},{"type":"Feature","id":363952,"geometry":{"type":"Point","coordinates":[-122.368356997693,47.6265845203861]},"properties":{"OBJECTID":363952,"COMPKEY":545777,"UNITID":"CMR-0108","OWNERSHIP":"SDOT","DISTRICT":null,"NAME":"Elliott_W_Mercer_NS.jpg","COMPTYPE":16,"URL":"http://www.seattle.gov/trafficcams/images/Elliott_W_Mercer_NS.jpg","LOCATION":"Elliott Ave W & W Mercer Pl","SERVSTAT":"ACTV","SE_ANNO_CAD_DATA":"","STREAM_NAME":"Elliott_W_Mercer_NS","GLOBALID":"a069a67f-7465-492c-b81c-b0a1e9241adc","CREATOR":"Transportation_SeattleCityGIS","CREATE_DATE":1786716795000,"EDITOR":"Transportation_SeattleCityGIS","EDIT_DATE":1786716795000}},{"type":"Feature","id":363953,"geometry":{"type":"Point","coordinates":[-122.376806120507,47.6906091081156]},"properties":{"OBJECTID":363953,"COMPKEY":542962,"UNITID":"CMR-0008","OWNERSHIP":"SDOT","DISTRICT":null,"NAME":"15_NW_85_NS.jpg","COMPTYPE":16,"URL":"http://www.seattle.gov/trafficcams/images/15_NW_85_NS.jpg","LOCATION":"15th Ave NW & NW 85th St","SERVSTAT":"ACTV","SE_ANNO_CAD_DATA":"","STREAM_NAME":"15_NW_85_NS","GLOBALID":"002c03c2-dcd0-483d-ad87-97cf39e5ad94","CREATOR":"Transportation_SeattleCityGIS","CREATE_DATE":1786716795000,"EDITOR":"Transportation_SeattleCityGIS","EDIT_DATE":1786716795000}},{"type":"Feature","id":363954,"geometry":{"type":"Point","coordinates":[-122.375301172916,47.6636507369528]},"properties":{"OBJECTID":363954,"COMPKEY":542963,"UNITID":"CMR-0009","OWNERSHIP":"SDOT","DISTRICT":null,"NAME":"15_NW_Leary_EW.jpg","COMPTYPE":16,"URL":"http://www.seattle.gov/trafficcams/images/15_NW_Leary_EW.jpg","LOCATION":"15th Ave NW & NW Leary Way","SERVSTAT":"ACTV","SE_ANNO_CAD_DATA":"","STREAM_NAME":"15_NW_Leary_EW","GLOBALID":"87066fd1-6289-4508-87fb-72999548cf68","CREATOR":"Transportation_SeattleCityGIS","CREATE_DATE":1786716795000,"EDITOR":"Transportation_SeattleCityGIS","EDIT_DATE":1786716795000}},{"type":"Feature","id":363955,"geometry":{"type":"Point","coordinates":[-122.344564970542,47.6941856699118]},"properties":{"OBJECTID":363955,"COMPKEY":null,"UNITID":"CMR-0080","OWNERSHIP":"SDOT","DISTRICT":null,"NAME":"Aurora_N_90_NS.jpg","COMPTYPE":16,"URL":"http://www.seattle.gov/trafficcams/images/Aurora_N_90_NS.jpg","LOCATION":"Aurora Ave N & N 90th St","SERVSTAT":"ACTV","SE_ANNO_CAD_DATA":"","STREAM_NAME":"Aurora_N_90_NS","GLOBALID":"43962534-c804-4192-8dfb-23ed76a5209e","CREATOR":"Transportation_SeattleCityGIS","CREATE_DATE":1786716795000,"EDITOR":"Transportation_SeattleCityGIS","EDIT_DATE":1786716795000}},{"type":"Feature","id":363956,"geometry":{"type":"Point","coordinates":[-122.34485254918,47.7147767538906]},"properties":{"OBJECTID":363956,"COMPKEY":null,"UNITID":"CMR-0072","OWNERSHIP":"SDOT","DISTRICT":null,"NAME":"Aurora_N_117_NS.jpg","COMPTYPE":16,"URL":"http://www.seattle.gov/trafficcams/images/Aurora_N_117_NS.jpg","LOCATION":"Aurora Ave N & N 117th Pl","SERVSTAT":"ACTV","SE_ANNO_CAD_DATA":"","STREAM_NAME":"Aurora_N_117_NS","GLOBALID":"e5e06001-52d8-4be5-8e4e-2effcc4d4498","CREATOR":"Transportation_SeattleCityGIS","CREATE_DATE":1786716795000,"EDITOR":"Transportation_SeattleCityGIS","EDIT_DATE":1786716795000}},{"type":"Feature","id":363957,"geometry":{"type":"Point","coordinates":[-122.338542650183,47.6121815402486]},"properties":{"OBJECTID":363957,"COMPKEY":544808,"UNITID":"CMR-0039","OWNERSHIP":"SDOT","DISTRICT":null,"NAME":"4_Olive_NS.jpg","COMPTYPE":16,"URL":"http://www.seattle.gov/trafficcams/images/4_Olive_NS.jpg","LOCATION":"4th Ave & Olive St","SERVSTAT":"ACTV","SE_ANNO_CAD_DATA":"","STREAM_NAME":"4_Olive_NS","GLOBALID":"4e97af97-fe77-45ea-9049-6a20507f62c6","CREATOR":"Transportation_SeattleCityGIS","CREATE_DATE":1786716795000,"EDITOR":"Transportation_SeattleCityGIS","EDIT_DATE":1786716795000}},{"type":"Feature","id":363958,"geometry":{"type":"Point","coordinates":[-122.324749252122,47.6055546978817]},"properties":{"OBJECTID":363958,"COMPKEY":544923,"UNITID":"CMR-0060","OWNERSHIP":"SDOT","DISTRICT":null,"NAME":"9_James_EW.jpg","COMPTYPE":16,"URL":"http://www.seattle.gov/trafficcams/images/9_James_EW.jpg","LOCATION":"9th Ave & James St","SERVSTAT":"ACTV","SE_ANNO_CAD_DATA":"","STREAM_NAME":"9_James_EW","GLOBALID":"b1f464fe-16d9-43dc-bf26-16706f47041b","CREATOR":"Transportation_SeattleCityGIS","CREATE_DATE":1786716795000,"EDITOR":"Transportation_SeattleCityGIS","EDIT_DATE":1786716795000}},{"type":"Feature","id":363959,"geometry":{"type":"Point","coordinates":[-122.35545314264,47.6186020661362]},"properties":{"OBJECTID":363959,"COMPKEY":542982,"UNITID":"CMR-0017","OWNERSHIP":"SDOT","DISTRICT":null,"NAME":"1_N_Denny_EW.jpg","COMPTYPE":16,"URL":"http://www.seattle.gov/trafficcams/images/1_N_Denny_EW.jpg","LOCATION":"1st Ave & Denny Way","SERVSTAT":"ACTV","SE_ANNO_CAD_DATA":"","STREAM_NAME":"1_N_Denny_EW","GLOBALID":"3bd44d49-e226-43a4-a472-a42902619bdb","CREATOR":"Transportation_SeattleCityGIS","CREATE_DATE":1786716795000,"EDITOR":"Transportation_SeattleCityGIS","EDIT_DATE":1786716795000}},{"type":"Feature","id":363960,"geometry":{"type":"Point","coordinates":[-122.344451716955,47.6180216939757]},"properties":{"OBJECTID":363960,"COMPKEY":544914,"UNITID":"CMR-0056","OWNERSHIP":"SDOT","DISTRICT":null,"NAME":"6_Wall_EW.jpg","COMPTYPE":16,"URL":"http://www.seattle.gov/trafficcams/images/6_Wall_EW.jpg","LOCATION":"6th Ave & Wall St","SERVSTAT":"ACTV","SE_ANNO_CAD_DATA":"","STREAM_NAME":"6_Wall_EW","GLOBALID":"4f008311-ea80-473c-90f9-e49a7622ada3","CREATOR":"Transportation_SeattleCityGIS","CREATE_DATE":1786716795000,"EDITOR":"Transportation_SeattleCityGIS","EDIT_DATE":1786716795000}},{"type":"Feature","id":363961,"geometry":{"type":"Point","coordinates":[-122.322094464867,47.6505191729852]},"properties":{"OBJECTID":363961,"COMPKEY":545774,"UNITID":"CMR-0105","OWNERSHIP":"SDOT","DISTRICT":null,"NAME":"Eastlake_E_Harvard_NS.jpg","COMPTYPE":16,"URL":"http://www.seattle.gov/trafficcams/images/Eastlake_E_Harvard_NS.jpg","LOCATION":"Harvard Ave E & Eastlake Ave E","SERVSTAT":"ACTV","SE_ANNO_CAD_DATA":"","STREAM_NAME":"Eastlake_E_Harvard_NS","GLOBALID":"97bf538d-3eb0-4d33-81b3-e341f1c2e4f2","CREATOR":"Transportation_SeattleCityGIS","CREATE_DATE":1786716795000,"EDITOR":"Transportation_SeattleCityGIS","EDIT_DATE":1786716795000}},{"type":"Feature","id":363962,"geometry":{"type":"Point","coordinates":[-122.300651547215,47.6757742200874]},"properties":{"OBJECTID":363962,"COMPKEY":null,"UNITID":"CMR-0029","OWNERSHIP":"SDOT","DISTRICT":null,"NAME":"25_NE_66_NS.jpg","COMPTYPE":16,"URL":"http://www.seattle.gov/trafficcams/images/25_NE_66_NS.jpg","LOCATION":"25th Ave NE & NE 66th St","SERVSTAT":"ACTV","SE_ANNO_CAD_DATA":"","STREAM_NAME":"25_NE_66_NS","GLOBALID":"58a3f858-1ce3-4b0c-8cd8-9e0f0e593023","CREATOR":"Transportation_SeattleCityGIS","CREATE_DATE":1786716795000,"EDITOR":"Transportation_SeattleCityGIS","EDIT_DATE":1786716795000}},{"type":"Feature","id":363963,"geometry":{"type":"Point","coordinates":[-122.292985232825,47.6758633967494]},"properties":{"OBJECTID":363963,"COMPKEY":null,"UNITID":"CMR-0031","OWNERSHIP":"SDOT","DISTRICT":null,"NAME":"32_NE_65_EW.jpg","COMPTYPE":16,"URL":"http://www.seattle.gov/trafficcams/images/32_NE_65_EW.jpg","LOCATION":"32nd Ave NE & NE 65th St","SERVSTAT":"ACTV","SE_ANNO_CAD_DATA":"","STREAM_NAME":"32_NE_65_EW","GLOBALID":"116d9272-1b8d-4736-9d2d-7dcdd7d9db2d","CREATOR":"Transportation_SeattleCityGIS","CREATE_DATE":1786716795000,"EDITOR":"Transportation_SeattleCityGIS","EDIT_DATE":1786716795000}},{"type":"Feature","id":363964,"geometry":{"type":"Point","coordinates":[-122.312430360303,47.7085284064672]},"properties":{"OBJECTID":363964,"COMPKEY":null,"UNITID":"CMR-0227","OWNERSHIP":"SDOT","DISTRICT":null,"NAME":"15_NE_Northgate_EW.jpg","COMPTYPE":16,"URL":"http://www.seattle.gov/trafficcams/images/15_NE_Northgate_EW.jpg","LOCATION":"15th Ave NE & NE Northgate Way","SERVSTAT":"ACTV","SE_ANNO_CAD_DATA":"","STREAM_NAME":"15_NE_Northgate_EW","GLOBALID":"4f36e74f-934a-440c-9498-0098ecc650e5","CREATOR":"Transportation_SeattleCityGIS","CREATE_DATE":1786716795000,"EDITOR":"Transportation_SeattleCityGIS","EDIT_DATE":1786716795000}},{"type":"Feature","id":363965,"geometry":{"type":"Point","coordinates":[-122.34448441467,47.6827723726735]},"properties":{"OBJECTID":363965,"COMPKEY":null,"UNITID":"CMR-0082","OWNERSHIP":"SDOT","DISTRICT":null,"NAME":"Aurora_N_Winona_NS.jpg","COMPTYPE":16,"URL":"http://www.seattle.gov/trafficcams/images/Aurora_N_Winona_NS.jpg","LOCATION":"Aurora Ave N & N Winona St","SERVSTAT":"ACTV","SE_ANNO_CAD_DATA":"","STREAM_NAME":"Aurora_N_Winona_NS","GLOBALID":"89c24950-3ef2-48c9-ae48-24d05fd02058","CREATOR":"Transportation_SeattleCityGIS","CREATE_DATE":1786716795000,"EDITOR":"Transportation_SeattleCityGIS","EDIT_DATE":1786716795000}},{"type":"Feature","id":363966,"geometry":{"type":"Point","coordinates":[-122.338647886054,47.7050950747576]},"properties":{"OBJECTID":363966,"COMPKEY":null,"UNITID":"CMR-0228","OWNERSHIP":"SDOT","DISTRICT":null,"NAME":"Northgate_N_105_EW.jpg","COMPTYPE":16,"URL":"http://www.seattle.gov/trafficcams/images/Northgate_N_105_EW.jpg","LOCATION":"N 105th St & N Northgate Way","SERVSTAT":"ACTV","SE_ANNO_CAD_DATA":"","STREAM_NAME":"Northgate_N_105_EW","GLOBALID":"774af86d-c53f-42c6-bcda-5c2a9dd1386d","CREATOR":"Transportation_SeattleCityGIS","CREATE_DATE":1786716795000,"EDITOR":"Transportation_SeattleCityGIS","EDIT_DATE":1786716795000}},{"type":"Feature","id":363967,"geometry":{"type":"Point","coordinates":[-122.356702702808,47.6254541590902]},"properties":{"OBJECTID":363967,"COMPKEY":null,"UNITID":"CMR-0234","OWNERSHIP":"SDOT","DISTRICT":null,"NAME":"QAnne_N_Roy_NS.jpg","COMPTYPE":16,"URL":"http://www.seattle.gov/trafficcams/images/QAnne_N_Roy_NS.jpg","LOCATION":"Queen Anne Ave N & Roy St","SERVSTAT":"ACTV","SE_ANNO_CAD_DATA":"","STREAM_NAME":"QAnne_N_Roy_NS","GLOBALID":"ead4ab4c-0752-435c-8b69-d9ddf7c81b74","CREATOR":"Transportation_SeattleCityGIS","CREATE_DATE":1786716795000,"EDITOR":"Transportation_SeattleCityGIS","EDIT_DATE":1786716795000}},{"type":"Feature","id":363968,"geometry":{"type":"Point","coordinates":[-122.334194505249,47.592395717056]},"properties":{"OBJECTID":363968,"COMPKEY":544745,"UNITID":"CMR-0022","OWNERSHIP":"SDOT","DISTRICT":"4","NAME":"1_S_RoyalB_EW.jpg","COMPTYPE":16,"URL":"http://www.seattle.gov/trafficcams/images/1_S_RoyalB_EW.jpg","LOCATION":"1st Ave S & S Royal Brougham Way","SERVSTAT":"ACTV","SE_ANNO_CAD_DATA":"","STREAM_NAME":"1_S_RoyalB_EW","GLOBALID":"34eb7e71-9cbb-4711-80c5-bbc018e83c93","CREATOR":"Transportation_SeattleCityGIS","CREATE_DATE":1786716795000,"EDITOR":"Transportation_SeattleCityGIS","EDIT_DATE":1786716795000}},{"type":"Feature","id":363969,"geometry":{"type":"Point","coordinates":[-122.334194746798,47.5715738157566]},"properties":{"OBJECTID":363969,"COMPKEY":null,"UNITID":"CMR-0159","OWNERSHIP":"SDOT","DISTRICT":null,"NAME":"1_S_Spokane_EW.jpg","COMPTYPE":16,"URL":"http://www.seattle.gov/trafficcams/images/1_S_Spokane_EW.jpg","LOCATION":"1st Ave S & Spokane Viaduct","SERVSTAT":"ACTV","SE_ANNO_CAD_DATA":"","STREAM_NAME":"1_S_Spokane_EW","GLOBALID":"84144ebd-a749-42d4-a58c-6da932c6d6f8","CREATOR":"Transportation_SeattleCityGIS","CREATE_DATE":1786716795000,"EDITOR":"Transportation_SeattleCityGIS","EDIT_DATE":1786716795000}},{"type":"Feature","id":363970,"geometry":{"type":"Point","coordinates":[-122.341343433261,47.6102747132111]},"properties":{"OBJECTID":363970,"COMPKEY":542980,"UNITID":"CMR-0016","OWNERSHIP":"SDOT","DISTRICT":null,"NAME":"1_Stewart_NS.jpg","COMPTYPE":16,"URL":"http://www.seattle.gov/trafficcams/images/1_Stewart_NS.jpg","LOCATION":"1st Ave & Stewart St","SERVSTAT":"ACTV","SE_ANNO_CAD_DATA":"","STREAM_NAME":"1_Stewart_NS","GLOBALID":"cf38df72-763a-4c46-97f2-ecf4dc5e98f6","CREATOR":"Transportation_SeattleCityGIS","CREATE_DATE":1786716795000,"EDITOR":"Transportation_SeattleCityGIS","EDIT_DATE":1786716795000}},{"type":"Feature","id":363971,"geometry":{"type":"Point","coordinates":[-122.339105334884,47.6078281615312]},"properties":{"OBJECTID":363971,"COMPKEY":null,"UNITID":"CMR-0178","OWNERSHIP":"SDOT","DISTRICT":null,"NAME":"1_Union_NS.jpg","COMPTYPE":16,"URL":"http://www.seattle.gov/trafficcams/images/1_Union_NS.jpg","LOCATION":"1st Ave & Union St","SERVSTAT":"ACTV","SE_ANNO_CAD_DATA":"","STREAM_NAME":"1_Union_NS","GLOBALID":"3995671c-937a-49ba-9afc-4021951f4fa2","CREATOR":"Transportation_SeattleCityGIS","CREATE_DATE":1786716795000,"EDITOR":"Transportation_SeattleCityGIS","EDIT_DATE":1786716795000}},{"type":"Feature","id":363972,"geometry":{"type":"Point","coordinates":[-122.349061793202,47.6144518465587]},"properties":{"OBJECTID":363972,"COMPKEY":null,"UNITID":"CMR-0167","OWNERSHIP":"SDOT","DISTRICT":null,"NAME":"1_Wall_EW.jpg","COMPTYPE":16,"URL":"http://www.seattle.gov/trafficcams/images/1_Wall_EW.jpg","LOCATION":"1st Ave & Wall St EW","SERVSTAT":"ACTV","SE_ANNO_CAD_DATA":"","STREAM_NAME":"1_Wall_EW","GLOBALID":"66e4ff08-43cd-471d-9e78-2390bc41a1fe","CREATOR":"Transportation_SeattleCityGIS","CREATE_DATE":1786716795000,"EDITOR":"Transportation_SeattleCityGIS","EDIT_DATE":1786716795000}},{"type":"Feature","id":363973,"geometry":{"type":"Point","coordinates":[-122.312126424123,47.6562056498702]},"properties":{"OBJECTID":363973,"COMPKEY":null,"UNITID":"CMR-0215","OWNERSHIP":"SDOT","DISTRICT":null,"NAME":"15_NE_Campus_NS.jpg","COMPTYPE":16,"URL":"http://www.seattle.gov/trafficcams/images/15_NE_Campus_NS.jpg","LOCATION":"15th Ave NE & NE Campus Pkwy","SERVSTAT":"ACTV","SE_ANNO_CAD_DATA":"","STREAM_NAME":"15_NE_Campus_NS","GLOBALID":"8a193441-d6ba-48c5-9783-04166440ef95","CREATOR":"Transportation_SeattleCityGIS","CREATE_DATE":1786716795000,"EDITOR":"Transportation_SeattleCityGIS","EDIT_DATE":1786716795000}},{"type":"Feature","id":363974,"geometry":{"type":"Point","coordinates":[-122.376256606478,47.6538875425394]},"properties":{"OBJECTID":363974,"COMPKEY":542974,"UNITID":"CMR-0013","OWNERSHIP":"SDOT","DISTRICT":null,"NAME":"15_W_Emerson_NS.jpg","COMPTYPE":16,"URL":"http://www.seattle.gov/trafficcams/images/15_W_Emerson_NS.jpg","LOCATION":"15th Ave W & W Emerson St","SERVSTAT":"ACTV","SE_ANNO_CAD_DATA":"","STREAM_NAME":"15_W_Emerson_NS","GLOBALID":"5cd781f2-f015-4329-a31e-35b9ce81a87b","CREATOR":"Transportation_SeattleCityGIS","CREATE_DATE":1786716795000,"EDITOR":"Transportation_SeattleCityGIS","EDIT_DATE":1786716795000}},{"type":"Feature","id":363975,"geometry":{"type":"Point","coordinates":[-122.376378124651,47.6485862070531]},"properties":{"OBJECTID":363975,"COMPKEY":542971,"UNITID":"CMR-0012","OWNERSHIP":"SDOT","DISTRICT":null,"NAME":"15_W_Dravus_NS.jpg","COMPTYPE":16,"URL":"http://www.seattle.gov/trafficcams/images/15_W_Dravus_NS.jpg","LOCATION":"15th Ave W & W Dravus St","SERVSTAT":"ACTV","SE_ANNO_CAD_DATA":"","STREAM_NAME":"15_W_Dravus_NS","GLOBALID":"35b74cfc-9e40-415f-824e-27e3a1ebc552","CREATOR":"Transportation_SeattleCityGIS","CREATE_DATE":1786716795000,"EDITOR":"Transportation_SeattleCityGIS","EDIT_DATE":1786716795000}},{"type":"Feature","id":363976,"geometry":{"type":"Point","coordinates":[-122.346953576355,47.6148088362986]},"properties":{"OBJECTID":363976,"COMPKEY":null,"UNITID":"CMR-0185","OWNERSHIP":"SDOT","DISTRICT":null,"NAME":"2_Battery_NS.jpg","COMPTYPE":16,"URL":"http://www.seattle.gov/trafficcams/images/2_Battery_NS.jpg","LOCATION":"2nd Ave & Battery St","SERVSTAT":"ACTV","SE_ANNO_CAD_DATA":"","STREAM_NAME":"2_Battery_NS","GLOBALID":"e46d7df5-0db7-40a0-b382-a357937a64b5","CREATOR":"Transportation_SeattleCityGIS","CREATE_DATE":1786716795000,"EDITOR":"Transportation_SeattleCityGIS","EDIT_DATE":1786716795000}},{"type":"Feature","id":363977,"geometry":{"type":"Point","coordinates":[-122.334477235079,47.6044464645966]},"properties":{"OBJECTID":363977,"COMPKEY":null,"UNITID":"CMR-0218","OWNERSHIP":"SDOT","DISTRICT":null,"NAME":"2_Marion_NS.jpg","COMPTYPE":16,"URL":"http://www.seattle.gov/trafficcams/images/2_Marion_NS.jpg","LOCATION":"2nd Ave & Marion St","SERVSTAT":"ACTV","SE_ANNO_CAD_DATA":"","STREAM_NAME":"2_Marion_NS","GLOBALID":"76846617-f8f2-4d0b-8069-e40c8b0a768b","CREATOR":"Transportation_SeattleCityGIS","CREATE_DATE":1786716795000,"EDITOR":"Transportation_SeattleCityGIS","EDIT_DATE":1786716795000}},{"type":"Feature","id":363978,"geometry":{"type":"Point","coordinates":[-122.340452139106,47.6109639487705]},"properties":{"OBJECTID":363978,"COMPKEY":544758,"UNITID":"CMR-0030","OWNERSHIP":"SDOT","DISTRICT":null,"NAME":"2_Stewart_NS.jpg","COMPTYPE":16,"URL":"http://www.seattle.gov/trafficcams/images/2_Stewart_NS.jpg","LOCATION":"2nd Ave & Stewart St","SERVSTAT":"ACTV","SE_ANNO_CAD_DATA":"","STREAM_NAME":"2_Stewart_NS","GLOBALID":"e6cc7cf8-d78c-4cf7-ba70-20421eb9c3a0","CREATOR":"Transportation_SeattleCityGIS","CREATE_DATE":1786716795000,"EDITOR":"Transportation_SeattleCityGIS","EDIT_DATE":1786716795000}},{"type":"Feature","id":363979,"geometry":{"type":"Point","coordinates":[-122.337128258988,47.6073466566525]},"properties":{"OBJECTID":363979,"COMPKEY":null,"UNITID":"CMR-0069","OWNERSHIP":"SDOT","DISTRICT":null,"NAME":"2_University_NS.jpg","COMPTYPE":16,"URL":"http://www.seattle.gov/trafficcams/images/2_University_NS.jpg","LOCATION":"2nd Ave & University St","SERVSTAT":"ACTV","SE_ANNO_CAD_DATA":"","STREAM_NAME":"2_University_NS","GLOBALID":"df5bd8ea-f5d8-42f2-9323-bd90a713c3a6","CREATOR":"Transportation_SeattleCityGIS","CREATE_DATE":1786716795000,"EDITOR":"Transportation_SeattleCityGIS","EDIT_DATE":1786716795000}},{"type":"Feature","id":363980,"geometry":{"type":"Point","coordinates":[-122.348746107387,47.6146958043263]},"properties":{"OBJECTID":363980,"COMPKEY":null,"UNITID":"CMR-0168","OWNERSHIP":"SDOT","DISTRICT":null,"NAME":"1_Wall_NS.jpg","COMPTYPE":16,"URL":"http://www.seattle.gov/trafficcams/images/1_Wall_NS.jpg","LOCATION":"1st Ave & Wall St NS","SERVSTAT":"ACTV","SE_ANNO_CAD_DATA":"","STREAM_NAME":"1_Wall_NS","GLOBALID":"27e313a6-2d9a-40d5-bafc-69b84b438a4b","CREATOR":"Transportation_SeattleCityGIS","CREATE_DATE":1786716795000,"EDITOR":"Transportation_SeattleCityGIS","EDIT_DATE":1786716795000}},{"type":"Feature","id":363981,"geometry":{"type":"Point","coordinates":[-122.339591913956,47.6116291351253]},"properties":{"OBJECTID":363981,"COMPKEY":544799,"UNITID":"CMR-0034","OWNERSHIP":"SDOT","DISTRICT":null,"NAME":"3_Stewart_NS.jpg","COMPTYPE":16,"URL":"http://www.seattle.gov/trafficcams/images/3_Stewart_NS.jpg","LOCATION":"3rd Ave & Stewart st","SERVSTAT":"ACTV","SE_ANNO_CAD_DATA":"","STREAM_NAME":"3_Stewart_NS","GLOBALID":"f4df7c51-b54a-42c2-a7fa-6cb2d1b88233","CREATOR":"Transportation_SeattleCityGIS","CREATE_DATE":1786716795000,"EDITOR":"Transportation_SeattleCityGIS","EDIT_DATE":1786716795000}},{"type":"Feature","id":363982,"geometry":{"type":"Point","coordinates":[-122.392755787944,47.5267833646703]},"properties":{"OBJECTID":363982,"COMPKEY":545825,"UNITID":"CMR-0112","OWNERSHIP":"SDOT","DISTRICT":null,"NAME":"Fauntleroy_SW_Cloverdale_NS.jpg","COMPTYPE":16,"URL":"http://www.seattle.gov/trafficcams/images/Fauntleroy_SW_Cloverdale_NS.jpg","LOCATION":"Fauntleroy Way SW & SW Cloverdale St","SERVSTAT":"ACTV","SE_ANNO_CAD_DATA":"","STREAM_NAME":"Fauntleroy_SW_Cloverdale_NS","GLOBALID":"d5bf0443-c2e5-4a40-8283-5a190d52d10d","CREATOR":"Transportation_SeattleCityGIS","CREATE_DATE":1786716795000,"EDITOR":"Transportation_SeattleCityGIS","EDIT_DATE":1786716795000}},{"type":"Feature","id":363983,"geometry":{"type":"Point","coordinates":[-122.335975793952,47.6077631769408]},"properties":{"OBJECTID":363983,"COMPKEY":544802,"UNITID":"CMR-0035","OWNERSHIP":"SDOT","DISTRICT":null,"NAME":"3_University_NS.jpg","COMPTYPE":16,"URL":"http://www.seattle.gov/trafficcams/images/3_University_NS.jpg","LOCATION":"3rd Ave & University St","SERVSTAT":"ACTV","SE_ANNO_CAD_DATA":"","STREAM_NAME":"3_University_NS","GLOBALID":"0c2d8e3f-3cf6-46ce-b207-b55c80b0a7f1","CREATOR":"Transportation_SeattleCityGIS","CREATE_DATE":1786716795000,"EDITOR":"Transportation_SeattleCityGIS","EDIT_DATE":1786716795000}},{"type":"Feature","id":363984,"geometry":{"type":"Point","coordinates":[-122.329135058635,47.6197150507189]},"properties":{"OBJECTID":363984,"COMPKEY":545773,"UNITID":"CMR-0104","OWNERSHIP":"SDOT","DISTRICT":null,"NAME":"Eastlake_E_Stewart_NS.jpg","COMPTYPE":16,"URL":"http://www.seattle.gov/trafficcams/images/Eastlake_E_Stewart_NS.jpg","LOCATION":"Eastlake Ave E & E Stewart St","SERVSTAT":"ACTV","SE_ANNO_CAD_DATA":"","STREAM_NAME":"Eastlake_E_Stewart_NS","GLOBALID":"35384682-5252-4bf3-a3d9-55a90f7a741f","CREATOR":"Transportation_SeattleCityGIS","CREATE_DATE":1786716795000,"EDITOR":"Transportation_SeattleCityGIS","EDIT_DATE":1786716795000}},{"type":"Feature","id":363985,"geometry":{"type":"Point","coordinates":[-122.3867781109,47.5611064677562]},"properties":{"OBJECTID":363985,"COMPKEY":545638,"UNITID":"CMR-0093","OWNERSHIP":"SDOT","DISTRICT":null,"NAME":"California_SW_Alaska_NS.jpg","COMPTYPE":16,"URL":"http://www.seattle.gov/trafficcams/images/California_SW_Alaska_NS.jpg","LOCATION":"California Ave SW & SW Alaska St","SERVSTAT":"ACTV","SE_ANNO_CAD_DATA":"","STREAM_NAME":"California_SW_Alaska_NS","GLOBALID":"9db26186-3f20-4aae-b022-c1df78838f3d","CREATOR":"Transportation_SeattleCityGIS","CREATE_DATE":1786716795000,"EDITOR":"Transportation_SeattleCityGIS","EDIT_DATE":1786716795000}},{"type":"Feature","id":363986,"geometry":{"type":"Point","coordinates":[-122.334195453145,47.5903121642401]},"properties":{"OBJECTID":363986,"COMPKEY":544729,"UNITID":"CMR-0020","OWNERSHIP":"SDOT","DISTRICT":null,"NAME":"1_S_Atlantic_NS.jpg","COMPTYPE":16,"URL":"http://www.seattle.gov/trafficcams/images/1_S_Atlantic_NS.jpg","LOCATION":"1st Ave S & S Atlantic St","SERVSTAT":"ACTV","SE_ANNO_CAD_DATA":"","STREAM_NAME":"1_S_Atlantic_NS","GLOBALID":"c0f70ea5-d179-4e88-abcf-1c211718b7b2","CREATOR":"Transportation_SeattleCityGIS","CREATE_DATE":1786716795000,"EDITOR":"Transportation_SeattleCityGIS","EDIT_DATE":1786716795000}},{"type":"Feature","id":363987,"geometry":{"type":"Point","coordinates":[-122.321397756151,47.5798078124792]},"properties":{"OBJECTID":363987,"COMPKEY":544986,"UNITID":"CMR-0062","OWNERSHIP":"SDOT","DISTRICT":null,"NAME":"Airport_S_Lander_NS.jpg","COMPTYPE":16,"URL":"http://www.seattle.gov/trafficcams/images/Airport_S_Lander_NS.jpg","LOCATION":"Airport Way S & S Lander St","SERVSTAT":"ACTV","SE_ANNO_CAD_DATA":"","STREAM_NAME":"Airport_S_Lander_NS","GLOBALID":"7b00dc0e-26f7-402c-bd68-8e080117e26a","CREATOR":"Transportation_SeattleCityGIS","CREATE_DATE":1786716795000,"EDITOR":"Transportation_SeattleCityGIS","EDIT_DATE":1786716795000}},{"type":"Feature","id":363988,"geometry":{"type":"Point","coordinates":[-122.356709220833,47.6245829734798]},"properties":{"OBJECTID":363988,"COMPKEY":545973,"UNITID":"CMR-0135","OWNERSHIP":"SDOT","DISTRICT":null,"NAME":"QAnne_N_Mercer_EW.jpg","COMPTYPE":16,"URL":"http://www.seattle.gov/trafficcams/images/QAnne_N_Mercer_EW.jpg","LOCATION":"Queen Anne Ave N & Mercer St","SERVSTAT":"ACTV","SE_ANNO_CAD_DATA":"","STREAM_NAME":"QAnne_N_Mercer_EW","GLOBALID":"07e089d5-860f-4f52-af47-05b285965615","CREATOR":"Transportation_SeattleCityGIS","CREATE_DATE":1786716795000,"EDITOR":"Transportation_SeattleCityGIS","EDIT_DATE":1786716795000}},{"type":"Feature","id":363989,"geometry":{"type":"Point","coordinates":[-122.269986039452,47.5233072678933]},"properties":{"OBJECTID":363989,"COMPKEY":545976,"UNITID":"CMR-0137","OWNERSHIP":"SDOT","DISTRICT":null,"NAME":"Rainier_S_Henderson_NS.jpg","COMPTYPE":16,"URL":"http://www.seattle.gov/trafficcams/images/Rainier_S_Henderson_NS.jpg","LOCATION":"Rainier Ave S & S Henderson St","SERVSTAT":"ACTV","SE_ANNO_CAD_DATA":"","STREAM_NAME":"Rainier_S_Henderson_NS","GLOBALID":"f068daf7-2db2-4e8d-a20a-27b8f4f3ec1d","CREATOR":"Transportation_SeattleCityGIS","CREATE_DATE":1786716795000,"EDITOR":"Transportation_SeattleCityGIS","EDIT_DATE":1786716795000}},{"type":"Feature","id":363990,"geometry":{"type":"Point","coordinates":[-122.284629529444,47.5570411194116]},"properties":{"OBJECTID":363990,"COMPKEY":545977,"UNITID":"CMR-0138","OWNERSHIP":"SDOT","DISTRICT":null,"NAME":"Rainier_S_Hudson_NS.jpg","COMPTYPE":16,"URL":"http://www.seattle.gov/trafficcams/images/Rainier_S_Hudson_NS.jpg","LOCATION":"Rainier Ave S & S Hudson St","SERVSTAT":"ACTV","SE_ANNO_CAD_DATA":"","STREAM_NAME":"Rainier_S_Hudson_NS","GLOBALID":"24d91272-3487-4163-bfac-a14a0a616bef","CREATOR":"Transportation_SeattleCityGIS","CREATE_DATE":1786716795000,"EDITOR":"Transportation_SeattleCityGIS","EDIT_DATE":1786716795000}},{"type":"Feature","id":363991,"geometry":{"type":"Point","coordinates":[-122.311529602886,47.5958738813624]},"properties":{"OBJECTID":363991,"COMPKEY":545975,"UNITID":"CMR-0136","OWNERSHIP":"SDOT","DISTRICT":null,"NAME":"Rainier_S_Dearborn_NS.jpg","COMPTYPE":16,"URL":"http://www.seattle.gov/trafficcams/images/Rainier_S_Dearborn_NS.jpg","LOCATION":"Rainier Ave S & S Dearborn St","SERVSTAT":"ACTV","SE_ANNO_CAD_DATA":"","STREAM_NAME":"Rainier_S_Dearborn_NS","GLOBALID":"cd2dc724-fd83-40a8-84a6-64368520d301","CREATOR":"Transportation_SeattleCityGIS","CREATE_DATE":1786716795000,"EDITOR":"Transportation_SeattleCityGIS","EDIT_DATE":1786716795000}},{"type":"Feature","id":363992,"geometry":{"type":"Point","coordinates":[-122.302909504463,47.5845418639532]},"properties":{"OBJECTID":363992,"COMPKEY":null,"UNITID":"CMR-0213","OWNERSHIP":"SDOT","DISTRICT":null,"NAME":"Rainier_S_Hill_NS.jpg","COMPTYPE":16,"URL":"http://www.seattle.gov/trafficcams/images/Rainier_S_Hill_NS.jpg","LOCATION":"Rainier Ave S & S Hill St","SERVSTAT":"ACTV","SE_ANNO_CAD_DATA":"","STREAM_NAME":"Rainier_S_Hill_NS","GLOBALID":"d0dd7146-b2e2-46a1-920b-5f74831f06dd","CREATOR":"Transportation_SeattleCityGIS","CREATE_DATE":1786716795000,"EDITOR":"Transportation_SeattleCityGIS","EDIT_DATE":1786716795000}},{"type":"Feature","id":363993,"geometry":{"type":"Point","coordinates":[-122.349606084318,47.6140312181106]},"properties":{"OBJECTID":363993,"COMPKEY":null,"UNITID":"CMR-0186","OWNERSHIP":"SDOT","DISTRICT":null,"NAME":"Western_Wall_NS.jpg","COMPTYPE":16,"URL":"http://www.seattle.gov/trafficcams/images/Western_Wall_NS.jpg","LOCATION":"Western Ave & Wall St","SERVSTAT":"ACTV","SE_ANNO_CAD_DATA":"","STREAM_NAME":"Western_Wall_NS","GLOBALID":"eff7ceea-8a6d-411d-8d36-845f79f9a34f","CREATOR":"Transportation_SeattleCityGIS","CREATE_DATE":1786716795000,"EDITOR":"Transportation_SeattleCityGIS","EDIT_DATE":1786716795000}},{"type":"Feature","id":363994,"geometry":{"type":"Point","coordinates":[-122.347025066518,47.6160460609379]},"properties":{"OBJECTID":363994,"COMPKEY":null,"UNITID":"CMR-0169","OWNERSHIP":"SDOT","DISTRICT":null,"NAME":"3_Wall_NS.jpg","COMPTYPE":16,"URL":"http://www.seattle.gov/trafficcams/images/3_Wall_NS.jpg","LOCATION":"3rd Ave & Wall St","SERVSTAT":"ACTV","SE_ANNO_CAD_DATA":"","STREAM_NAME":"3_Wall_NS","GLOBALID":"7bdb36ba-1734-4ef0-b675-4c29f3bba357","CREATOR":"Transportation_SeattleCityGIS","CREATE_DATE":1786716795000,"EDITOR":"Transportation_SeattleCityGIS","EDIT_DATE":1786716795000}},{"type":"Feature","id":363995,"geometry":{"type":"Point","coordinates":[-122.329056212174,47.5942957952751]},"properties":{"OBJECTID":363995,"COMPKEY":544866,"UNITID":"CMR-0045","OWNERSHIP":"SDOT","DISTRICT":"4","NAME":"4_S_I90_NS.jpg","COMPTYPE":16,"URL":"http://www.seattle.gov/trafficcams/images/4_S_I90_NS.jpg","LOCATION":"4th Ave S s/o I-90 TD","SERVSTAT":"ACTV","SE_ANNO_CAD_DATA":"","STREAM_NAME":"4_S_I90_NS","GLOBALID":"2de4d2ec-4271-443f-b6dd-c63e4dbaef63","CREATOR":"Transportation_SeattleCityGIS","CREATE_DATE":1786716795000,"EDITOR":"Transportation_SeattleCityGIS","EDIT_DATE":1786716795000}},{"type":"Feature","id":363996,"geometry":{"type":"Point","coordinates":[-122.344142250555,47.6169825374239]},"properties":{"OBJECTID":363996,"COMPKEY":null,"UNITID":"CMR-0047","OWNERSHIP":"SDOT","DISTRICT":null,"NAME":"5_Battery_East.jpg","COMPTYPE":16,"URL":"http://www.seattle.gov/trafficcams/images/5_Battery_East.jpg","LOCATION":"5th Ave & Battery St East Side","SERVSTAT":"ACTV","SE_ANNO_CAD_DATA":"","STREAM_NAME":"5_Battery_East","GLOBALID":"14c6b1a8-d406-40b7-84c0-d1dee750aaed","CREATOR":"Transportation_SeattleCityGIS","CREATE_DATE":1786716795000,"EDITOR":"Transportation_SeattleCityGIS","EDIT_DATE":1786716795000}},{"type":"Feature","id":363997,"geometry":{"type":"Point","coordinates":[-122.344487072327,47.6166422181969]},"properties":{"OBJECTID":363997,"COMPKEY":null,"UNITID":"CMR-0048","OWNERSHIP":"SDOT","DISTRICT":null,"NAME":"5_Battery_West.jpg","COMPTYPE":16,"URL":"http://www.seattle.gov/trafficcams/images/5_Battery_West.jpg","LOCATION":"5th Ave & Battery St West Side","SERVSTAT":"ACTV","SE_ANNO_CAD_DATA":"","STREAM_NAME":"5_Battery_West","GLOBALID":"bb18139c-b38e-4cc6-8bab-f3841b7e9d0b","CREATOR":"Transportation_SeattleCityGIS","CREATE_DATE":1786716795000,"EDITOR":"Transportation_SeattleCityGIS","EDIT_DATE":1786716795000}},{"type":"Feature","id":363998,"geometry":{"type":"Point","coordinates":[-122.34760287493,47.6207155865209]},"properties":{"OBJECTID":363998,"COMPKEY":544900,"UNITID":"CMR-0051","OWNERSHIP":"SDOT","DISTRICT":null,"NAME":"5_Broad_NS.jpg","COMPTYPE":16,"URL":"http://www.seattle.gov/trafficcams/images/5_Broad_NS.jpg","LOCATION":"5th Ave N & Broad St","SERVSTAT":"ACTV","SE_ANNO_CAD_DATA":"","STREAM_NAME":"5_Broad_NS","GLOBALID":"d8531e5d-9d98-46ca-80ec-45acffe6cd47","CREATOR":"Transportation_SeattleCityGIS","CREATE_DATE":1786716795000,"EDITOR":"Transportation_SeattleCityGIS","EDIT_DATE":1786716795000}},{"type":"Feature","id":363999,"geometry":{"type":"Point","coordinates":[-122.325959659662,47.5713810385996]},"properties":{"OBJECTID":363999,"COMPKEY":544916,"UNITID":"CMR-0057","OWNERSHIP":"SDOT","DISTRICT":"4","NAME":"6_S_Spokane_EW.jpg","COMPTYPE":16,"URL":"http://www.seattle.gov/trafficcams/images/6_S_Spokane_EW.jpg","LOCATION":"6th Ave S & S Spokane St","SERVSTAT":"ACTV","SE_ANNO_CAD_DATA":"","STREAM_NAME":"6_S_Spokane_EW","GLOBALID":"2261549d-f5cd-4fa7-a207-260b33413329","CREATOR":"Transportation_SeattleCityGIS","CREATE_DATE":1786716795000,"EDITOR":"Transportation_SeattleCityGIS","EDIT_DATE":1786716795000}},{"type":"Feature","id":364000,"geometry":{"type":"Point","coordinates":[-122.333353807343,47.6116063496155]},"properties":{"OBJECTID":364000,"COMPKEY":544920,"UNITID":"CMR-0058","OWNERSHIP":"SDOT","DISTRICT":null,"NAME":"7_Pike_EW.jpg","COMPTYPE":16,"URL":"http://www.seattle.gov/trafficcams/images/7_Pike_EW.jpg","LOCATION":"7th Ave & Pike St","SERVSTAT":"ACTV","SE_ANNO_CAD_DATA":"","STREAM_NAME":"7_Pike_EW","GLOBALID":"cd662a14-15aa-4ad0-b53f-87c1ee58b0a7","CREATOR":"Transportation_SeattleCityGIS","CREATE_DATE":1786716795000,"EDITOR":"Transportation_SeattleCityGIS","EDIT_DATE":1786716795000}},{"type":"Feature","id":364001,"geometry":{"type":"Point","coordinates":[-122.337454236738,47.6150567514884]},"properties":{"OBJECTID":364001,"COMPKEY":null,"UNITID":"CMR-0173","OWNERSHIP":"SDOT","DISTRICT":null,"NAME":"7_Virginia_EW.jpg","COMPTYPE":16,"URL":"http://www.seattle.gov/trafficcams/images/7_Virginia_EW.jpg","LOCATION":"7th Ave & Virginia St","SERVSTAT":"ACTV","SE_ANNO_CAD_DATA":"","STREAM_NAME":"7_Virginia_EW","GLOBALID":"aa7528d6-d5ed-49ed-afb1-287cf0dda84d","CREATOR":"Transportation_SeattleCityGIS","CREATE_DATE":1786716795000,"EDITOR":"Transportation_SeattleCityGIS","EDIT_DATE":1786716795000}},{"type":"Feature","id":364002,"geometry":{"type":"Point","coordinates":[-122.298849939799,47.5344805667518]},"properties":{"OBJECTID":364002,"COMPKEY":544990,"UNITID":"CMR-0064","OWNERSHIP":"SDOT","DISTRICT":null,"NAME":"Airport_S_Othello_NS.jpg","COMPTYPE":16,"URL":"http://www.seattle.gov/trafficcams/images/Airport_S_Othello_NS.jpg","LOCATION":"Airport Way S & King County Airport","SERVSTAT":"ACTV","SE_ANNO_CAD_DATA":"","STREAM_NAME":"Airport_S_Othello_NS","GLOBALID":"8f05e70a-6ba1-4064-8678-1bccf1c0821d","CREATOR":"Transportation_SeattleCityGIS","CREATE_DATE":1786716795000,"EDITOR":"Transportation_SeattleCityGIS","EDIT_DATE":1786716795000}},{"type":"Feature","id":364003,"geometry":{"type":"Point","coordinates":[-122.344672599213,47.7032405983693]},"properties":{"OBJECTID":364003,"COMPKEY":null,"UNITID":"CMR-0070","OWNERSHIP":"SDOT","DISTRICT":null,"NAME":"Aurora_N_103_NS.jpg","COMPTYPE":16,"URL":"http://www.seattle.gov/trafficcams/images/Aurora_N_103_NS.jpg","LOCATION":"Aurora Ave N & N 103rd St","SERVSTAT":"ACTV","SE_ANNO_CAD_DATA":"","STREAM_NAME":"Aurora_N_103_NS","GLOBALID":"06642d3b-20b5-4a56-808c-3f535e946fc6","CREATOR":"Transportation_SeattleCityGIS","CREATE_DATE":1786716795000,"EDITOR":"Transportation_SeattleCityGIS","EDIT_DATE":1786716795000}},{"type":"Feature","id":364004,"geometry":{"type":"Point","coordinates":[-122.326444272201,47.6107654351168]},"properties":{"OBJECTID":364004,"COMPKEY":545618,"UNITID":"CMR-0089","OWNERSHIP":"SDOT","DISTRICT":null,"NAME":"Boren_Seneca_NS.jpg","COMPTYPE":16,"URL":"http://www.seattle.gov/trafficcams/images/Boren_Seneca_NS.jpg","LOCATION":"Boren Ave & Seneca St","SERVSTAT":"ACTV","SE_ANNO_CAD_DATA":"","STREAM_NAME":"Boren_Seneca_NS","GLOBALID":"a703581b-796e-498a-81d5-068bcc9b64f5","CREATOR":"Transportation_SeattleCityGIS","CREATE_DATE":1786716795000,"EDITOR":"Transportation_SeattleCityGIS","EDIT_DATE":1786716795000}},{"type":"Feature","id":364005,"geometry":{"type":"Point","coordinates":[-122.321438928664,47.5475029545225]},"properties":{"OBJECTID":364005,"COMPKEY":545641,"UNITID":"CMR-0095","OWNERSHIP":"SDOT","DISTRICT":null,"NAME":"Corson_S_Bailey_EW.jpg","COMPTYPE":16,"URL":"http://www.seattle.gov/trafficcams/images/Corson_S_Bailey_EW.jpg","LOCATION":"Corson Ave S & S Bailey St / S Michigan St","SERVSTAT":"ACTV","SE_ANNO_CAD_DATA":"","STREAM_NAME":"Corson_S_Bailey_EW","GLOBALID":"8fbb1919-40c8-4bbd-8493-58edfd4d82a6","CREATOR":"Transportation_SeattleCityGIS","CREATE_DATE":1786716795000,"EDITOR":"Transportation_SeattleCityGIS","EDIT_DATE":1786716795000}},{"type":"Feature","id":364006,"geometry":{"type":"Point","coordinates":[-122.339990402116,47.5755797718324]},"properties":{"OBJECTID":364006,"COMPKEY":null,"UNITID":"CMR-0100","OWNERSHIP":"SDOT","DISTRICT":null,"NAME":"EMarg_S_Hanford_NS.jpg","COMPTYPE":16,"URL":"http://www.seattle.gov/trafficcams/images/EMarg_S_Hanford_NS.jpg","LOCATION":"E Marginal Way S & S Hanford St","SERVSTAT":"ACTV","SE_ANNO_CAD_DATA":"","STREAM_NAME":"EMarg_S_Hanford_NS","GLOBALID":"eff61398-8322-4990-96c9-9b5bcda4edab","CREATOR":"Transportation_SeattleCityGIS","CREATE_DATE":1786716795000,"EDITOR":"Transportation_SeattleCityGIS","EDIT_DATE":1786716795000}},{"type":"Feature","id":364007,"geometry":{"type":"Point","coordinates":[-122.334167922679,47.5480054367395]},"properties":{"OBJECTID":364007,"COMPKEY":544728,"UNITID":"CMR-0019","OWNERSHIP":"SDOT","DISTRICT":null,"NAME":"1_S_EMarg_NS.jpg","COMPTYPE":16,"URL":"http://www.seattle.gov/trafficcams/images/1_S_EMarg_NS.jpg","LOCATION":"1st Ave S & E Marginal Way S","SERVSTAT":"ACTV","SE_ANNO_CAD_DATA":"","STREAM_NAME":"1_S_EMarg_NS","GLOBALID":"df601674-a0b6-4419-ae35-00c76b1d898c","CREATOR":"Transportation_SeattleCityGIS","CREATE_DATE":1786716795000,"EDITOR":"Transportation_SeattleCityGIS","EDIT_DATE":1786716795000}},{"type":"Feature","id":364008,"geometry":{"type":"Point","coordinates":[-122.334188031538,47.5992048288577]},"properties":{"OBJECTID":364008,"COMPKEY":null,"UNITID":"CMR-0189","OWNERSHIP":"SDOT","DISTRICT":null,"NAME":"1_S_Jackson_EW.jpg","COMPTYPE":16,"URL":"http://www.seattle.gov/trafficcams/images/1_S_Jackson_EW.jpg","LOCATION":"1st Ave S & Jackson St","SERVSTAT":"ACTV","SE_ANNO_CAD_DATA":"","STREAM_NAME":"1_S_Jackson_EW","GLOBALID":"a53ae497-7f65-46f8-8349-71a407fbf41d","CREATOR":"Transportation_SeattleCityGIS","CREATE_DATE":1786716795000,"EDITOR":"Transportation_SeattleCityGIS","EDIT_DATE":1786716795000}},{"type":"Feature","id":364009,"geometry":{"type":"Point","coordinates":[-122.336975615132,47.6114658283233]},"properties":{"OBJECTID":364009,"COMPKEY":null,"UNITID":"CMR-0176","OWNERSHIP":"SDOT","DISTRICT":null,"NAME":"5_Pine_EW.jpg","COMPTYPE":16,"URL":"http://www.seattle.gov/trafficcams/images/5_Pine_EW.jpg","LOCATION":"5th Ave & Pine St EW","SERVSTAT":"ACTV","SE_ANNO_CAD_DATA":"","STREAM_NAME":"5_Pine_EW","GLOBALID":"1c30c4ff-cab5-48dc-b9bc-615231e1f8b5","CREATOR":"Transportation_SeattleCityGIS","CREATE_DATE":1786716795000,"EDITOR":"Transportation_SeattleCityGIS","EDIT_DATE":1786716795000}},{"type":"Feature","id":364010,"geometry":{"type":"Point","coordinates":[-122.331240659145,47.6038254309835]},"properties":{"OBJECTID":364010,"COMPKEY":null,"UNITID":"CMR-0155","OWNERSHIP":"SDOT","DISTRICT":null,"NAME":"4_Cherry_EW.jpg","COMPTYPE":16,"URL":"http://www.seattle.gov/trafficcams/images/4_Cherry_EW.jpg","LOCATION":"4th Ave & Cherry St EW","SERVSTAT":"ACTV","SE_ANNO_CAD_DATA":"","STREAM_NAME":"4_Cherry_EW","GLOBALID":"4ec62db0-a084-4a97-81ea-35a162b8245a","CREATOR":"Transportation_SeattleCityGIS","CREATE_DATE":1786716795000,"EDITOR":"Transportation_SeattleCityGIS","EDIT_DATE":1786716795000}},{"type":"Feature","id":364011,"geometry":{"type":"Point","coordinates":[-122.330952062736,47.6039484404794]},"properties":{"OBJECTID":364011,"COMPKEY":null,"UNITID":"CMR-0156","OWNERSHIP":"SDOT","DISTRICT":null,"NAME":"4_Cherry_NS.jpg","COMPTYPE":16,"URL":"http://www.seattle.gov/trafficcams/images/4_Cherry_NS.jpg","LOCATION":"4th Ave & Cherry St NS","SERVSTAT":"ACTV","SE_ANNO_CAD_DATA":"","STREAM_NAME":"4_Cherry_NS","GLOBALID":"69ff3af3-d390-4ae6-8411-13fc189a2e28","CREATOR":"Transportation_SeattleCityGIS","CREATE_DATE":1786716795000,"EDITOR":"Transportation_SeattleCityGIS","EDIT_DATE":1786716795000}},{"type":"Feature","id":364012,"geometry":{"type":"Point","coordinates":[-122.336483966219,47.6116720097474]},"properties":{"OBJECTID":364012,"COMPKEY":null,"UNITID":"CMR-0223","OWNERSHIP":"SDOT","DISTRICT":null,"NAME":"5_Pine_NS.jpg","COMPTYPE":16,"URL":"http://www.seattle.gov/trafficcams/images/5_Pine_NS.jpg","LOCATION":"5th Ave & Pine St NS","SERVSTAT":"ACTV","SE_ANNO_CAD_DATA":"","STREAM_NAME":"5_Pine_NS","GLOBALID":"e406afb3-e075-45f4-ab09-b95a0fb12eba","CREATOR":"Transportation_SeattleCityGIS","CREATE_DATE":1786716795000,"EDITOR":"Transportation_SeattleCityGIS","EDIT_DATE":1786716795000}},{"type":"Feature","id":364013,"geometry":{"type":"Point","coordinates":[-122.335373136651,47.6121364586989]},"properties":{"OBJECTID":364013,"COMPKEY":null,"UNITID":"CMR-0055","OWNERSHIP":"SDOT","DISTRICT":null,"NAME":"6_Pine_EW.jpg","COMPTYPE":16,"URL":"http://www.seattle.gov/trafficcams/images/6_Pine_EW.jpg","LOCATION":"6th Ave & Pine St","SERVSTAT":"ACTV","SE_ANNO_CAD_DATA":"","STREAM_NAME":"6_Pine_EW","GLOBALID":"e1ce245b-cc9f-4dfd-b64a-649fd10a8fab","CREATOR":"Transportation_SeattleCityGIS","CREATE_DATE":1786716795000,"EDITOR":"Transportation_SeattleCityGIS","EDIT_DATE":1786716795000}},{"type":"Feature","id":364014,"geometry":{"type":"Point","coordinates":[-122.33114608142,47.6058391633764]},"properties":{"OBJECTID":364014,"COMPKEY":null,"UNITID":"CMR-0194","OWNERSHIP":"SDOT","DISTRICT":null,"NAME":"5_Marion_EW.jpg","COMPTYPE":16,"URL":"http://www.seattle.gov/trafficcams/images/5_Marion_EW.jpg","LOCATION":"5th Ave & Marion St","SERVSTAT":"ACTV","SE_ANNO_CAD_DATA":"","STREAM_NAME":"5_Marion_EW","GLOBALID":"04c06ceb-682a-40ec-8bb5-880173a78db6","CREATOR":"Transportation_SeattleCityGIS","CREATE_DATE":1786716795000,"EDITOR":"Transportation_SeattleCityGIS","EDIT_DATE":1786716795000}},{"type":"Feature","id":364015,"geometry":{"type":"Point","coordinates":[-122.339614349083,47.6151601578721]},"properties":{"OBJECTID":364015,"COMPKEY":null,"UNITID":"CMR-0170","OWNERSHIP":"SDOT","DISTRICT":null,"NAME":"6_Lenora_NS.jpg","COMPTYPE":16,"URL":"http://www.seattle.gov/trafficcams/images/6_Lenora_NS.jpg","LOCATION":"6th Ave & Lenora St","SERVSTAT":"ACTV","SE_ANNO_CAD_DATA":"","STREAM_NAME":"6_Lenora_NS","GLOBALID":"87d0875a-ebef-4f7b-9a58-163f9b0fcd3b","CREATOR":"Transportation_SeattleCityGIS","CREATE_DATE":1786716795000,"EDITOR":"Transportation_SeattleCityGIS","EDIT_DATE":1786716795000}},{"type":"Feature","id":364016,"geometry":{"type":"Point","coordinates":[-122.331987231537,47.6084855848041]},"properties":{"OBJECTID":364016,"COMPKEY":null,"UNITID":"CMR-0188","OWNERSHIP":"SDOT","DISTRICT":null,"NAME":"6_Seneca_NS.jpg","COMPTYPE":16,"URL":"http://www.seattle.gov/trafficcams/images/6_Seneca_NS.jpg","LOCATION":"6th Ave & Seneca St","SERVSTAT":"ACTV","SE_ANNO_CAD_DATA":"","STREAM_NAME":"6_Seneca_NS","GLOBALID":"137ae165-2e8e-4bb5-a613-08fa66d82cd4","CREATOR":"Transportation_SeattleCityGIS","CREATE_DATE":1786716795000,"EDITOR":"Transportation_SeattleCityGIS","EDIT_DATE":1786716795000}},{"type":"Feature","id":364017,"geometry":{"type":"Point","coordinates":[-122.329588213609,47.5453368960427]},"properties":{"OBJECTID":364017,"COMPKEY":544859,"UNITID":"CMR-0044","OWNERSHIP":"SDOT","DISTRICT":null,"NAME":"4_S_Michigan_NS.jpg","COMPTYPE":16,"URL":"http://www.seattle.gov/trafficcams/images/4_S_Michigan_NS.jpg","LOCATION":"4th Ave S & Michigan St","SERVSTAT":"ACTV","SE_ANNO_CAD_DATA":"","STREAM_NAME":"4_S_Michigan_NS","GLOBALID":"4bf25843-7393-4843-afe2-b4a0789af5cb","CREATOR":"Transportation_SeattleCityGIS","CREATE_DATE":1786716795000,"EDITOR":"Transportation_SeattleCityGIS","EDIT_DATE":1786716795000}},{"type":"Feature","id":364018,"geometry":{"type":"Point","coordinates":[-122.32905016297,47.5903107581423]},"properties":{"OBJECTID":364018,"COMPKEY":544811,"UNITID":"CMR-0042","OWNERSHIP":"SDOT","DISTRICT":null,"NAME":"4_S_Atlantic_EW.jpg","COMPTYPE":16,"URL":"http://www.seattle.gov/trafficcams/images/4_S_Atlantic_EW.jpg","LOCATION":"4th Ave S & S Atlantic St","SERVSTAT":"ACTV","SE_ANNO_CAD_DATA":"","STREAM_NAME":"4_S_Atlantic_EW","GLOBALID":"f2c84f78-bf87-405d-9ccc-ffe680612622","CREATOR":"Transportation_SeattleCityGIS","CREATE_DATE":1786716795000,"EDITOR":"Transportation_SeattleCityGIS","EDIT_DATE":1786716795000}},{"type":"Feature","id":364019,"geometry":{"type":"Point","coordinates":[-122.331798123028,47.6065527457321]},"properties":{"OBJECTID":364019,"COMPKEY":544898,"UNITID":"CMR-0050","OWNERSHIP":"SDOT","DISTRICT":null,"NAME":"5_Madison_NS.jpg","COMPTYPE":16,"URL":"http://www.seattle.gov/trafficcams/images/5_Madison_NS.jpg","LOCATION":"5th Ave & Madison St NS","SERVSTAT":"ACTV","SE_ANNO_CAD_DATA":"","STREAM_NAME":"5_Madison_NS","GLOBALID":"2444c329-edd4-4b21-975c-ef87141159a7","CREATOR":"Transportation_SeattleCityGIS","CREATE_DATE":1786716795000,"EDITOR":"Transportation_SeattleCityGIS","EDIT_DATE":1786716795000}},{"type":"Feature","id":364020,"geometry":{"type":"Point","coordinates":[-122.335325699455,47.6070848398556]},"properties":{"OBJECTID":364020,"COMPKEY":null,"UNITID":"CMR-0191","OWNERSHIP":"SDOT","DISTRICT":null,"NAME":"3_Seneca_EW.jpg","COMPTYPE":16,"URL":"http://www.seattle.gov/trafficcams/images/3_Seneca_EW.jpg","LOCATION":"3rd Ave & Seneca St","SERVSTAT":"ACTV","SE_ANNO_CAD_DATA":"","STREAM_NAME":"3_Seneca_EW","GLOBALID":"741f501b-d6ca-40c6-9364-8d78b9572e6e","CREATOR":"Transportation_SeattleCityGIS","CREATE_DATE":1786716795000,"EDITOR":"Transportation_SeattleCityGIS","EDIT_DATE":1786716795000}},{"type":"Feature","id":364021,"geometry":{"type":"Point","coordinates":[-122.345142969405,47.6160826819757]},"properties":{"OBJECTID":364021,"COMPKEY":544809,"UNITID":"CMR-0040","OWNERSHIP":"SDOT","DISTRICT":null,"NAME":"4_Battery_EW.jpg","COMPTYPE":16,"URL":"http://www.seattle.gov/trafficcams/images/4_Battery_EW.jpg","LOCATION":"4th Ave & Battery St","SERVSTAT":"ACTV","SE_ANNO_CAD_DATA":"","STREAM_NAME":"4_Battery_EW","GLOBALID":"5bec0fe2-3eee-4e76-a215-751b8065afec","CREATOR":"Transportation_SeattleCityGIS","CREATE_DATE":1786716795000,"EDITOR":"Transportation_SeattleCityGIS","EDIT_DATE":1786716795000}},{"type":"Feature","id":364022,"geometry":{"type":"Point","coordinates":[-122.332041866863,47.6135279307568]},"properties":{"OBJECTID":364022,"COMPKEY":null,"UNITID":"CMR-0172","OWNERSHIP":"SDOT","DISTRICT":null,"NAME":"9_Pine_EW.jpg","COMPTYPE":16,"URL":"http://www.seattle.gov/trafficcams/images/9_Pine_EW.jpg","LOCATION":"9th Ave & Pine St","SERVSTAT":"ACTV","SE_ANNO_CAD_DATA":"","STREAM_NAME":"9_Pine_EW","GLOBALID":"896d8d06-b942-418b-a577-a1d6be78983e","CREATOR":"Transportation_SeattleCityGIS","CREATE_DATE":1786716795000,"EDITOR":"Transportation_SeattleCityGIS","EDIT_DATE":1786716795000}},{"type":"Feature","id":364023,"geometry":{"type":"Point","coordinates":[-122.339439176469,47.5644997963598]},"properties":{"OBJECTID":364023,"COMPKEY":545656,"UNITID":"CMR-0102","OWNERSHIP":"SDOT","DISTRICT":null,"NAME":"EMarg_S_Idaho_NS.jpg","COMPTYPE":16,"URL":"http://www.seattle.gov/trafficcams/images/EMarg_S_Idaho_NS.jpg","LOCATION":"E Marginal Way S & S Idaho St","SERVSTAT":"ACTV","SE_ANNO_CAD_DATA":"","STREAM_NAME":"EMarg_S_Idaho_NS","GLOBALID":"11bbe6fa-9659-47ed-bcc4-e2b02d256116","CREATOR":"Transportation_SeattleCityGIS","CREATE_DATE":1786716795000,"EDITOR":"Transportation_SeattleCityGIS","EDIT_DATE":1786716795000}},{"type":"Feature","id":364024,"geometry":{"type":"Point","coordinates":[-122.33911050158,47.5574125244108]},"properties":{"OBJECTID":364024,"COMPKEY":545654,"UNITID":"CMR-0101","OWNERSHIP":"SDOT","DISTRICT":null,"NAME":"EMarg_S_Hudson_NS.jpg","COMPTYPE":16,"URL":"http://www.seattle.gov/trafficcams/images/EMarg_S_Hudson_NS.jpg","LOCATION":"E Marginal Way S @ Hudson St","SERVSTAT":"ACTV","SE_ANNO_CAD_DATA":"","STREAM_NAME":"EMarg_S_Hudson_NS","GLOBALID":"795362da-a4d6-496a-ada5-1e777cdf29d0","CREATOR":"Transportation_SeattleCityGIS","CREATE_DATE":1786716795000,"EDITOR":"Transportation_SeattleCityGIS","EDIT_DATE":1786716795000}},{"type":"Feature","id":364025,"geometry":{"type":"Point","coordinates":[-122.331306048169,47.5448814245194]},"properties":{"OBJECTID":364025,"COMPKEY":545772,"UNITID":"CMR-0103","OWNERSHIP":"SDOT","DISTRICT":null,"NAME":"EMarg_S_Michigan_NS.jpg","COMPTYPE":16,"URL":"http://www.seattle.gov/trafficcams/images/EMarg_S_Michigan_NS.jpg","LOCATION":"E Marginal Way S & S Michigan St","SERVSTAT":"ACTV","SE_ANNO_CAD_DATA":"","STREAM_NAME":"EMarg_S_Michigan_NS","GLOBALID":"dda1efb1-4024-46aa-b2cb-780fbaba17e4","CREATOR":"Transportation_SeattleCityGIS","CREATE_DATE":1786716795000,"EDITOR":"Transportation_SeattleCityGIS","EDIT_DATE":1786716795000}},{"type":"Feature","id":364026,"geometry":{"type":"Point","coordinates":[-122.351356417321,47.6514848599823]},"properties":{"OBJECTID":364026,"COMPKEY":545778,"UNITID":"CMR-0109","OWNERSHIP":"SDOT","DISTRICT":null,"NAME":"Evanston_N_36_EW.jpg","COMPTYPE":16,"URL":"http://www.seattle.gov/trafficcams/images/Evanston_N_36_EW.jpg","LOCATION":"Evanston Ave N & N 36th St","SERVSTAT":"ACTV","SE_ANNO_CAD_DATA":"","STREAM_NAME":"Evanston_N_36_EW","GLOBALID":"bd618261-a0e7-410a-bdeb-27b669815335","CREATOR":"Transportation_SeattleCityGIS","CREATE_DATE":1786716795000,"EDITOR":"Transportation_SeattleCityGIS","EDIT_DATE":1786716795000}},{"type":"Feature","id":364027,"geometry":{"type":"Point","coordinates":[-122.381481490549,47.5611250670817]},"properties":{"OBJECTID":364027,"COMPKEY":545826,"UNITID":"CMR-0113","OWNERSHIP":"SDOT","DISTRICT":"4","NAME":"Fauntleroy_SW_Alaska_NS.jpg","COMPTYPE":16,"URL":"http://www.seattle.gov/trafficcams/images/Fauntleroy_SW_Alaska_NS.jpg","LOCATION":"Fauntleroy Way SW & SW Alaska St","SERVSTAT":"ACTV","SE_ANNO_CAD_DATA":"","STREAM_NAME":"Fauntleroy_SW_Alaska_NS","GLOBALID":"057759d1-5bf7-4256-bb8e-6f55d5aa0945","CREATOR":"Transportation_SeattleCityGIS","CREATE_DATE":1786716795000,"EDITOR":"Transportation_SeattleCityGIS","EDIT_DATE":1786716795000}},{"type":"Feature","id":364028,"geometry":{"type":"Point","coordinates":[-122.349934452538,47.6513488087068]},"properties":{"OBJECTID":364028,"COMPKEY":545827,"UNITID":"CMR-0114","OWNERSHIP":"SDOT","DISTRICT":null,"NAME":"Fremont_N_36_NS.jpg","COMPTYPE":16,"URL":"http://www.seattle.gov/trafficcams/images/Fremont_N_36_NS.jpg","LOCATION":"Fremont Ave N & N 36th St","SERVSTAT":"ACTV","SE_ANNO_CAD_DATA":"","STREAM_NAME":"Fremont_N_36_NS","GLOBALID":"ce18e6fc-fef5-4d8d-982b-6197dcbad1ad","CREATOR":"Transportation_SeattleCityGIS","CREATE_DATE":1786716795000,"EDITOR":"Transportation_SeattleCityGIS","EDIT_DATE":1786716795000}},{"type":"Feature","id":364029,"geometry":{"type":"Point","coordinates":[-122.355452745925,47.7050835411737]},"properties":{"OBJECTID":364029,"COMPKEY":null,"UNITID":"CMR-0206","OWNERSHIP":"SDOT","DISTRICT":null,"NAME":"Greenwood_N_105_NS.jpg","COMPTYPE":16,"URL":"http://www.seattle.gov/trafficcams/images/Greenwood_N_105_NS.jpg","LOCATION":"Greenwood Ave N & N 105th St","SERVSTAT":"ACTV","SE_ANNO_CAD_DATA":"","STREAM_NAME":"Greenwood_N_105_NS","GLOBALID":"9f1e5f33-6604-441e-a97f-31fd3076ead3","CREATOR":"Transportation_SeattleCityGIS","CREATE_DATE":1786716795000,"EDITOR":"Transportation_SeattleCityGIS","EDIT_DATE":1786716795000}},{"type":"Feature","id":364030,"geometry":{"type":"Point","coordinates":[-122.301149172875,47.6590590445157]},"properties":{"OBJECTID":364030,"COMPKEY":545965,"UNITID":"CMR-0130","OWNERSHIP":"SDOT","DISTRICT":"2","NAME":"Montlake_NE_25_NS.jpg","COMPTYPE":16,"URL":"http://www.seattle.gov/trafficcams/images/Montlake_NE_25_NS.jpg","LOCATION":"Montlake Blvd NE & 25th Ave NE","SERVSTAT":"ACTV","SE_ANNO_CAD_DATA":"","STREAM_NAME":"Montlake_NE_25_NS","GLOBALID":"aaa6bbef-d541-44f8-8c1d-487c1168db96","CREATOR":"Transportation_SeattleCityGIS","CREATE_DATE":1786716795000,"EDITOR":"Transportation_SeattleCityGIS","EDIT_DATE":1786716795000}},{"type":"Feature","id":364031,"geometry":{"type":"Point","coordinates":[-122.375739003805,47.6759452305931]},"properties":{"OBJECTID":364031,"COMPKEY":null,"UNITID":"CMR-0006","OWNERSHIP":"SDOT","DISTRICT":null,"NAME":"15_NW_65_2.jpg","COMPTYPE":16,"URL":"http://www.seattle.gov/trafficcams/images/15_NW_65_2.jpg","LOCATION":"15th Ave NW & NW 65th St EW","SERVSTAT":"ACTV","SE_ANNO_CAD_DATA":"","STREAM_NAME":"15_NW_65_2","GLOBALID":"074994d2-1420-4a4f-9fb8-cd821324351b","CREATOR":"Transportation_SeattleCityGIS","CREATE_DATE":1786716795000,"EDITOR":"Transportation_SeattleCityGIS","EDIT_DATE":1786716795000}},{"type":"Feature","id":364032,"geometry":{"type":"Point","coordinates":[-122.334172139452,47.6259655711074]},"properties":{"OBJECTID":364032,"COMPKEY":null,"UNITID":"CMR-0111","OWNERSHIP":"SDOT","DISTRICT":"3","NAME":"Fairview_Valley_NS.jpg","COMPTYPE":16,"URL":"http://www.seattle.gov/trafficcams/images/Fairview_Valley_NS.jpg","LOCATION":"Fairview Ave N @ Valley St","SERVSTAT":"ACTV","SE_ANNO_CAD_DATA":"","STREAM_NAME":"Fairview_Valley_NS","GLOBALID":"19935b83-aa06-41f0-bf70-7afb184b928b","CREATOR":"Transportation_SeattleCityGIS","CREATE_DATE":1786716795000,"EDITOR":"Transportation_SeattleCityGIS","EDIT_DATE":1786716795000}},{"type":"Feature","id":364033,"geometry":{"type":"Point","coordinates":[-122.344960035074,47.6220724210968]},"properties":{"OBJECTID":364033,"COMPKEY":null,"UNITID":"CMR-0161","OWNERSHIP":"SDOT","DISTRICT":null,"NAME":"6_N_Harrison.jpg","COMPTYPE":16,"URL":"https://www.seattle.gov/trafficcams/images/6_N_Harrison.jpg","LOCATION":"15th Ave NE & NE 45th St","SERVSTAT":"ACTV","SE_ANNO_CAD_DATA":"","STREAM_NAME":"6_N_Harrison","GLOBALID":"644219b8-93e4-4ba5-9e75-81f08f174a7a","CREATOR":"Transportation_SeattleCityGIS","CREATE_DATE":1786716795000,"EDITOR":"Transportation_SeattleCityGIS","EDIT_DATE":1786716795000}},{"type":"Feature","id":364034,"geometry":{"type":"Point","coordinates":[-122.344539139015,47.6920117905659]},"properties":{"OBJECTID":364034,"COMPKEY":545152,"UNITID":"CMR-0079","OWNERSHIP":"SDOT","DISTRICT":null,"NAME":"Aurora_N_87_NS.jpg","COMPTYPE":16,"URL":"http://www.seattle.gov/trafficcams/images/Aurora_N_87_NS.jpg","LOCATION":"Aurora Ave N & N 87th St NS","SERVSTAT":"ACTV","SE_ANNO_CAD_DATA":"","STREAM_NAME":"Aurora_N_87_NS\r\n","GLOBALID":"e0646f85-7518-4638-b88d-3a4a3c06638c","CREATOR":"Transportation_SeattleCityGIS","CREATE_DATE":1786716795000,"EDITOR":"Transportation_SeattleCityGIS","EDIT_DATE":1786716795000}},{"type":"Feature","id":364035,"geometry":{"type":"Point","coordinates":[-122.376758804591,47.6763573634724]},"properties":{"OBJECTID":364035,"COMPKEY":542960,"UNITID":"CMR-0007","OWNERSHIP":"SDOT","DISTRICT":null,"NAME":"15_NW_65_1.jpg","COMPTYPE":16,"URL":"http://www.seattle.gov/trafficcams/images/15_NW_65_1.jpg","LOCATION":"15th Ave NW & NW 65th St NS","SERVSTAT":"ACTV","SE_ANNO_CAD_DATA":"","STREAM_NAME":"15_NW_65_1","GLOBALID":"74d56db4-ff9d-45b7-a1d5-dddb8182f4b8","CREATOR":"Transportation_SeattleCityGIS","CREATE_DATE":1786716795000,"EDITOR":"Transportation_SeattleCityGIS","EDIT_DATE":1786716795000}},{"type":"Feature","id":364036,"geometry":{"type":"Point","coordinates":[-122.355164901271,47.5173603810088]},"properties":{"OBJECTID":364036,"COMPKEY":null,"UNITID":"CMR-0327","OWNERSHIP":"SDOT","DISTRICT":null,"NAME":"16_SW_Roxbury.jpg","COMPTYPE":16,"URL":"http://www.seattle.gov/trafficcams/images/16_SW_Roxbury.jpg","LOCATION":"16th Ave SW & SW Roxbury St","SERVSTAT":"ACTV","SE_ANNO_CAD_DATA":"","STREAM_NAME":"16_SW_Roxbury","GLOBALID":"0198cf71-6859-43f9-a087-3d02c3052431","CREATOR":"Transportation_SeattleCityGIS","CREATE_DATE":1786716795000,"EDITOR":"Transportation_SeattleCityGIS","EDIT_DATE":1786716795000}},{"type":"Feature","id":364037,"geometry":{"type":"Point","coordinates":[-122.296644457813,47.5763935147213]},"properties":{"OBJECTID":364037,"COMPKEY":923861,"UNITID":"CMR-0436","OWNERSHIP":"SDOT","DISTRICT":null,"NAME":"Rainier_S_MLK_3.jpg","COMPTYPE":16,"URL":"https://www.seattle.gov/trafficcams/images/Rainier_S_MLK_3.jpg","LOCATION":"Rainier Ave S  & MLK Jr Way S  - 3","SERVSTAT":"ACTV","SE_ANNO_CAD_DATA":"","STREAM_NAME":"Rainier_S_MLK_3","GLOBALID":"31cda29f-c3e4-4aa3-b8f0-e075c2e8ebbb","CREATOR":"Transportation_SeattleCityGIS","CREATE_DATE":1786716795000,"EDITOR":"Transportation_SeattleCityGIS","EDIT_DATE":1786716795000}},{"type":"Feature","id":364038,"geometry":{"type":"Point","coordinates":[-122.293240252748,47.5608084467191]},"properties":{"OBJECTID":364038,"COMPKEY":545847,"UNITID":"CMR-0126","OWNERSHIP":"SDOT","DISTRICT":null,"NAME":"MLK_S_Alaska_2.jpg","COMPTYPE":16,"URL":"http://www.seattle.gov/trafficcams/images/MLK_S_Alaska_2.jpg","LOCATION":"MLK Way S & S Alaska St NS","SERVSTAT":"ACTV","SE_ANNO_CAD_DATA":"","STREAM_NAME":"MLK_S_Alaska_2","GLOBALID":"ab4ddd0a-8c68-441c-bbf0-7e17c8a08261","CREATOR":"Transportation_SeattleCityGIS","CREATE_DATE":1786716795000,"EDITOR":"Transportation_SeattleCityGIS","EDIT_DATE":1786716795000}},{"type":"Feature","id":364039,"geometry":{"type":"Point","coordinates":[-122.337536434899,47.606125240204]},"properties":{"OBJECTID":364039,"COMPKEY":null,"UNITID":"CMR-0217","OWNERSHIP":"SDOT","DISTRICT":null,"NAME":"1_Seneca.jpg","COMPTYPE":16,"URL":"http://www.seattle.gov/trafficcams/images/1_Seneca.jpg","LOCATION":"1st Ave & Seneca St","SERVSTAT":"ACTV","SE_ANNO_CAD_DATA":"","STREAM_NAME":"1_Seneca","GLOBALID":"bab27c53-a4b6-4d76-b240-4e89fd9aadfb","CREATOR":"Transportation_SeattleCityGIS","CREATE_DATE":1786716795000,"EDITOR":"Transportation_SeattleCityGIS","EDIT_DATE":1786716795000}},{"type":"Feature","id":364040,"geometry":{"type":"Point","coordinates":[-122.304601684985,47.6490287272337]},"properties":{"OBJECTID":364040,"COMPKEY":null,"UNITID":"CMR-0132","OWNERSHIP":"SDOT","DISTRICT":null,"NAME":"Montlake_NE_Pacific_2.jpg","COMPTYPE":16,"URL":"http://www.seattle.gov/trafficcams/images/Montlake_NE_Pacific_2.jpg","LOCATION":"Montlake Blvd NE & NE Pacific St SWC","SERVSTAT":"ACTV","SE_ANNO_CAD_DATA":"","STREAM_NAME":"Montlake_NE_Pacific_2","GLOBALID":"e9ecaf48-31bc-4742-aafd-cf200d5247c0","CREATOR":"Transportation_SeattleCityGIS","CREATE_DATE":1786716795000,"EDITOR":"Transportation_SeattleCityGIS","EDIT_DATE":1786716795000}},{"type":"Feature","id":364041,"geometry":{"type":"Point","coordinates":[-122.351186003566,47.6128137517669]},"properties":{"OBJECTID":364041,"COMPKEY":null,"UNITID":"CMR-0261","OWNERSHIP":"SDOT","DISTRICT":null,"NAME":"Alaskan_Wall.jpg","COMPTYPE":16,"URL":"http://www.seattle.gov/trafficcams/images/Alaskan_Wall.jpg","LOCATION":"Alaskan Way & Wall St","SERVSTAT":"ACTV","SE_ANNO_CAD_DATA":"","STREAM_NAME":"Alaskan_Wall","GLOBALID":"f5593973-60c5-47e2-bc86-3c10ae8a3e24","CREATOR":"Transportation_SeattleCityGIS","CREATE_DATE":1786716795000,"EDITOR":"Transportation_SeattleCityGIS","EDIT_DATE":1786716795000}},{"type":"Feature","id":364042,"geometry":{"type":"Point","coordinates":[-122.304577609591,47.649290609713]},"properties":{"OBJECTID":364042,"COMPKEY":null,"UNITID":"CMR-0131","OWNERSHIP":"SDOT","DISTRICT":"2","NAME":"Montlake_NE_Pacific_1.jpg","COMPTYPE":16,"URL":"http://www.seattle.gov/trafficcams/images/Montlake_NE_Pacific_1.jpg","LOCATION":"Montlake Blvd NE & NE Pacific St NWC","SERVSTAT":"ACTV","SE_ANNO_CAD_DATA":"","STREAM_NAME":"Montlake_NE_Pacific_1","GLOBALID":"843f6773-80c5-42d9-94f3-e9dbb52adc6e","CREATOR":"Transportation_SeattleCityGIS","CREATE_DATE":1786716795000,"EDITOR":"Transportation_SeattleCityGIS","EDIT_DATE":1786716795000}},{"type":"Feature","id":364043,"geometry":{"type":"Point","coordinates":[-122.33399304391,47.7086630668084]},"properties":{"OBJECTID":364043,"COMPKEY":null,"UNITID":"CMR-0229","OWNERSHIP":"SDOT","DISTRICT":null,"NAME":"Meridian_N_Northgate.jpg","COMPTYPE":16,"URL":"http://www.seattle.gov/trafficcams/images/Meridian_N_Northgate.jpg","LOCATION":"Meridian Ave N & N Northgate Way","SERVSTAT":"ACTV","SE_ANNO_CAD_DATA":"","STREAM_NAME":"Meridian_N_Northgate","GLOBALID":"359627ec-bcb5-4bec-a958-f80b2bc3a99d","CREATOR":"Transportation_SeattleCityGIS","CREATE_DATE":1786716795000,"EDITOR":"Transportation_SeattleCityGIS","EDIT_DATE":1786716795000}},{"type":"Feature","id":364044,"geometry":{"type":"Point","coordinates":[-122.325104311943,47.6092972666001]},"properties":{"OBJECTID":364044,"COMPKEY":881576,"UNITID":"CMR-0378","OWNERSHIP":"SDOT","DISTRICT":null,"NAME":"Boren_Madison_NS.jpg","COMPTYPE":16,"URL":"https://www.seattle.gov/trafficcams/images/Boren_Madison_NS.jpg","LOCATION":"Boren Ave & Madison St NS","SERVSTAT":"ACTV","SE_ANNO_CAD_DATA":"","STREAM_NAME":"Boren_Madison_NS","GLOBALID":"185c79a7-4b57-4dd8-a300-f746c6601d57","CREATOR":"Transportation_SeattleCityGIS","CREATE_DATE":1786716795000,"EDITOR":"Transportation_SeattleCityGIS","EDIT_DATE":1786716795000}},{"type":"Feature","id":364045,"geometry":{"type":"Point","coordinates":[-122.339415369429,47.5602786994468]},"properties":{"OBJECTID":364045,"COMPKEY":933272,"UNITID":"CMR-0447","OWNERSHIP":"SDOT","DISTRICT":null,"NAME":"EMarg_S_Alaska.jpg","COMPTYPE":16,"URL":"https://www.seattle.gov/trafficcams/images/EMarg_S_Alaska.jpg","LOCATION":"E Marginal Wy S & S Alaska St","SERVSTAT":"ACTV","SE_ANNO_CAD_DATA":"","STREAM_NAME":"EMarg_S_Alaska","GLOBALID":"b0067de2-3656-448b-980b-b3ccd8fe901d","CREATOR":"Transportation_SeattleCityGIS","CREATE_DATE":1786716795000,"EDITOR":"Transportation_SeattleCityGIS","EDIT_DATE":1786716795000}},{"type":"Feature","id":364046,"geometry":{"type":"Point","coordinates":[-122.328967514649,47.5991968896654]},"properties":{"OBJECTID":364046,"COMPKEY":544848,"UNITID":"CMR-0043","OWNERSHIP":"SDOT","DISTRICT":null,"NAME":"4_S_Jackson.jpg","COMPTYPE":16,"URL":"http://www.seattle.gov/trafficcams/images/4_S_Jackson.jpg","LOCATION":"4th Ave S & S Jackson St","SERVSTAT":"ACTV","SE_ANNO_CAD_DATA":"","STREAM_NAME":"4_S_Jackson","GLOBALID":"a42d43ae-2416-4763-9e60-4ec5238b64a9","CREATOR":"Transportation_SeattleCityGIS","CREATE_DATE":1786716795000,"EDITOR":"Transportation_SeattleCityGIS","EDIT_DATE":1786716795000}},{"type":"Feature","id":364047,"geometry":{"type":"Point","coordinates":[-122.354224267827,47.6155879413209]},"properties":{"OBJECTID":364047,"COMPKEY":545775,"UNITID":"CMR-0106","OWNERSHIP":"SDOT","DISTRICT":null,"NAME":"Elliott_Broad_NS.jpg","COMPTYPE":16,"URL":"http://www.seattle.gov/trafficcams/images/Elliott_Broad_NS.jpg","LOCATION":"Elliott Ave & Broad St","SERVSTAT":"ACTV","SE_ANNO_CAD_DATA":"","STREAM_NAME":"Elliott_Broad_NS","GLOBALID":"d078e72b-d015-44e4-b914-67a8339664bb","CREATOR":"Transportation_SeattleCityGIS","CREATE_DATE":1786716795000,"EDITOR":"Transportation_SeattleCityGIS","EDIT_DATE":1786716795000}},{"type":"Feature","id":364048,"geometry":{"type":"Point","coordinates":[-122.330999410225,47.6182737631016]},"properties":{"OBJECTID":364048,"COMPKEY":545648,"UNITID":"CMR-0097","OWNERSHIP":"SDOT","DISTRICT":null,"NAME":"Stewart_Denny_EW.jpg","COMPTYPE":16,"URL":"http://www.seattle.gov/trafficcams/images/Stewart_Denny_EW.jpg","LOCATION":"Denny Way & Yale St / Stewart St","SERVSTAT":"ACTV","SE_ANNO_CAD_DATA":"","STREAM_NAME":"Stewart_Denny_EW","GLOBALID":"9e8ddfbd-da5c-4be7-aa7f-69db6ad8f3ad","CREATOR":"Transportation_SeattleCityGIS","CREATE_DATE":1786716795000,"EDITOR":"Transportation_SeattleCityGIS","EDIT_DATE":1786716795000}},{"type":"Feature","id":364049,"geometry":{"type":"Point","coordinates":[-122.360928385347,47.620663707511]},"properties":{"OBJECTID":364049,"COMPKEY":null,"UNITID":"CMR-0145","OWNERSHIP":"SDOT","DISTRICT":null,"NAME":"Western_Elliott_NS.jpg","COMPTYPE":16,"URL":"http://www.seattle.gov/trafficcams/images/Western_Elliott_NS.jpg","LOCATION":"Western Ave & Elliott St","SERVSTAT":"ACTV","SE_ANNO_CAD_DATA":"","STREAM_NAME":"Western_Elliott_NS","GLOBALID":"ac11ae73-fc19-43f4-b686-e350dd0aab83","CREATOR":"Transportation_SeattleCityGIS","CREATE_DATE":1786716795000,"EDITOR":"Transportation_SeattleCityGIS","EDIT_DATE":1786716795000}},{"type":"Feature","id":364050,"geometry":{"type":"Point","coordinates":[-122.372998933404,47.5700989511851]},"properties":{"OBJECTID":364050,"COMPKEY":546044,"UNITID":"CMR-0144","OWNERSHIP":"SDOT","DISTRICT":null,"NAME":"WSea_FwyPullOut_EW.jpg","COMPTYPE":16,"URL":"http://www.seattle.gov/trafficcams/images/WSea_FwyPullOut_EW.jpg","LOCATION":"W Seattle Bridge near SW Charlestown St","SERVSTAT":"ACTV","SE_ANNO_CAD_DATA":"","STREAM_NAME":"WSea_FwyPullOut_EW","GLOBALID":"c477af10-d027-472e-a0fb-0f1d95a1de5a","CREATOR":"Transportation_SeattleCityGIS","CREATE_DATE":1786716795000,"EDITOR":"Transportation_SeattleCityGIS","EDIT_DATE":1786716795000}},{"type":"Feature","id":364051,"geometry":{"type":"Point","coordinates":[-122.348925204061,47.618576265525]},"properties":{"OBJECTID":364051,"COMPKEY":545647,"UNITID":"CMR-0096","OWNERSHIP":"SDOT","DISTRICT":null,"NAME":"4_Denny_EW.jpg\r\n","COMPTYPE":16,"URL":"http://www.seattle.gov/trafficcams/images/4_Denny_EW.jpg","LOCATION":"4th Ave N & Denny Way","SERVSTAT":"ACTV","SE_ANNO_CAD_DATA":"","STREAM_NAME":"4_Denny_EW","GLOBALID":"62159e44-df49-40c0-845c-0491662b0396","CREATOR":"Transportation_SeattleCityGIS","CREATE_DATE":1786716795000,"EDITOR":"Transportation_SeattleCityGIS","EDIT_DATE":1786716795000}},{"type":"Feature","id":364052,"geometry":{"type":"Point","coordinates":[-122.347571020313,47.6245614776713]},"properties":{"OBJECTID":364052,"COMPKEY":null,"UNITID":"CMR-0162","OWNERSHIP":"SDOT","DISTRICT":null,"NAME":"5_Mercer_EW.jpg","COMPTYPE":16,"URL":"http://www.seattle.gov/trafficcams/images/5_Mercer_EW.jpg","LOCATION":"5th Ave & Mercer St EW","SERVSTAT":"ACTV","SE_ANNO_CAD_DATA":"","STREAM_NAME":"5_Mercer_EW","GLOBALID":"0299e599-8d4a-4856-ae13-6fc8c1e6e9bc","CREATOR":"Transportation_SeattleCityGIS","CREATE_DATE":1786716795000,"EDITOR":"Transportation_SeattleCityGIS","EDIT_DATE":1786716795000}},{"type":"Feature","id":364053,"geometry":{"type":"Point","coordinates":[-122.322774162675,47.5648856093014]},"properties":{"OBJECTID":364053,"COMPKEY":544983,"UNITID":"CMR-0061","OWNERSHIP":"SDOT","DISTRICT":null,"NAME":"Airport_S_Industrial_NS.jpg\r\n","COMPTYPE":16,"URL":"http://www.seattle.gov/trafficcams/images/Airport_S_Industrial_NS.jpg","LOCATION":"Airport Way S & S Industrial Way","SERVSTAT":"ACTV","SE_ANNO_CAD_DATA":"","STREAM_NAME":"Airport_S_Industrial_NS","GLOBALID":"86a3ebad-1624-4a44-95eb-5decc990f6c8","CREATOR":"Transportation_SeattleCityGIS","CREATE_DATE":1786716795000,"EDITOR":"Transportation_SeattleCityGIS","EDIT_DATE":1786716795000}},{"type":"Feature","id":364054,"geometry":{"type":"Point","coordinates":[-122.347959679508,47.5710759852399]},"properties":{"OBJECTID":364054,"COMPKEY":null,"UNITID":"CMR-0142","OWNERSHIP":"SDOT","DISTRICT":null,"NAME":"WSB_Midspan_EW.jpg","COMPTYPE":16,"URL":"http://www.seattle.gov/trafficcams/images/WSB_Midspan_EW.jpg","LOCATION":"W Seattle Bridge Mid-Span","SERVSTAT":"ACTV","SE_ANNO_CAD_DATA":"","STREAM_NAME":"WSB_Midspan_EW","GLOBALID":"a2ade549-a982-4154-8292-f80a3890c698","CREATOR":"Transportation_SeattleCityGIS","CREATE_DATE":1786716795000,"EDITOR":"Transportation_SeattleCityGIS","EDIT_DATE":1786716795000}},{"type":"Feature","id":364055,"geometry":{"type":"Point","coordinates":[-122.304148252035,47.6440137867917]},"properties":{"OBJECTID":364055,"COMPKEY":null,"UNITID":"CMR-0129","OWNERSHIP":"SDOT","DISTRICT":"2","NAME":"Montlake_E_LakeWash_NS.jpg","COMPTYPE":16,"URL":"http://www.seattle.gov/trafficcams/images/Montlake_E_LakeWash_NS.jpg","LOCATION":"Montlake Blvd NE & NE Lake Washington Blvd","SERVSTAT":"ACTV","SE_ANNO_CAD_DATA":"","STREAM_NAME":"Montlake_E_LakeWash_NS","GLOBALID":"3b01d009-00d8-4a56-8c59-8b2693d11b41","CREATOR":"Transportation_SeattleCityGIS","CREATE_DATE":1786716795000,"EDITOR":"Transportation_SeattleCityGIS","EDIT_DATE":1786716795000}},{"type":"Feature","id":364056,"geometry":{"type":"Point","coordinates":[-122.347569617205,47.6247566184463]},"properties":{"OBJECTID":364056,"COMPKEY":null,"UNITID":"CMR-0163","OWNERSHIP":"SDOT","DISTRICT":null,"NAME":"5_Mercer_NS.jpg","COMPTYPE":16,"URL":"http://www.seattle.gov/trafficcams/images/5_Mercer_NS.jpg","LOCATION":"5th Ave N & Mercer St NS","SERVSTAT":"ACTV","SE_ANNO_CAD_DATA":"","STREAM_NAME":"5_Mercer_NS","GLOBALID":"28227a98-a23b-4962-af67-734d98c0b186","CREATOR":"Transportation_SeattleCityGIS","CREATE_DATE":1786716795000,"EDITOR":"Transportation_SeattleCityGIS","EDIT_DATE":1786716795000}},{"type":"Feature","id":364057,"geometry":{"type":"Point","coordinates":[-122.334134079492,47.544571227212]},"properties":{"OBJECTID":364057,"COMPKEY":null,"UNITID":"SR99Michigan","OWNERSHIP":"WSDOT","DISTRICT":null,"NAME":"099vc02701.jpg","COMPTYPE":16,"URL":"http://images.wsdot.wa.gov/nw/099vc02701.jpg","LOCATION":"SR-99 @ S Michigan St","SERVSTAT":"ACTV","SE_ANNO_CAD_DATA":"","STREAM_NAME":null,"GLOBALID":"b05b0260-f160-4817-81c5-2561e266b6d9","CREATOR":"Transportation_SeattleCityGIS","CREATE_DATE":1786716795000,"EDITOR":"Transportation_SeattleCityGIS","EDIT_DATE":1786716795000}},{"type":"Feature","id":364058,"geometry":{"type":"Point","coordinates":[-122.344968858396,47.7224831552556]},"properties":{"OBJECTID":364058,"COMPKEY":545006,"UNITID":"CMR-0074","OWNERSHIP":"SDOT","DISTRICT":"1","NAME":"Aurora_N_130_NS.jpg","COMPTYPE":16,"URL":"http://www.seattle.gov/trafficcams/images/Aurora_N_130_NS.jpg","LOCATION":"Aurora Ave N & N 130th St NS","SERVSTAT":"ACTV","SE_ANNO_CAD_DATA":"","STREAM_NAME":"Aurora_N_130_NS","GLOBALID":"4f1c6e8a-37a3-457a-b107-3d19bd123fa5","CREATOR":"Transportation_SeattleCityGIS","CREATE_DATE":1786716795000,"EDITOR":"Transportation_SeattleCityGIS","EDIT_DATE":1786716795000}},{"type":"Feature","id":364059,"geometry":{"type":"Point","coordinates":[-122.335906444792,47.598296736798]},"properties":{"OBJECTID":364059,"COMPKEY":null,"UNITID":"CMR-0333","OWNERSHIP":"SDOT","DISTRICT":null,"NAME":"Alaskan_S_King.jpg","COMPTYPE":16,"URL":"http://www.seattle.gov/trafficcams/images/Alaskan_S_King.jpg","LOCATION":"Alaskan Way S & S King St","SERVSTAT":"ACTV","SE_ANNO_CAD_DATA":"","STREAM_NAME":"Alaskan_S_King","GLOBALID":"5058c6fd-f9e0-4519-81bc-09cd4b65c223","CREATOR":"Transportation_SeattleCityGIS","CREATE_DATE":1786716795000,"EDITOR":"Transportation_SeattleCityGIS","EDIT_DATE":1786716795000}},{"type":"Feature","id":364060,"geometry":{"type":"Point","coordinates":[-122.376778066665,47.6316725061626]},"properties":{"OBJECTID":364060,"COMPKEY":null,"UNITID":"CMR-0297","OWNERSHIP":"SDOT","DISTRICT":null,"NAME":"Alaskan_W_Galer_NS.jpg","COMPTYPE":16,"URL":"http://www.seattle.gov/trafficcams/images/Alaskan_W_Galer_NS.jpg","LOCATION":"Alaskan Way W & W Galer Flyover","SERVSTAT":"ACTV","SE_ANNO_CAD_DATA":"","STREAM_NAME":"Alaskan_W_Galer_NS","GLOBALID":"a5bab168-f7c2-433f-8954-99b70ca49c91","CREATOR":"Transportation_SeattleCityGIS","CREATE_DATE":1786716795000,"EDITOR":"Transportation_SeattleCityGIS","EDIT_DATE":1786716795000}},{"type":"Feature","id":364061,"geometry":{"type":"Point","coordinates":[-122.301490953238,47.6352238551221]},"properties":{"OBJECTID":364061,"COMPKEY":null,"UNITID":"CMR-T04","OWNERSHIP":"SDOT","DISTRICT":null,"NAME":"SDOT_Portable_4.jpg","COMPTYPE":16,"URL":"http://www.seattle.gov/trafficcams/images/SDOT_Portable_4.jpg","LOCATION":"24th Ave E & Boyer Ave E","SERVSTAT":"ACTV","SE_ANNO_CAD_DATA":"","STREAM_NAME":null,"GLOBALID":"1dad8c3c-c65f-43b4-8906-cdcb4a7f3e43","CREATOR":"Transportation_SeattleCityGIS","CREATE_DATE":1786716795000,"EDITOR":"Transportation_SeattleCityGIS","EDIT_DATE":1786716795000}},{"type":"Feature","id":364062,"geometry":{"type":"Point","coordinates":[-122.321075016762,47.553396887273]},"properties":{"OBJECTID":364062,"COMPKEY":null,"UNITID":"CMR-0349","OWNERSHIP":"SDOT","DISTRICT":null,"NAME":"Airport_S_Lucile.jpg","COMPTYPE":16,"URL":"https://www.seattle.gov/trafficcams/images/Airport_S_Lucile.jpg","LOCATION":"Airport Way S & S Lucile St","SERVSTAT":"ACTV","SE_ANNO_CAD_DATA":"","STREAM_NAME":"Airport_S_Lucile","GLOBALID":"2fd58959-cee1-4897-9c45-5743f9fd637c","CREATOR":"Transportation_SeattleCityGIS","CREATE_DATE":1786716795000,"EDITOR":"Transportation_SeattleCityGIS","EDIT_DATE":1786716795000}},{"type":"Feature","id":364063,"geometry":{"type":"Point","coordinates":[-122.305130320191,47.6443580502]},"properties":{"OBJECTID":364063,"COMPKEY":null,"UNITID":"SR520MontlakeB-N","OWNERSHIP":"WSDOT","DISTRICT":null,"NAME":"520vc00094.jpg","COMPTYPE":16,"URL":"https://images.wsdot.wa.gov/nw/520vc00094.jpg","LOCATION":"SR-520 @ Montlake Blvd. N","SERVSTAT":"ACTV","SE_ANNO_CAD_DATA":"","STREAM_NAME":null,"GLOBALID":"58fd624b-8923-40d3-9a9f-2ea45022a3b2","CREATOR":"Transportation_SeattleCityGIS","CREATE_DATE":1786716795000,"EDITOR":"Transportation_SeattleCityGIS","EDIT_DATE":1786716795000}},{"type":"Feature","id":364064,"geometry":{"type":"Point","coordinates":[-122.330363923911,47.6032864531893]},"properties":{"OBJECTID":364064,"COMPKEY":null,"UNITID":"CMR-0308","OWNERSHIP":"SDOT","DISTRICT":null,"NAME":"4_James_NWC.jpg","COMPTYPE":16,"URL":"http://www.seattle.gov/trafficcams/images/4_James_NWC.jpg","LOCATION":"4th Ave & James St","SERVSTAT":"ACTV","SE_ANNO_CAD_DATA":"","STREAM_NAME":"4_James_NWC","GLOBALID":"6cb66953-58ce-47dd-bba6-9cf88f3b215f","CREATOR":"Transportation_SeattleCityGIS","CREATE_DATE":1786716795000,"EDITOR":"Transportation_SeattleCityGIS","EDIT_DATE":1786716795000}},{"type":"Feature","id":364065,"geometry":{"type":"Point","coordinates":[-122.304921242838,47.6439894415216]},"properties":{"OBJECTID":364065,"COMPKEY":null,"UNITID":"SR520MontlakeB-S","OWNERSHIP":"WSDOT","DISTRICT":null,"NAME":"520vc00088.jpg","COMPTYPE":16,"URL":"https://images.wsdot.wa.gov/nw/520vc00088.jpg","LOCATION":"SR-520 @ Montlake Blvd. S","SERVSTAT":"ACTV","SE_ANNO_CAD_DATA":"","STREAM_NAME":null,"GLOBALID":"e0ecc731-4996-42cc-9ce2-e37c6e6a2ada","CREATOR":"Transportation_SeattleCityGIS","CREATE_DATE":1786716795000,"EDITOR":"Transportation_SeattleCityGIS","EDIT_DATE":1786716795000}},{"type":"Feature","id":364066,"geometry":{"type":"Point","coordinates":[-122.32959114011,47.6075043336624]},"properties":{"OBJECTID":364066,"COMPKEY":null,"UNITID":"CMR-T03","OWNERSHIP":"SDOT","DISTRICT":null,"NAME":"SDOT_Portable_3.jpg","COMPTYPE":16,"URL":"http://www.seattle.gov/trafficcams/images/SDOT_Portable_3.jpg","LOCATION":"Madison St & 7th Ave","SERVSTAT":"ACTV","SE_ANNO_CAD_DATA":"","STREAM_NAME":null,"GLOBALID":"f6ec0ea9-b6dd-4cd2-bf3b-a6376873eb89","CREATOR":"Transportation_SeattleCityGIS","CREATE_DATE":1786716795000,"EDITOR":"Transportation_SeattleCityGIS","EDIT_DATE":1786716795000}},{"type":"Feature","id":364067,"geometry":{"type":"Point","coordinates":[-122.361096517614,47.5379548160115]},"properties":{"OBJECTID":364067,"COMPKEY":null,"UNITID":"CMR-0352","OWNERSHIP":"SDOT","DISTRICT":null,"NAME":"Delridge_SW_Orchard_NEC.jpg","COMPTYPE":16,"URL":"http://www.seattle.gov/trafficcams/images/Delridge_SW_Orchard_NEC.jpg","LOCATION":"Delridge Wy SW & SW Orchard St","SERVSTAT":"ACTV","SE_ANNO_CAD_DATA":"","STREAM_NAME":"Delridge_SW_Orchard_NEC","GLOBALID":"12b66492-a11b-419d-81e1-2f4f996dcb90","CREATOR":"Transportation_SeattleCityGIS","CREATE_DATE":1786716795000,"EDITOR":"Transportation_SeattleCityGIS","EDIT_DATE":1786716795000}},{"type":"Feature","id":364068,"geometry":{"type":"Point","coordinates":[-122.363348504286,47.5629079269631]},"properties":{"OBJECTID":364068,"COMPKEY":null,"UNITID":"CMR-0353","OWNERSHIP":"SDOT","DISTRICT":null,"NAME":"Delridge_SW_Oregon_SWC.jpg","COMPTYPE":16,"URL":"http://www.seattle.gov/trafficcams/images/Delridge_SW_Oregon_SWC.jpg","LOCATION":"Delridge Wy SW & SW Oregon St","SERVSTAT":"ACTV","SE_ANNO_CAD_DATA":"","STREAM_NAME":"Delridge_SW_Oregon_SWC","GLOBALID":"0b61e8b1-9c9b-421d-9948-2461e0958259","CREATOR":"Transportation_SeattleCityGIS","CREATE_DATE":1786716795000,"EDITOR":"Transportation_SeattleCityGIS","EDIT_DATE":1786716795000}},{"type":"Feature","id":364069,"geometry":{"type":"Point","coordinates":[-122.317563542706,47.66122284186]},"properties":{"OBJECTID":364069,"COMPKEY":null,"UNITID":"CMR-0341","OWNERSHIP":"SDOT","DISTRICT":null,"NAME":"Roosevelt_NE_45_SEC.jpg","COMPTYPE":16,"URL":"http://www.seattle.gov/trafficcams/images/Roosevelt_NE_45_SEC.jpg","LOCATION":"Roosevelt Way NE & NE 45th St SEC","SERVSTAT":"ACTV","SE_ANNO_CAD_DATA":"","STREAM_NAME":"Roosevelt_NE_45_SEC","GLOBALID":"1872f195-5adb-4881-a58f-4811d68fb75a","CREATOR":"Transportation_SeattleCityGIS","CREATE_DATE":1786716795000,"EDITOR":"Transportation_SeattleCityGIS","EDIT_DATE":1786716795000}},{"type":"Feature","id":364070,"geometry":{"type":"Point","coordinates":[-122.335906698189,47.599209261668]},"properties":{"OBJECTID":364070,"COMPKEY":null,"UNITID":"CMR-0350","OWNERSHIP":"SDOT","DISTRICT":null,"NAME":"Alaskan_S_Jackson.jpg","COMPTYPE":16,"URL":"http://www.seattle.gov/trafficcams/images/Alaskan_S_Jackson.jpg","LOCATION":"Alaskan Way S & S Jackson St","SERVSTAT":"ACTV","SE_ANNO_CAD_DATA":"","STREAM_NAME":"Alaskan_S_Jackson","GLOBALID":"5b30be35-d7d8-4860-8d4f-16a433218438","CREATOR":"Transportation_SeattleCityGIS","CREATE_DATE":1786716795000,"EDITOR":"Transportation_SeattleCityGIS","EDIT_DATE":1786716795000}},{"type":"Feature","id":364071,"geometry":{"type":"Point","coordinates":[-122.36044928036,47.5337165875573]},"properties":{"OBJECTID":364071,"COMPKEY":null,"UNITID":"CMR-0356","OWNERSHIP":"SDOT","DISTRICT":null,"NAME":"Delridge_SW_Holden_NEC.jpg","COMPTYPE":16,"URL":"http://www.seattle.gov/trafficcams/images/Delridge_SW_Holden_NEC.jpg","LOCATION":"Delridge Wy SW & SW Holden St","SERVSTAT":"ACTV","SE_ANNO_CAD_DATA":"","STREAM_NAME":"Delridge_SW_Holden_NEC","GLOBALID":"a636650c-3e8a-4a03-a7ae-f5f21a1e5c48","CREATOR":"Transportation_SeattleCityGIS","CREATE_DATE":1786716795000,"EDITOR":"Transportation_SeattleCityGIS","EDIT_DATE":1786716795000}},{"type":"Feature","id":364072,"geometry":{"type":"Point","coordinates":[-122.31769083455,47.6613868450226]},"properties":{"OBJECTID":364072,"COMPKEY":null,"UNITID":"CMR-0342","OWNERSHIP":"SDOT","DISTRICT":null,"NAME":"Roosevelt_NE_45_NWC.jpg","COMPTYPE":16,"URL":"http://www.seattle.gov/trafficcams/images/Roosevelt_NE_45_NWC.jpg","LOCATION":"Roosevelt Way NE & NE 45th St NWC","SERVSTAT":"ACTV","SE_ANNO_CAD_DATA":"","STREAM_NAME":"Roosevelt_NE_45_NWC","GLOBALID":"e0f219b1-6199-4446-bef9-a57bad35ec97","CREATOR":"Transportation_SeattleCityGIS","CREATE_DATE":1786716795000,"EDITOR":"Transportation_SeattleCityGIS","EDIT_DATE":1786716795000}},{"type":"Feature","id":364073,"geometry":{"type":"Point","coordinates":[-122.360091485601,47.5228673441964]},"properties":{"OBJECTID":364073,"COMPKEY":null,"UNITID":"CMR-0354","OWNERSHIP":"SDOT","DISTRICT":null,"NAME":"Delridge_SW_Henderson_NEC.jpg","COMPTYPE":16,"URL":"http://www.seattle.gov/trafficcams/images/Delridge_SW_Henderson_NEC.jpg","LOCATION":"Delridge Wy SW & SW Henderson St","SERVSTAT":"ACTV","SE_ANNO_CAD_DATA":"","STREAM_NAME":"Delridge_SW_Henderson_NEC","GLOBALID":"1eb8fdef-e915-4d2d-b24c-12bf83cfdcde","CREATOR":"Transportation_SeattleCityGIS","CREATE_DATE":1786716795000,"EDITOR":"Transportation_SeattleCityGIS","EDIT_DATE":1786716795000}},{"type":"Feature","id":364074,"geometry":{"type":"Point","coordinates":[-122.363003003594,47.5501085428271]},"properties":{"OBJECTID":364074,"COMPKEY":null,"UNITID":"CMR-0355","OWNERSHIP":"SDOT","DISTRICT":null,"NAME":"Delridge_SW_Juneau_NEC.jpg","COMPTYPE":16,"URL":"http://www.seattle.gov/trafficcams/images/Delridge_SW_Juneau_NEC.jpg","LOCATION":"Delridge_SW_Juneau_NEC","SERVSTAT":"ACTV","SE_ANNO_CAD_DATA":"","STREAM_NAME":"Delridge_SW_Juneau_NEC","GLOBALID":"0842a948-0a91-4f79-a481-ad47b49f156a","CREATOR":"Transportation_SeattleCityGIS","CREATE_DATE":1786716795000,"EDITOR":"Transportation_SeattleCityGIS","EDIT_DATE":1786716795000}},{"type":"Feature","id":364075,"geometry":{"type":"Point","coordinates":[-122.3142422904,47.6612930595909]},"properties":{"OBJECTID":364075,"COMPKEY":null,"UNITID":"CMR-0343","OWNERSHIP":"SDOT","DISTRICT":null,"NAME":"Brooklyn_NE_45_NEC.jpg","COMPTYPE":16,"URL":"http://www.seattle.gov/trafficcams/images/Brooklyn_NE_45_NEC.jpg","LOCATION":"Brooklyn Ave NE & NE 45th St","SERVSTAT":"ACTV","SE_ANNO_CAD_DATA":"","STREAM_NAME":"Brooklyn_NE_45_NEC","GLOBALID":"7efd6cbd-0812-4235-8e25-9df2ff2c2c2d","CREATOR":"Transportation_SeattleCityGIS","CREATE_DATE":1786716795000,"EDITOR":"Transportation_SeattleCityGIS","EDIT_DATE":1786716795000}},{"type":"Feature","id":364076,"geometry":{"type":"Point","coordinates":[-122.360467236092,47.528284761408]},"properties":{"OBJECTID":364076,"COMPKEY":null,"UNITID":"CMR-0357","OWNERSHIP":"SDOT","DISTRICT":null,"NAME":"Delridge_SW_Thistle_SWC.jpg","COMPTYPE":16,"URL":"http://www.seattle.gov/trafficcams/images/Delridge_SW_Thistle_SWC.jpg","LOCATION":"Delridge Wy SW & SW Thistle St","SERVSTAT":"ACTV","SE_ANNO_CAD_DATA":"","STREAM_NAME":"Delridge_SW_Thistle_SWC","GLOBALID":"d2ed3680-089c-47ad-8541-c894ff77706e","CREATOR":"Transportation_SeattleCityGIS","CREATE_DATE":1786716795000,"EDITOR":"Transportation_SeattleCityGIS","EDIT_DATE":1786716795000}},{"type":"Feature","id":364077,"geometry":{"type":"Point","coordinates":[-122.361400181351,47.5716943373375]},"properties":{"OBJECTID":364077,"COMPKEY":null,"UNITID":"CMR-0330","OWNERSHIP":"SDOT","DISTRICT":null,"NAME":"Chelan_SW_Spokane.jpg","COMPTYPE":16,"URL":"http://www.seattle.gov/trafficcams/images/Chelan_SW_Spokane.jpg","LOCATION":"Chelan Ave SW & SW Spokane St","SERVSTAT":"ACTV","SE_ANNO_CAD_DATA":"","STREAM_NAME":"Chelan_SW_Spokane","GLOBALID":"0b9009a6-ea82-4e02-ba7b-ae94e2fc5e21","CREATOR":"Transportation_SeattleCityGIS","CREATE_DATE":1786716795000,"EDITOR":"Transportation_SeattleCityGIS","EDIT_DATE":1786716795000}},{"type":"Feature","id":364078,"geometry":{"type":"Point","coordinates":[-122.318563636771,47.572784579369]},"properties":{"OBJECTID":364078,"COMPKEY":null,"UNITID":"I5Spokane","OWNERSHIP":"WSDOT","DISTRICT":null,"NAME":"005vc16297.jpg","COMPTYPE":16,"URL":"http://images.wsdot.wa.gov/nw/005vc16297.jpg","LOCATION":"I-5 @ S Spokane St","SERVSTAT":"ACTV","SE_ANNO_CAD_DATA":"","STREAM_NAME":null,"GLOBALID":"b2542163-004c-4d3c-9653-58dbb4d27ede","CREATOR":"Transportation_SeattleCityGIS","CREATE_DATE":1786716795000,"EDITOR":"Transportation_SeattleCityGIS","EDIT_DATE":1786716795000}},{"type":"Feature","id":364079,"geometry":{"type":"Point","coordinates":[-122.333838849172,47.536870931634]},"properties":{"OBJECTID":364079,"COMPKEY":null,"UNITID":"SR99WMarg","OWNERSHIP":"WSDOT","DISTRICT":null,"NAME":"099vc02671.jpg","COMPTYPE":16,"URL":"http://images.wsdot.wa.gov/nw/099vc02671.jpg","LOCATION":"SR-99 @ West Marginal Way","SERVSTAT":"ACTV","SE_ANNO_CAD_DATA":"","STREAM_NAME":null,"GLOBALID":"5046771a-9066-44f5-8255-9e2fb109b355","CREATOR":"Transportation_SeattleCityGIS","CREATE_DATE":1786716795000,"EDITOR":"Transportation_SeattleCityGIS","EDIT_DATE":1786716795000}},{"type":"Feature","id":364080,"geometry":{"type":"Point","coordinates":[-122.322858747424,47.7338793364239]},"properties":{"OBJECTID":364080,"COMPKEY":null,"UNITID":"I5145","OWNERSHIP":"WSDOT","DISTRICT":null,"NAME":"005vc17461.jpg","COMPTYPE":16,"URL":"http://images.wsdot.wa.gov/nw/005vc17461.jpg","LOCATION":"I-5 @ NE 145th St","SERVSTAT":"ACTV","SE_ANNO_CAD_DATA":"","STREAM_NAME":null,"GLOBALID":"900e9a56-cc45-4aa0-a8c4-dd616bf51348","CREATOR":"Transportation_SeattleCityGIS","CREATE_DATE":1786716795000,"EDITOR":"Transportation_SeattleCityGIS","EDIT_DATE":1786716795000}},{"type":"Feature","id":364081,"geometry":{"type":"Point","coordinates":[-122.300324426254,47.5902178398705]},"properties":{"OBJECTID":364081,"COMPKEY":null,"UNITID":"I9018","OWNERSHIP":"WSDOT","DISTRICT":null,"NAME":"090vc00318.jpg","COMPTYPE":16,"URL":"http://images.wsdot.wa.gov/nw/090vc00318.jpg","LOCATION":"I-90 @ 18th Ave S","SERVSTAT":"ACTV","SE_ANNO_CAD_DATA":"","STREAM_NAME":null,"GLOBALID":"982b9a8d-2817-47d9-b705-9458bf886898","CREATOR":"Transportation_SeattleCityGIS","CREATE_DATE":1786716795000,"EDITOR":"Transportation_SeattleCityGIS","EDIT_DATE":1786716795000}},{"type":"Feature","id":364082,"geometry":{"type":"Point","coordinates":[-122.310657107902,47.6520770376091]},"properties":{"OBJECTID":364082,"COMPKEY":null,"UNITID":"CMR-0348","OWNERSHIP":"SDOT","DISTRICT":null,"NAME":"17_NE_Pacific.jpg","COMPTYPE":16,"URL":"https://www.seattle.gov/trafficcams/images/17_NE_Pacific.jpg","LOCATION":"17th Ave NE & NE Pacific St PED","SERVSTAT":"ACTV","SE_ANNO_CAD_DATA":"","STREAM_NAME":"17_NE_Pacific","GLOBALID":"e1bd5e50-7a8c-45cd-a2fc-f60f4db894c9","CREATOR":"Transportation_SeattleCityGIS","CREATE_DATE":1786716795000,"EDITOR":"Transportation_SeattleCityGIS","EDIT_DATE":1786716795000}},{"type":"Feature","id":364083,"geometry":{"type":"Point","coordinates":[-122.32965813884,47.6145269957531]},"properties":{"OBJECTID":364083,"COMPKEY":null,"UNITID":"I5Pine","OWNERSHIP":"WSDOT","DISTRICT":null,"NAME":"005vc16607.jpg","COMPTYPE":16,"URL":"http://images.wsdot.wa.gov/nw/005vc16607.jpg","LOCATION":"I-5 @ Pine St","SERVSTAT":"ACTV","SE_ANNO_CAD_DATA":"","STREAM_NAME":null,"GLOBALID":"ec2b03af-74b5-4756-b2d9-b6a9baf7e27a","CREATOR":"Transportation_SeattleCityGIS","CREATE_DATE":1786716795000,"EDITOR":"Transportation_SeattleCityGIS","EDIT_DATE":1786716795000}},{"type":"Feature","id":364084,"geometry":{"type":"Point","coordinates":[-122.319651975643,47.5860093478258]},"properties":{"OBJECTID":364084,"COMPKEY":null,"UNITID":"I5Holgate","OWNERSHIP":"WSDOT","DISTRICT":null,"NAME":"005vc16396.jpg","COMPTYPE":16,"URL":"http://images.wsdot.wa.gov/nw/005vc16396.jpg","LOCATION":"I-5 @ S Holgate St","SERVSTAT":"ACTV","SE_ANNO_CAD_DATA":"","STREAM_NAME":null,"GLOBALID":"d96ea45e-83e0-4ca5-be04-43c91a28e3e8","CREATOR":"Transportation_SeattleCityGIS","CREATE_DATE":1786716795000,"EDITOR":"Transportation_SeattleCityGIS","EDIT_DATE":1786716795000}},{"type":"Feature","id":364085,"geometry":{"type":"Point","coordinates":[-122.328509422301,47.6255613956396]},"properties":{"OBJECTID":364085,"COMPKEY":null,"UNITID":"I5Mercer","OWNERSHIP":"WSDOT","DISTRICT":null,"NAME":"005vc16702.jpg","COMPTYPE":16,"URL":"http://images.wsdot.wa.gov/nw/005vc16702.jpg","LOCATION":"I-5 @ Mercer St","SERVSTAT":"ACTV","SE_ANNO_CAD_DATA":"","STREAM_NAME":null,"GLOBALID":"458d91c3-d8ec-4592-8f6f-9c80c8ecf0c5","CREATOR":"Transportation_SeattleCityGIS","CREATE_DATE":1786716795000,"EDITOR":"Transportation_SeattleCityGIS","EDIT_DATE":1786716795000}},{"type":"Feature","id":364086,"geometry":{"type":"Point","coordinates":[-122.320761216415,47.6813626378547]},"properties":{"OBJECTID":364086,"COMPKEY":null,"UNITID":"I5LCW","OWNERSHIP":"WSDOT","DISTRICT":null,"NAME":"005vc17078.jpg","COMPTYPE":16,"URL":"http://images.wsdot.wa.gov/nw/005vc17078.jpg","LOCATION":"I-5 @ Lake City Way","SERVSTAT":"ACTV","SE_ANNO_CAD_DATA":"","STREAM_NAME":null,"GLOBALID":"8178909f-dcab-43ef-a952-ee89c0bb67a4","CREATOR":"Transportation_SeattleCityGIS","CREATE_DATE":1786716795000,"EDITOR":"Transportation_SeattleCityGIS","EDIT_DATE":1786716795000}},{"type":"Feature","id":364087,"geometry":{"type":"Point","coordinates":[-122.270240627437,47.5898833220161]},"properties":{"OBJECTID":364087,"COMPKEY":null,"UNITID":"I90Midspan","OWNERSHIP":"WSDOT","DISTRICT":null,"NAME":"090vc00508.jpg","COMPTYPE":16,"URL":"http://images.wsdot.wa.gov/nw/090vc00508.jpg","LOCATION":"I-90 Midspan","SERVSTAT":"ACTV","SE_ANNO_CAD_DATA":"","STREAM_NAME":null,"GLOBALID":"3bd3bef0-f7c2-42b6-b22f-280d218bdde2","CREATOR":"Transportation_SeattleCityGIS","CREATE_DATE":1786716795000,"EDITOR":"Transportation_SeattleCityGIS","EDIT_DATE":1786716795000}},{"type":"Feature","id":364088,"geometry":{"type":"Point","coordinates":[-122.320353131596,47.5936599322814]},"properties":{"OBJECTID":364088,"COMPKEY":null,"UNITID":"I5I90","OWNERSHIP":"WSDOT","DISTRICT":null,"NAME":"090vc00245.jpg","COMPTYPE":16,"URL":"http://images.wsdot.wa.gov/nw/090vc00245.jpg","LOCATION":"I-5 & I-90 Interchange","SERVSTAT":"ACTV","SE_ANNO_CAD_DATA":"","STREAM_NAME":null,"GLOBALID":"05234dee-4228-4cd1-8a1a-4cbebae4a2a8","CREATOR":"Transportation_SeattleCityGIS","CREATE_DATE":1786716795000,"EDITOR":"Transportation_SeattleCityGIS","EDIT_DATE":1786716795000}},{"type":"Feature","id":364089,"geometry":{"type":"Point","coordinates":[-122.300283827065,47.5385732792609]},"properties":{"OBJECTID":364089,"COMPKEY":null,"UNITID":"I5MidBoeing","OWNERSHIP":"WSDOT","DISTRICT":null,"NAME":"005vc15970.jpg","COMPTYPE":16,"URL":"http://images.wsdot.wa.gov/nw/005vc15970.jpg","LOCATION":"I-5 @ Mid Boeing Field","SERVSTAT":"ACTV","SE_ANNO_CAD_DATA":"","STREAM_NAME":null,"GLOBALID":"4ca80739-a681-47a3-9059-5273ecba006f","CREATOR":"Transportation_SeattleCityGIS","CREATE_DATE":1786716795000,"EDITOR":"Transportation_SeattleCityGIS","EDIT_DATE":1786716795000}},{"type":"Feature","id":364090,"geometry":{"type":"Point","coordinates":[-122.311731350246,47.5485670754144]},"properties":{"OBJECTID":364090,"COMPKEY":null,"UNITID":"I5Albro","OWNERSHIP":"WSDOT","DISTRICT":null,"NAME":"005vc16123.jpg","COMPTYPE":16,"URL":"http://images.wsdot.wa.gov/nw/005vc16123.jpg","LOCATION":"I-5 @ S Albro St","SERVSTAT":"ACTV","SE_ANNO_CAD_DATA":"","STREAM_NAME":null,"GLOBALID":"ef8e8526-f8c5-4971-a690-1dc7324d5fca","CREATOR":"Transportation_SeattleCityGIS","CREATE_DATE":1786716795000,"EDITOR":"Transportation_SeattleCityGIS","EDIT_DATE":1786716795000}},{"type":"Feature","id":364091,"geometry":{"type":"Point","coordinates":[-122.328889798405,47.6904533636368]},"properties":{"OBJECTID":364091,"COMPKEY":null,"UNITID":"I585","OWNERSHIP":"WSDOT","DISTRICT":null,"NAME":"005vc17153.jpg","COMPTYPE":16,"URL":"http://images.wsdot.wa.gov/nw/005vc17153.jpg","LOCATION":"I-5 @ NE 85th st","SERVSTAT":"ACTV","SE_ANNO_CAD_DATA":"","STREAM_NAME":null,"GLOBALID":"372d7d8a-373a-401a-b2ed-8fc56e3ca70f","CREATOR":"Transportation_SeattleCityGIS","CREATE_DATE":1786716795000,"EDITOR":"Transportation_SeattleCityGIS","EDIT_DATE":1786716795000}},{"type":"Feature","id":364092,"geometry":{"type":"Point","coordinates":[-122.322159610755,47.661328227991]},"properties":{"OBJECTID":364092,"COMPKEY":null,"UNITID":"I545","OWNERSHIP":"WSDOT","DISTRICT":null,"NAME":"005vc16939.jpg","COMPTYPE":16,"URL":"http://images.wsdot.wa.gov/nw/005vc16939.jpg","LOCATION":"I-5 @ NE 45th St","SERVSTAT":"ACTV","SE_ANNO_CAD_DATA":"","STREAM_NAME":null,"GLOBALID":"93d66c3e-031e-44ad-bc5c-9eab19592c7a","CREATOR":"Transportation_SeattleCityGIS","CREATE_DATE":1786716795000,"EDITOR":"Transportation_SeattleCityGIS","EDIT_DATE":1786716795000}},{"type":"Feature","id":364093,"geometry":{"type":"Point","coordinates":[-122.313153464281,47.6598080104039]},"properties":{"OBJECTID":364093,"COMPKEY":null,"UNITID":"CMR-0343","OWNERSHIP":"SDOT","DISTRICT":null,"NAME":"University_NE_43_SEC.jpg","COMPTYPE":16,"URL":"https://www.seattle.gov/trafficcams/images/University_NE_43_SEC.jpg","LOCATION":"University Way NE & NE 43rd St SEC","SERVSTAT":"ACTV","SE_ANNO_CAD_DATA":"","STREAM_NAME":"University_NE_43_SEC","GLOBALID":"fb6eff5d-f59a-4fdc-83f1-0cf9b407bbf2","CREATOR":"Transportation_SeattleCityGIS","CREATE_DATE":1786716795000,"EDITOR":"Transportation_SeattleCityGIS","EDIT_DATE":1786716795000}},{"type":"Feature","id":364094,"geometry":{"type":"Point","coordinates":[-122.241775339796,47.6375941666482]},"properties":{"OBJECTID":364094,"COMPKEY":null,"UNITID":"SR520EHighrise","OWNERSHIP":"WSDOT","DISTRICT":null,"NAME":"520vc00400.jpg","COMPTYPE":16,"URL":"http://images.wsdot.wa.gov/nw/520vc00400.jpg","LOCATION":"SR-520 East Highrise","SERVSTAT":"ACTV","SE_ANNO_CAD_DATA":"","STREAM_NAME":null,"GLOBALID":"80f4fc30-7644-40fb-a372-71ce9cb02678","CREATOR":"Transportation_SeattleCityGIS","CREATE_DATE":1786716795000,"EDITOR":"Transportation_SeattleCityGIS","EDIT_DATE":1786716795000}},{"type":"Feature","id":364095,"geometry":{"type":"Point","coordinates":[-122.308714404681,47.6757805296379]},"properties":{"OBJECTID":364095,"COMPKEY":542978,"UNITID":"CMR-0015","OWNERSHIP":"SDOT","DISTRICT":null,"NAME":"18_NE_65_SEC.jpg","COMPTYPE":16,"URL":"http://www.seattle.gov/trafficcams/images/18_NE_65_SEC.jpg","LOCATION":"18th Ave NE & NE 65th St","SERVSTAT":"ACTV","SE_ANNO_CAD_DATA":"","STREAM_NAME":"18_NE_65_SEC","GLOBALID":"02d9315a-0d51-4782-9276-3cf8fea8ad70","CREATOR":"Transportation_SeattleCityGIS","CREATE_DATE":1786716795000,"EDITOR":"Transportation_SeattleCityGIS","EDIT_DATE":1786716795000}},{"type":"Feature","id":364096,"geometry":{"type":"Point","coordinates":[-122.336352602986,47.6613878122966]},"properties":{"OBJECTID":364096,"COMPKEY":null,"UNITID":"CMR-0359","OWNERSHIP":"SDOT","DISTRICT":null,"NAME":"Wallingford_N_45_SWC.jpg","COMPTYPE":16,"URL":"https://www.seattle.gov/trafficcams/images/Wallingford_N_45_SWC.jpg","LOCATION":"Wallingford Ave N & N 45th St","SERVSTAT":"ACTV","SE_ANNO_CAD_DATA":"","STREAM_NAME":"Wallingford_N_45_SWC","GLOBALID":"e19c1a80-7bb1-495b-b24a-df09b4bd32e7","CREATOR":"Transportation_SeattleCityGIS","CREATE_DATE":1786716795000,"EDITOR":"Transportation_SeattleCityGIS","EDIT_DATE":1786716795000}},{"type":"Feature","id":364097,"geometry":{"type":"Point","coordinates":[-122.302147530844,47.5906569106649]},"properties":{"OBJECTID":364097,"COMPKEY":null,"UNITID":null,"OWNERSHIP":null,"DISTRICT":null,"NAME":null,"COMPTYPE":16,"URL":null,"LOCATION":null,"SERVSTAT":null,"SE_ANNO_CAD_DATA":"","STREAM_NAME":null,"GLOBALID":"5f48820d-1b7b-4c17-aea3-b8fb4456db63","CREATOR":"Transportation_SeattleCityGIS","CREATE_DATE":1786716795000,"EDITOR":"Transportation_SeattleCityGIS","EDIT_DATE":1786716795000}},{"type":"Feature","id":364098,"geometry":{"type":"Point","coordinates":[-122.302147530844,47.5906569106649]},"properties":{"OBJECTID":364098,"COMPKEY":null,"UNITID":"CMR-0360","OWNERSHIP":"SDOT","DISTRICT":null,"NAME":"23_S_I-90_NWC.jpg","COMPTYPE":16,"URL":"https://www.seattle.gov/trafficcams/images/23_S_I-90_NWC.jpg","LOCATION":"23rd Ave S & S I-90 Lid","SERVSTAT":"ACTV","SE_ANNO_CAD_DATA":"","STREAM_NAME":"23_S_I-90_NWC","GLOBALID":"be4584a3-5ddd-4bea-a2d3-e8701f52c690","CREATOR":"Transportation_SeattleCityGIS","CREATE_DATE":1786716795000,"EDITOR":"Transportation_SeattleCityGIS","EDIT_DATE":1786716795000}},{"type":"Feature","id":364099,"geometry":{"type":"Point","coordinates":[-122.338812487426,47.6046242709613]},"properties":{"OBJECTID":364099,"COMPKEY":null,"UNITID":null,"OWNERSHIP":null,"DISTRICT":null,"NAME":null,"COMPTYPE":16,"URL":null,"LOCATION":null,"SERVSTAT":null,"SE_ANNO_CAD_DATA":"","STREAM_NAME":null,"GLOBALID":"4474cc4f-c82f-4a0c-8e99-c4538a9013f1","CREATOR":"Transportation_SeattleCityGIS","CREATE_DATE":1786716795000,"EDITOR":"Transportation_SeattleCityGIS","EDIT_DATE":1786716795000}},{"type":"Feature","id":364100,"geometry":{"type":"Point","coordinates":[-122.338812487426,47.6046242709613]},"properties":{"OBJECTID":364100,"COMPKEY":null,"UNITID":"CMR-0361","OWNERSHIP":"SDOT","DISTRICT":null,"NAME":"Alaskan_Spring.jpg","COMPTYPE":16,"URL":"https://www.seattle.gov/trafficcams/images/Alaskan_Spring.jpg","LOCATION":"Alaskan Way & Spring St","SERVSTAT":"ACTV","SE_ANNO_CAD_DATA":"","STREAM_NAME":"Alaskan_Spring","GLOBALID":"cfc54a2b-7867-4847-8fc5-7b9f2863ec2f","CREATOR":"Transportation_SeattleCityGIS","CREATE_DATE":1786716795000,"EDITOR":"Transportation_SeattleCityGIS","EDIT_DATE":1786716795000}},{"type":"Feature","id":364101,"geometry":{"type":"Point","coordinates":[-122.334189771945,47.5965078217169]},"properties":{"OBJECTID":364101,"COMPKEY":null,"UNITID":"CMR-0362","OWNERSHIP":"SDOT","DISTRICT":null,"NAME":"1_S_Dearborn.jpg","COMPTYPE":16,"URL":"https://www.seattle.gov/trafficcams/images/1_S_Dearborn.jpg","LOCATION":"1st Ave S & S Dearborn St","SERVSTAT":"ACTV","SE_ANNO_CAD_DATA":"","STREAM_NAME":"1_S_Dearborn","GLOBALID":"bbf49d98-9798-4a98-83e6-971c245b14dc","CREATOR":"Transportation_SeattleCityGIS","CREATE_DATE":1786716795000,"EDITOR":"Transportation_SeattleCityGIS","EDIT_DATE":1786716795000}},{"type":"Feature","id":364102,"geometry":{"type":"Point","coordinates":[-122.334186918573,47.595676686861]},"properties":{"OBJECTID":364102,"COMPKEY":null,"UNITID":"CMR-0363","OWNERSHIP":"SDOT","DISTRICT":null,"NAME":"1_S_Charles.jpg","COMPTYPE":16,"URL":"https://www.seattle.gov/trafficcams/images/1_S_Charles.jpg","LOCATION":"1st Ave S & S Charles St","SERVSTAT":"ACTV","SE_ANNO_CAD_DATA":"","STREAM_NAME":"1_S_Charles","GLOBALID":"3ebb044b-2c08-4fd0-b112-cab0d7c7233c","CREATOR":"Transportation_SeattleCityGIS","CREATE_DATE":1786716795000,"EDITOR":"Transportation_SeattleCityGIS","EDIT_DATE":1786716795000}},{"type":"Feature","id":364103,"geometry":{"type":"Point","coordinates":[-122.346522455004,47.6116112090878]},"properties":{"OBJECTID":364103,"COMPKEY":null,"UNITID":"CMR-0358","OWNERSHIP":"SDOT","DISTRICT":null,"NAME":"Elliott_Ave_Elliott_Wy_NEC.jpg","COMPTYPE":16,"URL":"https://www.seattle.gov/trafficcams/images/Elliott_Ave_Elliott_Wy_NEC.jpg","LOCATION":"Elliott Ave & Elliott Way","SERVSTAT":"ACTV","SE_ANNO_CAD_DATA":"","STREAM_NAME":"Elliott_Ave_Elliott_Wy_NEC","GLOBALID":"24e5fbb2-eb44-4bb7-9c0e-a934172782fd","CREATOR":"Transportation_SeattleCityGIS","CREATE_DATE":1786716795000,"EDITOR":"Transportation_SeattleCityGIS","EDIT_DATE":1786716795000}},{"type":"Feature","id":364104,"geometry":{"type":"Point","coordinates":[-122.332265098626,47.6120797738391]},"properties":{"OBJECTID":364104,"COMPKEY":877593,"UNITID":"CMR-0370","OWNERSHIP":"SDOT","DISTRICT":null,"NAME":"8_Pike_NWC.jpg","COMPTYPE":16,"URL":"https://www.seattle.gov/trafficcams/images/8_Pike_NWC.jpg","LOCATION":"8th Ave & Pike St","SERVSTAT":"ACTV","SE_ANNO_CAD_DATA":"","STREAM_NAME":"8_Pike_NWC","GLOBALID":"188cd462-cc67-474f-8589-96a6da15b95d","CREATOR":"Transportation_SeattleCityGIS","CREATE_DATE":1786716795000,"EDITOR":"Transportation_SeattleCityGIS","EDIT_DATE":1786716795000}},{"type":"Feature","id":364105,"geometry":{"type":"Point","coordinates":[-122.332265098626,47.6120797738391]},"properties":{"OBJECTID":364105,"COMPKEY":null,"UNITID":null,"OWNERSHIP":null,"DISTRICT":null,"NAME":null,"COMPTYPE":16,"URL":null,"LOCATION":null,"SERVSTAT":null,"SE_ANNO_CAD_DATA":"","STREAM_NAME":null,"GLOBALID":"dbbeb622-d479-4ff9-9802-ee7a3a98d19a","CREATOR":"Transportation_SeattleCityGIS","CREATE_DATE":1786716795000,"EDITOR":"Transportation_SeattleCityGIS","EDIT_DATE":1786716795000}},{"type":"Feature","id":364106,"geometry":{"type":"Point","coordinates":[-122.269162054477,47.6421097717238]},"properties":{"OBJECTID":364106,"COMPKEY":null,"UNITID":"SR520WHighrise","OWNERSHIP":"WSDOT","DISTRICT":null,"NAME":"520vc00241.jpg","COMPTYPE":16,"URL":"http://images.wsdot.wa.gov/nw/520vc00241.jpg","LOCATION":"SR-520 West Highrise","SERVSTAT":"ACTV","SE_ANNO_CAD_DATA":"","STREAM_NAME":null,"GLOBALID":"b56e9925-e50c-458c-aa1d-b19d753801ae","CREATOR":"Transportation_SeattleCityGIS","CREATE_DATE":1786716795000,"EDITOR":"Transportation_SeattleCityGIS","EDIT_DATE":1786716795000}},{"type":"Feature","id":364107,"geometry":{"type":"Point","coordinates":[-122.325059522662,47.4075452060832]},"properties":{"OBJECTID":364107,"COMPKEY":null,"UNITID":"SR509216","OWNERSHIP":"WSDOT","DISTRICT":null,"NAME":"509vc02033.jpg","COMPTYPE":16,"URL":"https://images.wsdot.wa.gov/nw/509vc02033.jpg","LOCATION":"SR-509 @ S 216th/7th Ave","SERVSTAT":"ACTV","SE_ANNO_CAD_DATA":"","STREAM_NAME":null,"GLOBALID":"87efb8a1-7355-4c6a-8d07-03527381d288","CREATOR":"Transportation_SeattleCityGIS","CREATE_DATE":1786716795000,"EDITOR":"Transportation_SeattleCityGIS","EDIT_DATE":1786716795000}},{"type":"Feature","id":364108,"geometry":{"type":"Point","coordinates":[-122.324719901444,47.6322623754477]},"properties":{"OBJECTID":364108,"COMPKEY":null,"UNITID":"I5Galer","OWNERSHIP":"WSDOT","DISTRICT":null,"NAME":"005vc16732.jpg","COMPTYPE":16,"URL":"https://images.wsdot.wa.gov/nw/005vc16732.jpg","LOCATION":"I-5 @ E Galer St","SERVSTAT":"ACTV","SE_ANNO_CAD_DATA":"","STREAM_NAME":null,"GLOBALID":"c4569fa0-97b8-4e65-855b-c83ae77053ff","CREATOR":"Transportation_SeattleCityGIS","CREATE_DATE":1786716795000,"EDITOR":"Transportation_SeattleCityGIS","EDIT_DATE":1786716795000}},{"type":"Feature","id":364109,"geometry":{"type":"Point","coordinates":[-122.070537467239,47.6560522971118]},"properties":{"OBJECTID":364109,"COMPKEY":null,"UNITID":"SR202-204","OWNERSHIP":"WSDOT","DISTRICT":null,"NAME":"202vc00987.jpg","COMPTYPE":16,"URL":"https://images.wsdot.wa.gov/nw/202vc00987.jpg","LOCATION":"SR-202 @ 204th Pl NE","SERVSTAT":"ACTV","SE_ANNO_CAD_DATA":"","STREAM_NAME":null,"GLOBALID":"906884ff-b862-468e-a571-1562d315e488","CREATOR":"Transportation_SeattleCityGIS","CREATE_DATE":1786716795000,"EDITOR":"Transportation_SeattleCityGIS","EDIT_DATE":1786716795000}},{"type":"Feature","id":364110,"geometry":{"type":"Point","coordinates":[-122.329265361321,47.6066237175569]},"properties":{"OBJECTID":364110,"COMPKEY":null,"UNITID":"I5Marion","OWNERSHIP":"WSDOT","DISTRICT":null,"NAME":"005vc16551.jpg","COMPTYPE":16,"URL":"http://images.wsdot.wa.gov/nw/005vc16551.jpg","LOCATION":"I-5 @ Marion St","SERVSTAT":"ACTV","SE_ANNO_CAD_DATA":"","STREAM_NAME":null,"GLOBALID":"5ff8b5cc-5dd4-41f0-9fb6-5400e88293cf","CREATOR":"Transportation_SeattleCityGIS","CREATE_DATE":1786716795000,"EDITOR":"Transportation_SeattleCityGIS","EDIT_DATE":1786716795000}},{"type":"Feature","id":364111,"geometry":{"type":"Point","coordinates":[-122.33275563023,47.6250361592977]},"properties":{"OBJECTID":364111,"COMPKEY":null,"UNITID":"I5MercerFairview","OWNERSHIP":"WSDOT","DISTRICT":null,"NAME":"005vc16678.jpg","COMPTYPE":16,"URL":"https://images.wsdot.wa.gov/nw/005vc16678.jpg","LOCATION":"I-5 @ Mercer/Fairview","SERVSTAT":"ACTV","SE_ANNO_CAD_DATA":"","STREAM_NAME":null,"GLOBALID":"94f6c1e8-a7e4-49f5-a953-2ee81b463663","CREATOR":"Transportation_SeattleCityGIS","CREATE_DATE":1786716795000,"EDITOR":"Transportation_SeattleCityGIS","EDIT_DATE":1786716795000}},{"type":"Feature","id":364112,"geometry":{"type":"Point","coordinates":[-122.325411820836,47.6017561034599]},"properties":{"OBJECTID":364112,"COMPKEY":null,"UNITID":"I5Yesler","OWNERSHIP":"WSDOT","DISTRICT":null,"NAME":"005vc16511.jpg","COMPTYPE":16,"URL":"https://images.wsdot.wa.gov/nw/005vc16511.jpg","LOCATION":"I-5 @ Yesler St","SERVSTAT":"ACTV","SE_ANNO_CAD_DATA":"","STREAM_NAME":null,"GLOBALID":"591996d2-aa7b-449e-b5a8-d4d1ff2f0633","CREATOR":"Transportation_SeattleCityGIS","CREATE_DATE":1786716795000,"EDITOR":"Transportation_SeattleCityGIS","EDIT_DATE":1786716795000}},{"type":"Feature","id":364113,"geometry":{"type":"Point","coordinates":[-122.32453477082,47.7228251041182]},"properties":{"OBJECTID":364113,"COMPKEY":null,"UNITID":"I5130W","OWNERSHIP":"WSDOT","DISTRICT":null,"NAME":"005vc17374.jpg","COMPTYPE":16,"URL":"https://images.wsdot.wa.gov/nw/005vc17374.jpg","LOCATION":"I-5 @ NE 130th St, W","SERVSTAT":"ACTV","SE_ANNO_CAD_DATA":"","STREAM_NAME":null,"GLOBALID":"d67faf6c-4520-4a46-86b2-37cbedb28a66","CREATOR":"Transportation_SeattleCityGIS","CREATE_DATE":1786716795000,"EDITOR":"Transportation_SeattleCityGIS","EDIT_DATE":1786716795000}},{"type":"Feature","id":364114,"geometry":{"type":"Point","coordinates":[-122.32682273923,47.6037436652037]},"properties":{"OBJECTID":364114,"COMPKEY":null,"UNITID":"I5Jefferson","OWNERSHIP":"WSDOT","DISTRICT":null,"NAME":"005vc16527.jpg","COMPTYPE":16,"URL":"https://images.wsdot.wa.gov/nw/005vc16527.jpg","LOCATION":"I-5 @ S Jefferson St","SERVSTAT":"ACTV","SE_ANNO_CAD_DATA":"","STREAM_NAME":null,"GLOBALID":"50c586fb-8ecd-4838-a33b-a4bfa88141cd","CREATOR":"Transportation_SeattleCityGIS","CREATE_DATE":1786716795000,"EDITOR":"Transportation_SeattleCityGIS","EDIT_DATE":1786716795000}},{"type":"Feature","id":364115,"geometry":{"type":"Point","coordinates":[-122.329194878143,47.6262426520961]},"properties":{"OBJECTID":364115,"COMPKEY":null,"UNITID":"I5MercerSBExit","OWNERSHIP":"WSDOT","DISTRICT":null,"NAME":"005vc16695.jpg","COMPTYPE":16,"URL":"https://images.wsdot.wa.gov/nw/005vc16695.jpg","LOCATION":"I-5 @ Mercer, SB Exit","SERVSTAT":"ACTV","SE_ANNO_CAD_DATA":"","STREAM_NAME":null,"GLOBALID":"f7ee7285-66a2-4e7a-ba3a-5692f9cc04ef","CREATOR":"Transportation_SeattleCityGIS","CREATE_DATE":1786716795000,"EDITOR":"Transportation_SeattleCityGIS","EDIT_DATE":1786716795000}},{"type":"Feature","id":364116,"geometry":{"type":"Point","coordinates":[-122.207457372204,47.8202737697225]},"properties":{"OBJECTID":364116,"COMPKEY":null,"UNITID":"SR527196","OWNERSHIP":"WSDOT","DISTRICT":null,"NAME":"527vc00449.jpg","COMPTYPE":16,"URL":"https://images.wsdot.wa.gov/nw/527vc00449.jpg","LOCATION":"SR-527 @ 196th St SE","SERVSTAT":"ACTV","SE_ANNO_CAD_DATA":"","STREAM_NAME":null,"GLOBALID":"9bd9d583-139c-448f-8ead-0f55c33f7589","CREATOR":"Transportation_SeattleCityGIS","CREATE_DATE":1786716795000,"EDITOR":"Transportation_SeattleCityGIS","EDIT_DATE":1786716795000}},{"type":"Feature","id":364117,"geometry":{"type":"Point","coordinates":[-122.106315818644,48.0029059973125]},"properties":{"OBJECTID":364117,"COMPKEY":null,"UNITID":"SR9-SR204","OWNERSHIP":"WSDOT","DISTRICT":null,"NAME":"009vc01577.jpg","COMPTYPE":16,"URL":"https://images.wsdot.wa.gov/nw/009vc01577.jpg","LOCATION":"SR-9 @ SR 204","SERVSTAT":"ACTV","SE_ANNO_CAD_DATA":"","STREAM_NAME":null,"GLOBALID":"1f43e5c8-7c3e-4c12-b21b-718ee3391b68","CREATOR":"Transportation_SeattleCityGIS","CREATE_DATE":1786716795000,"EDITOR":"Transportation_SeattleCityGIS","EDIT_DATE":1786716795000}},{"type":"Feature","id":364118,"geometry":{"type":"Point","coordinates":[-122.254789862193,47.6400727606574]},"properties":{"OBJECTID":364118,"COMPKEY":null,"UNITID":"SR520MidBr","OWNERSHIP":"WSDOT","DISTRICT":null,"NAME":"520vc00293.jpg","COMPTYPE":16,"URL":"http://images.wsdot.wa.gov/nw/520vc00293.jpg","LOCATION":"SR-520 @ Mid Bridge","SERVSTAT":"ACTV","SE_ANNO_CAD_DATA":"","STREAM_NAME":null,"GLOBALID":"2263c281-90ef-4be7-8907-57ebcfe2d97a","CREATOR":"Transportation_SeattleCityGIS","CREATE_DATE":1786716795000,"EDITOR":"Transportation_SeattleCityGIS","EDIT_DATE":1786716795000}},{"type":"Feature","id":364119,"geometry":{"type":"Point","coordinates":[-122.279481242144,47.6441018083268]},"properties":{"OBJECTID":364119,"COMPKEY":null,"UNITID":"SR52041","OWNERSHIP":"WSDOT","DISTRICT":null,"NAME":"520vc00213.jpg","COMPTYPE":16,"URL":"https://images.wsdot.wa.gov/nw/520vc00213.jpg","LOCATION":"SR-520 @ 41st Ave E","SERVSTAT":"ACTV","SE_ANNO_CAD_DATA":"","STREAM_NAME":null,"GLOBALID":"ff79399f-bf21-4409-a732-b1ec0c372d08","CREATOR":"Transportation_SeattleCityGIS","CREATE_DATE":1786716795000,"EDITOR":"Transportation_SeattleCityGIS","EDIT_DATE":1786716795000}},{"type":"Feature","id":364120,"geometry":{"type":"Point","coordinates":[-122.207536998054,47.8143206112165]},"properties":{"OBJECTID":364120,"COMPKEY":null,"UNITID":"SR52719Dr","OWNERSHIP":"WSDOT","DISTRICT":null,"NAME":"527vc00407.jpg","COMPTYPE":16,"URL":"https://images.wsdot.wa.gov/nw/527vc00407.jpg","LOCATION":"SR-527 @ 19th Dr SE","SERVSTAT":"ACTV","SE_ANNO_CAD_DATA":"","STREAM_NAME":null,"GLOBALID":"08155196-1d47-4579-84e1-4e1c45a3db1d","CREATOR":"Transportation_SeattleCityGIS","CREATE_DATE":1786716795000,"EDITOR":"Transportation_SeattleCityGIS","EDIT_DATE":1786716795000}},{"type":"Feature","id":364121,"geometry":{"type":"Point","coordinates":[-122.20750755795,47.9157499952749]},"properties":{"OBJECTID":364121,"COMPKEY":null,"UNITID":"I5SR526","OWNERSHIP":"WSDOT","DISTRICT":null,"NAME":"005vc18934.jpg","COMPTYPE":16,"URL":"http://images.wsdot.wa.gov/nw/005vc18934.jpg","LOCATION":"I-5 @ SR-526","SERVSTAT":"ACTV","SE_ANNO_CAD_DATA":"","STREAM_NAME":null,"GLOBALID":"5eb3728a-2f1c-412a-b97b-66f851116754","CREATOR":"Transportation_SeattleCityGIS","CREATE_DATE":1786716795000,"EDITOR":"Transportation_SeattleCityGIS","EDIT_DATE":1786716795000}},{"type":"Feature","id":364122,"geometry":{"type":"Point","coordinates":[-122.330812753593,47.6083340681024]},"properties":{"OBJECTID":364122,"COMPKEY":null,"UNITID":"I5SenecaNBExit","OWNERSHIP":"WSDOT","DISTRICT":null,"NAME":"005vc16562","COMPTYPE":16,"URL":"https://images.wsdot.wa.gov/nw/005vc16562.jpg","LOCATION":"I-5 @ SenecaSt,NB Exit","SERVSTAT":"ACTV","SE_ANNO_CAD_DATA":"","STREAM_NAME":null,"GLOBALID":"1bf57be4-36c0-4c87-98ee-610178dd1203","CREATOR":"Transportation_SeattleCityGIS","CREATE_DATE":1786716795000,"EDITOR":"Transportation_SeattleCityGIS","EDIT_DATE":1786716795000}},{"type":"Feature","id":364123,"geometry":{"type":"Point","coordinates":[-122.189075468166,47.7209740707246]},"properties":{"OBJECTID":364123,"COMPKEY":null,"UNITID":"I405132","OWNERSHIP":"WSDOT","DISTRICT":null,"NAME":"405vc02103.jpg","COMPTYPE":16,"URL":"http://images.wsdot.wa.gov/nw/405vc02103.jpg","LOCATION":"I-405 @ NE 132nd St","SERVSTAT":"ACTV","SE_ANNO_CAD_DATA":"","STREAM_NAME":null,"GLOBALID":"a4851c07-f2cd-4c29-a837-498ac62d8925","CREATOR":"Transportation_SeattleCityGIS","CREATE_DATE":1786716795000,"EDITOR":"Transportation_SeattleCityGIS","EDIT_DATE":1786716795000}},{"type":"Feature","id":364124,"geometry":{"type":"Point","coordinates":[-122.209117974508,47.8285137475539]},"properties":{"OBJECTID":364124,"COMPKEY":null,"UNITID":"SR527186","OWNERSHIP":"WSDOT","DISTRICT":null,"NAME":"527vc00507","COMPTYPE":16,"URL":"https://images.wsdot.wa.gov/nw/527vc00507.jpg","LOCATION":"SR-527 @ 186th Pl SE","SERVSTAT":"ACTV","SE_ANNO_CAD_DATA":"","STREAM_NAME":null,"GLOBALID":"f5c9aa68-1217-44ed-bbe4-7179e13bff0c","CREATOR":"Transportation_SeattleCityGIS","CREATE_DATE":1786716795000,"EDITOR":"Transportation_SeattleCityGIS","EDIT_DATE":1786716795000}},{"type":"Feature","id":364125,"geometry":{"type":"Point","coordinates":[-122.317823160252,47.601702204413]},"properties":{"OBJECTID":364125,"COMPKEY":null,"UNITID":"CMR-0369","OWNERSHIP":"SDOT","DISTRICT":null,"NAME":"Boren_Yesler_NWC.jpg","COMPTYPE":16,"URL":"https://www.seattle.gov/trafficcams/images/Boren_Yesler_NWC.jpg","LOCATION":"Boren Ave & Yesler Way","SERVSTAT":"ACTV","SE_ANNO_CAD_DATA":"","STREAM_NAME":"Boren_Yesler_NWC","GLOBALID":"9bce58b2-657d-47c5-9ed5-30488b6e826a","CREATOR":"Transportation_SeattleCityGIS","CREATE_DATE":1786716795000,"EDITOR":"Transportation_SeattleCityGIS","EDIT_DATE":1786716795000}},{"type":"Feature","id":364126,"geometry":{"type":"Point","coordinates":[-122.353997509187,47.6621198374481]},"properties":{"OBJECTID":364126,"COMPKEY":null,"UNITID":"CMR-0372","OWNERSHIP":"SDOT","DISTRICT":null,"NAME":"Phinney_N_46_SWC.jpg","COMPTYPE":16,"URL":"https://www.seattle.gov/trafficcams/images/Phinney_N_46_SWC.jpg","LOCATION":"Phinney Ave N & N 46th St","SERVSTAT":"ACTV","SE_ANNO_CAD_DATA":"","STREAM_NAME":"Phinney_N_46_SWC","GLOBALID":"f6507132-e4e4-46af-b954-afcfa4303e9e","CREATOR":"Transportation_SeattleCityGIS","CREATE_DATE":1786716795000,"EDITOR":"Transportation_SeattleCityGIS","EDIT_DATE":1786716795000}},{"type":"Feature","id":364127,"geometry":{"type":"Point","coordinates":[-122.376185419666,47.5651238008485]},"properties":{"OBJECTID":364127,"COMPKEY":544762,"UNITID":"CMR-0032","OWNERSHIP":"SDOT","DISTRICT":"4","NAME":"35_SW_Fauntleroy_SWC.jpg","COMPTYPE":16,"URL":"http://www.seattle.gov/trafficcams/images/35_SW_Fauntleroy_SWC.jpg","LOCATION":"35th Ave SW @ Fauntleroy Way SW","SERVSTAT":"ACTV","SE_ANNO_CAD_DATA":"","STREAM_NAME":"35_SW_Fauntleroy_SWC","GLOBALID":"b4a1eb5f-7805-4af3-848d-f3311980e115","CREATOR":"Transportation_SeattleCityGIS","CREATE_DATE":1786716795000,"EDITOR":"Transportation_SeattleCityGIS","EDIT_DATE":1786716795000}},{"type":"Feature","id":364128,"geometry":{"type":"Point","coordinates":[-122.331339171242,47.6077330876139]},"properties":{"OBJECTID":364128,"COMPKEY":null,"UNITID":"CMR-0373","OWNERSHIP":"SDOT","DISTRICT":null,"NAME":"6_Spring_NEC.jpg","COMPTYPE":16,"URL":"https://www.seattle.gov/trafficcams/images/6_Spring_NEC.jpg","LOCATION":"6th Ave & Spring St","SERVSTAT":"ACTV","SE_ANNO_CAD_DATA":"","STREAM_NAME":"6_Spring_NEC","GLOBALID":"f8e157dd-e0ad-4c11-b599-2140e04d9823","CREATOR":"Transportation_SeattleCityGIS","CREATE_DATE":1786716795000,"EDITOR":"Transportation_SeattleCityGIS","EDIT_DATE":1786716795000}},{"type":"Feature","id":364129,"geometry":{"type":"Point","coordinates":[-122.355435054614,47.6209987685652]},"properties":{"OBJECTID":364129,"COMPKEY":880603,"UNITID":"CMR-0374","OWNERSHIP":"SDOT","DISTRICT":null,"NAME":"1_N_Thomas_NWC.jpg","COMPTYPE":16,"URL":"https://www.seattle.gov/trafficcams/images/1_N_Thomas_NWC.jpg","LOCATION":"1st Ave N & Thomas St NWC","SERVSTAT":"ACTV","SE_ANNO_CAD_DATA":"","STREAM_NAME":"1_N_Thomas_NWC","GLOBALID":"937c37a5-5f3c-452a-954a-183bd0b78bf6","CREATOR":"Transportation_SeattleCityGIS","CREATE_DATE":1786716795000,"EDITOR":"Transportation_SeattleCityGIS","EDIT_DATE":1786716795000}},{"type":"Feature","id":364130,"geometry":{"type":"Point","coordinates":[-122.356827565222,47.6208963053168]},"properties":{"OBJECTID":364130,"COMPKEY":880609,"UNITID":"CMR-0377","OWNERSHIP":"SDOT","DISTRICT":null,"NAME":"QAnne_N_Thomas_SWC.jpg","COMPTYPE":16,"URL":"https://www.seattle.gov/trafficcams/images/QAnne_N_Thomas_SWC.jpg","LOCATION":"Queen Anne Ave N & Thomas St SWC","SERVSTAT":"ACTV","SE_ANNO_CAD_DATA":"","STREAM_NAME":"QAnne_N_Thomas_SWC","GLOBALID":"805ca6f5-78fe-4ac2-bb39-04eeb411a4ac","CREATOR":"Transportation_SeattleCityGIS","CREATE_DATE":1786716795000,"EDITOR":"Transportation_SeattleCityGIS","EDIT_DATE":1786716795000}},{"type":"Feature","id":364131,"geometry":{"type":"Point","coordinates":[-122.356822375784,47.6210220508419]},"properties":{"OBJECTID":364131,"COMPKEY":880608,"UNITID":"CMR-0376","OWNERSHIP":"SDOT","DISTRICT":null,"NAME":"QAnne_N_Thomas_NWC.jpg","COMPTYPE":16,"URL":"https://www.seattle.gov/trafficcams/images/QAnne_N_Thomas_NWC.jpg","LOCATION":"Queen Anne Ave N & Thomas St NWC","SERVSTAT":"ACTV","SE_ANNO_CAD_DATA":"","STREAM_NAME":"QAnne_N_Thomas_NWC","GLOBALID":"2f272a99-761c-4ef3-8c44-98496d62f895","CREATOR":"Transportation_SeattleCityGIS","CREATE_DATE":1786716795000,"EDITOR":"Transportation_SeattleCityGIS","EDIT_DATE":1786716795000}},{"type":"Feature","id":364132,"geometry":{"type":"Point","coordinates":[-122.355341562241,47.6209290435259]},"properties":{"OBJECTID":364132,"COMPKEY":null,"UNITID":null,"OWNERSHIP":null,"DISTRICT":null,"NAME":null,"COMPTYPE":16,"URL":null,"LOCATION":null,"SERVSTAT":null,"SE_ANNO_CAD_DATA":"","STREAM_NAME":null,"GLOBALID":"04b089a0-a8d7-4ac6-912e-7912859bf676","CREATOR":"Transportation_SeattleCityGIS","CREATE_DATE":1786716795000,"EDITOR":"Transportation_SeattleCityGIS","EDIT_DATE":1786716795000}},{"type":"Feature","id":364133,"geometry":{"type":"Point","coordinates":[-122.355341562241,47.6209290435259]},"properties":{"OBJECTID":364133,"COMPKEY":880607,"UNITID":"CMR-0375","OWNERSHIP":"SDOT","DISTRICT":null,"NAME":"1_N_Thomas_SEC.jpg","COMPTYPE":16,"URL":"https://www.seattle.gov/trafficcams/images/1_N_Thomas_SEC.jpg","LOCATION":"1st Ave N & Thomas St SEC","SERVSTAT":"ACTV","SE_ANNO_CAD_DATA":"","STREAM_NAME":"1_N_Thomas_SEC","GLOBALID":"7016fd5f-620f-41d9-b78f-aab5bbd6df15","CREATOR":"Transportation_SeattleCityGIS","CREATE_DATE":1786716795000,"EDITOR":"Transportation_SeattleCityGIS","EDIT_DATE":1786716795000}},{"type":"Feature","id":364134,"geometry":{"type":"Point","coordinates":[-122.349721405348,47.646083213791]},"properties":{"OBJECTID":364134,"COMPKEY":null,"UNITID":"CMR-0041","OWNERSHIP":"SDOT","DISTRICT":null,"NAME":"4_N_Dexter_NS.jpg","COMPTYPE":16,"URL":"http://www.seattle.gov/trafficcams/images/4_N_Dexter_NS.jpg","LOCATION":"4th Ave N & Dexter Ave N","SERVSTAT":"ACTV","SE_ANNO_CAD_DATA":"","STREAM_NAME":"4_N_Dexter_NS","GLOBALID":"595522d6-f4fb-4dfb-b78e-5e4313682540","CREATOR":"Transportation_SeattleCityGIS","CREATE_DATE":1786716795000,"EDITOR":"Transportation_SeattleCityGIS","EDIT_DATE":1786716795000}},{"type":"Feature","id":364135,"geometry":{"type":"Point","coordinates":[-122.325139076793,47.6093379722991]},"properties":{"OBJECTID":364135,"COMPKEY":545617,"UNITID":"CMR-0088","OWNERSHIP":"SDOT","DISTRICT":null,"NAME":"Boren_Madison_EW.jpg","COMPTYPE":16,"URL":"http://www.seattle.gov/trafficcams/images/Boren_Madison_EW.jpg","LOCATION":"Boren Ave & Madison St EW","SERVSTAT":"ACTV","SE_ANNO_CAD_DATA":"","STREAM_NAME":"Boren_Madison_EW","GLOBALID":"a1a96809-93aa-4be9-a91b-c05adf58da78","CREATOR":"Transportation_SeattleCityGIS","CREATE_DATE":1786716795000,"EDITOR":"Transportation_SeattleCityGIS","EDIT_DATE":1786716795000}},{"type":"Feature","id":364136,"geometry":{"type":"Point","coordinates":[-122.337599637943,47.6031344739741]},"properties":{"OBJECTID":364136,"COMPKEY":null,"UNITID":"CMR-0204","OWNERSHIP":"SDOT","DISTRICT":null,"NAME":"Alaskan_Marion_NS.jpg","COMPTYPE":16,"URL":"http://www.seattle.gov/trafficcams/images/Alaskan_Marion_NS.jpg","LOCATION":"Alaskan Way & Marion St","SERVSTAT":"ACTV","SE_ANNO_CAD_DATA":"","STREAM_NAME":"Alaskan_Marion_NS","GLOBALID":"00cc5585-b38f-45d1-8791-0748772041a6","CREATOR":"Transportation_SeattleCityGIS","CREATE_DATE":1786716795000,"EDITOR":"Transportation_SeattleCityGIS","EDIT_DATE":1786716795000}},{"type":"Feature","id":364137,"geometry":{"type":"Point","coordinates":[-122.3369557858,47.6024170887115]},"properties":{"OBJECTID":364137,"COMPKEY":null,"UNITID":"CMR-0379","OWNERSHIP":"SDOT","DISTRICT":null,"NAME":"Alaskan_Columbia_SWC.jpg","COMPTYPE":16,"URL":"https://www.seattle.gov/trafficcams/images/Alaskan_Columbia_SWC.jpg","LOCATION":"Alaskan Way & Columbia St","SERVSTAT":"ACTV","SE_ANNO_CAD_DATA":"","STREAM_NAME":"Alaskan_Columbia_SWC","GLOBALID":"b0b45e2c-fa1a-4970-a969-dffa0734a6c1","CREATOR":"Transportation_SeattleCityGIS","CREATE_DATE":1786716795000,"EDITOR":"Transportation_SeattleCityGIS","EDIT_DATE":1786716795000}},{"type":"Feature","id":364138,"geometry":{"type":"Point","coordinates":[-122.338244293166,47.6038437046156]},"properties":{"OBJECTID":364138,"COMPKEY":null,"UNITID":"CMR-0153","OWNERSHIP":"SDOT","DISTRICT":null,"NAME":"Alaskan_Madison_NS.jpg","COMPTYPE":16,"URL":"http://www.seattle.gov/trafficcams/images/Alaskan_Madison_NS.jpg","LOCATION":"Alaskan Way & Madison St","SERVSTAT":"ACTV","SE_ANNO_CAD_DATA":"","STREAM_NAME":"Alaskan_Madison_NS","GLOBALID":"19ce061c-8f70-4bcf-8711-09cd0fd4266b","CREATOR":"Transportation_SeattleCityGIS","CREATE_DATE":1786716795000,"EDITOR":"Transportation_SeattleCityGIS","EDIT_DATE":1786716795000}},{"type":"Feature","id":364139,"geometry":{"type":"Point","coordinates":[-122.344968876206,47.6185594251955]},"properties":{"OBJECTID":364139,"COMPKEY":null,"UNITID":"CMR-0380","OWNERSHIP":"SDOT","DISTRICT":null,"NAME":"6_N_Denny_NWC.jpg","COMPTYPE":16,"URL":"URL\thttps://www.seattle.gov/trafficcams/images/6_N_Denny_NWC.jpg","LOCATION":"6th Ave N & Denny Way","SERVSTAT":"ACTV","SE_ANNO_CAD_DATA":"","STREAM_NAME":"6_N_Denny_NWC","GLOBALID":"48df1d01-d942-45c3-835a-65a283b1e7a9","CREATOR":"Transportation_SeattleCityGIS","CREATE_DATE":1786716795000,"EDITOR":"Transportation_SeattleCityGIS","EDIT_DATE":1786716795000}},{"type":"Feature","id":364140,"geometry":{"type":"Point","coordinates":[-122.331808678998,47.6150049333242]},"properties":{"OBJECTID":364140,"COMPKEY":null,"UNITID":null,"OWNERSHIP":null,"DISTRICT":null,"NAME":null,"COMPTYPE":16,"URL":null,"LOCATION":null,"SERVSTAT":null,"SE_ANNO_CAD_DATA":"","STREAM_NAME":null,"GLOBALID":"64d0894c-084c-4f9a-b1df-123d268f620a","CREATOR":"Transportation_SeattleCityGIS","CREATE_DATE":1786716795000,"EDITOR":"Transportation_SeattleCityGIS","EDIT_DATE":1786716795000}},{"type":"Feature","id":364141,"geometry":{"type":"Point","coordinates":[-122.331808678998,47.6150049333242]},"properties":{"OBJECTID":364141,"COMPKEY":null,"UNITID":"CMR-0382","OWNERSHIP":"SDOT","DISTRICT":null,"NAME":"Terry_Olive_SEC.jpg","COMPTYPE":16,"URL":"https://www.seattle.gov/trafficcams/images/Terry_Olive_SEC.jpg","LOCATION":"Terry Ave & Olive Way","SERVSTAT":"ACTV","SE_ANNO_CAD_DATA":"","STREAM_NAME":"Terry_Olive_SEC","GLOBALID":"98d36b04-d5db-4e5a-8f18-d4a7f98d09a2","CREATOR":"Transportation_SeattleCityGIS","CREATE_DATE":1786716795000,"EDITOR":"Transportation_SeattleCityGIS","EDIT_DATE":1786716795000}},{"type":"Feature","id":364142,"geometry":{"type":"Point","coordinates":[-122.347184830679,47.5341250603853]},"properties":{"OBJECTID":364142,"COMPKEY":null,"UNITID":"CMR-0383","OWNERSHIP":"SDOT","DISTRICT":null,"NAME":"Highland_SW_Holden_NWC.jpg","COMPTYPE":16,"URL":"https://www.seattle.gov/trafficcams/images/Highland_SW_Holden_NWC.jpg","LOCATION":"Highland Park Way SW & SW Holden St NWC","SERVSTAT":"ACTV","SE_ANNO_CAD_DATA":"","STREAM_NAME":"Highland_SW_Holden_NWC","GLOBALID":"4704b84d-1971-40ec-8d0f-b25f1298750f","CREATOR":"Transportation_SeattleCityGIS","CREATE_DATE":1786716795000,"EDITOR":"Transportation_SeattleCityGIS","EDIT_DATE":1786716795000}},{"type":"Feature","id":364143,"geometry":{"type":"Point","coordinates":[-122.347048264074,47.5341061719541]},"properties":{"OBJECTID":364143,"COMPKEY":null,"UNITID":"CMR-0384","OWNERSHIP":"SDOT","DISTRICT":null,"NAME":"Highland_SW_Holden_NEC.jpg","COMPTYPE":16,"URL":"https://www.seattle.gov/trafficcams/images/Highland_SW_Holden_NEC.jpg","LOCATION":"Highland Park Way SW & SW Holden St NEC","SERVSTAT":"ACTV","SE_ANNO_CAD_DATA":"","STREAM_NAME":"Highland_SW_Holden_NEC","GLOBALID":"bcfff45b-32da-498f-8b24-73e4fd39150d","CREATOR":"Transportation_SeattleCityGIS","CREATE_DATE":1786716795000,"EDITOR":"Transportation_SeattleCityGIS","EDIT_DATE":1786716795000}},{"type":"Feature","id":364144,"geometry":{"type":"Point","coordinates":[-122.31696510421,47.6008528586973]},"properties":{"OBJECTID":364144,"COMPKEY":540464,"UNITID":"CMR-0002","OWNERSHIP":"SDOT","DISTRICT":null,"NAME":"12_S_Boren.jpg","COMPTYPE":16,"URL":"http://www.seattle.gov/trafficcams/images/12_S_Boren.jpg","LOCATION":"12th Ave S & Boren Ave S","SERVSTAT":"ACTV","SE_ANNO_CAD_DATA":"","STREAM_NAME":"12_S_Boren","GLOBALID":"4234299c-af94-47e0-a3d4-2e8b123e1c6f","CREATOR":"Transportation_SeattleCityGIS","CREATE_DATE":1786716795000,"EDITOR":"Transportation_SeattleCityGIS","EDIT_DATE":1786716795000}},{"type":"Feature","id":364145,"geometry":{"type":"Point","coordinates":[-122.348841943223,47.6197630260305]},"properties":{"OBJECTID":364145,"COMPKEY":886992,"UNITID":"CMR-0385","OWNERSHIP":"SDOT","DISTRICT":null,"NAME":"Broad_John_NWC.jpg","COMPTYPE":16,"URL":"https://www.seattle.gov/trafficcams/images/Broad_John_NWC.jpg","LOCATION":"Broad St & John St","SERVSTAT":"ACTV","SE_ANNO_CAD_DATA":"","STREAM_NAME":"Broad_John_NWC","GLOBALID":"f141ad47-7156-44b1-ac23-eaa1e9bc6341","CREATOR":"Transportation_SeattleCityGIS","CREATE_DATE":1786716795000,"EDITOR":"Transportation_SeattleCityGIS","EDIT_DATE":1786716795000}},{"type":"Feature","id":364146,"geometry":{"type":"Point","coordinates":[-122.348841943223,47.6197630260305]},"properties":{"OBJECTID":364146,"COMPKEY":null,"UNITID":null,"OWNERSHIP":null,"DISTRICT":null,"NAME":null,"COMPTYPE":16,"URL":null,"LOCATION":null,"SERVSTAT":null,"SE_ANNO_CAD_DATA":"","STREAM_NAME":null,"GLOBALID":"07ea6dda-bc40-4572-ab14-dff158ad51e6","CREATOR":"Transportation_SeattleCityGIS","CREATE_DATE":1786716795000,"EDITOR":"Transportation_SeattleCityGIS","EDIT_DATE":1786716795000}},{"type":"Feature","id":364147,"geometry":{"type":"Point","coordinates":[-122.296426108939,47.6233125719138]},"properties":{"OBJECTID":364147,"COMPKEY":null,"UNITID":"CMR-0387","OWNERSHIP":"SDOT","DISTRICT":null,"NAME":"MLK_E_Madison.jpg","COMPTYPE":16,"URL":"https://www.seattle.gov/trafficcams/images/MLK_E_Madison.jpg","LOCATION":"MLK Jr Way E & E Madison St","SERVSTAT":"ACTV","SE_ANNO_CAD_DATA":"","STREAM_NAME":"MLK_E_Madison","GLOBALID":"2c533868-e1fe-4772-ae4e-589d874aacac","CREATOR":"Transportation_SeattleCityGIS","CREATE_DATE":1786716795000,"EDITOR":"Transportation_SeattleCityGIS","EDIT_DATE":1786716795000}},{"type":"Feature","id":364148,"geometry":{"type":"Point","coordinates":[-122.341020145574,47.6070521405766]},"properties":{"OBJECTID":364148,"COMPKEY":914706,"UNITID":"CMR-0389","OWNERSHIP":"SDOT","DISTRICT":null,"NAME":"Alaskan_Union.jpg","COMPTYPE":16,"URL":"https://www.seattle.gov/trafficcams/images/Alaskan_Union.jpg","LOCATION":"Alaskan Way & Union St","SERVSTAT":"ACTV","SE_ANNO_CAD_DATA":"","STREAM_NAME":"Alaskan_Union","GLOBALID":"85001ec9-de5a-4799-a407-43fa7cfa1fbe","CREATOR":"Transportation_SeattleCityGIS","CREATE_DATE":1786716795000,"EDITOR":"Transportation_SeattleCityGIS","EDIT_DATE":1786716795000}},{"type":"Feature","id":364149,"geometry":{"type":"Point","coordinates":[-122.33718687004,47.6185381275881]},"properties":{"OBJECTID":364149,"COMPKEY":915022,"UNITID":"CMR-0404","OWNERSHIP":"SDOT","DISTRICT":null,"NAME":"Terry_Denny_SEC.jpg","COMPTYPE":16,"URL":"https://www.seattle.gov/trafficcams/images/Terry_Denny_SEC.jpg","LOCATION":"Denny Way & Terry Ave","SERVSTAT":"ACTV","SE_ANNO_CAD_DATA":"","STREAM_NAME":"Terry_Denny_SEC","GLOBALID":"05564ca0-2804-4998-a31d-b89bc3466fa4","CREATOR":"Transportation_SeattleCityGIS","CREATE_DATE":1786716795000,"EDITOR":"Transportation_SeattleCityGIS","EDIT_DATE":1786716795000}},{"type":"Feature","id":364150,"geometry":{"type":"Point","coordinates":[-122.329907580886,47.5902897438435]},"properties":{"OBJECTID":364150,"COMPKEY":null,"UNITID":"I903","OWNERSHIP":"WSDOT","DISTRICT":null,"NAME":"090vc00202.jpg","COMPTYPE":16,"URL":"http://images.wsdot.wa.gov/nw/090vc00202.jpg","LOCATION":"I-90 @ 3rd Ave S","SERVSTAT":"ACTV","SE_ANNO_CAD_DATA":"","STREAM_NAME":null,"GLOBALID":"5f9e2ea9-f09e-4b64-830b-9923b007b20f","CREATOR":"Transportation_SeattleCityGIS","CREATE_DATE":1786716795000,"EDITOR":"Transportation_SeattleCityGIS","EDIT_DATE":1786716795000}},{"type":"Feature","id":364151,"geometry":{"type":"Point","coordinates":[-122.328941485206,47.5903072972037]},"properties":{"OBJECTID":364151,"COMPKEY":null,"UNITID":"I904","OWNERSHIP":"WSDOT","DISTRICT":null,"NAME":"090vc00207.jpg","COMPTYPE":16,"URL":"http://images.wsdot.wa.gov/nw/090vc00207.jpg","LOCATION":"I-90 @ 4th Ave S","SERVSTAT":"ACTV","SE_ANNO_CAD_DATA":"","STREAM_NAME":null,"GLOBALID":"b3ad3972-c599-48ed-a8b5-de6db8afb59a","CREATOR":"Transportation_SeattleCityGIS","CREATE_DATE":1786716795000,"EDITOR":"Transportation_SeattleCityGIS","EDIT_DATE":1786716795000}},{"type":"Feature","id":364152,"geometry":{"type":"Point","coordinates":[-122.349679567292,47.6494911327146]},"properties":{"OBJECTID":364152,"COMPKEY":718997,"UNITID":"CMR-0254","OWNERSHIP":"SDOT","DISTRICT":null,"NAME":"Fremont_N_34_EW.jpg","COMPTYPE":16,"URL":"https://www.seattle.gov/trafficcams/images/Fremont_N_34_EW.jpg","LOCATION":"Fremont Ave N & N 34th St EW","SERVSTAT":"ACTV","SE_ANNO_CAD_DATA":"","STREAM_NAME":"Fremont_N_34_EW","GLOBALID":"4df575a2-1b3e-4908-a294-887fc60ec3af","CREATOR":"Transportation_SeattleCityGIS","CREATE_DATE":1786716795000,"EDITOR":"Transportation_SeattleCityGIS","EDIT_DATE":1786716795000}},{"type":"Feature","id":364153,"geometry":{"type":"Point","coordinates":[-122.317771570661,47.5501310996862]},"properties":{"OBJECTID":364153,"COMPKEY":914328,"UNITID":"CMR-0388","OWNERSHIP":"SDOT","DISTRICT":null,"NAME":"Airport_S_Doris.jpg","COMPTYPE":16,"URL":"https://www.seattle.gov/trafficcams/images/Airport_S_Doris.jpg","LOCATION":"Airport Way S & S Doris St","SERVSTAT":"ACTV","SE_ANNO_CAD_DATA":"","STREAM_NAME":"Airport_S_Doris","GLOBALID":"a21810e6-e1fe-40f6-884b-2b5f785eae3b","CREATOR":"Transportation_SeattleCityGIS","CREATE_DATE":1786716795000,"EDITOR":"Transportation_SeattleCityGIS","EDIT_DATE":1786716795000}},{"type":"Feature","id":364154,"geometry":{"type":"Point","coordinates":[-122.314527602256,47.5716290123489]},"properties":{"OBJECTID":364154,"COMPKEY":916415,"UNITID":"CMR-0407","OWNERSHIP":"SDOT","DISTRICT":null,"NAME":"Columbian_Spokane.jpg","COMPTYPE":16,"URL":"https://www.seattle.gov/trafficcams/images/Columbian_Spokane.jpg","LOCATION":"Columbian Way & S Spokane St","SERVSTAT":"ACTV","SE_ANNO_CAD_DATA":"","STREAM_NAME":"Columbian_Spokane","GLOBALID":"9e3586bb-cee9-4bd7-a593-9c252d670af8","CREATOR":"Transportation_SeattleCityGIS","CREATE_DATE":1786716795000,"EDITOR":"Transportation_SeattleCityGIS","EDIT_DATE":1786716795000}},{"type":"Feature","id":364155,"geometry":{"type":"Point","coordinates":[-122.296184789674,47.5783469799762]},"properties":{"OBJECTID":364155,"COMPKEY":916413,"UNITID":"CMR-0405","OWNERSHIP":"SDOT","DISTRICT":null,"NAME":"MLK_S_McClellan.jpg","COMPTYPE":16,"URL":"https://www.seattle.gov/trafficcams/images/MLK_S_McClellan.jpg","LOCATION":"MLK Jr Way S & S McClellan St","SERVSTAT":"ACTV","SE_ANNO_CAD_DATA":"","STREAM_NAME":"MLK_S_McClellan","GLOBALID":"57901054-3196-47ae-a3d9-a784752b4a67","CREATOR":"Transportation_SeattleCityGIS","CREATE_DATE":1786716795000,"EDITOR":"Transportation_SeattleCityGIS","EDIT_DATE":1786716795000}},{"type":"Feature","id":364156,"geometry":{"type":"Point","coordinates":[-122.298031428341,47.5883130590022]},"properties":{"OBJECTID":364156,"COMPKEY":916412,"UNITID":"CMR-0406","OWNERSHIP":"SDOT","DISTRICT":null,"NAME":"MLK_S_Massachusetts.jpg","COMPTYPE":16,"URL":"https://www.seattle.gov/trafficcams/images/MLK_S_Massachusetts.jpg","LOCATION":"MLK Jr Way S & S Massachusetts St","SERVSTAT":"ACTV","SE_ANNO_CAD_DATA":"","STREAM_NAME":"MLK_S_Massachusetts","GLOBALID":"29878b85-345c-4b27-b9bc-4163a6a3fd04","CREATOR":"Transportation_SeattleCityGIS","CREATE_DATE":1786716795000,"EDITOR":"Transportation_SeattleCityGIS","EDIT_DATE":1786716795000}},{"type":"Feature","id":364157,"geometry":{"type":"Point","coordinates":[-122.344518824959,47.6905601574151]},"properties":{"OBJECTID":364157,"COMPKEY":914804,"UNITID":"CMR-0401","OWNERSHIP":"SDOT","DISTRICT":null,"NAME":"Aurora_N_85_NS.jpg","COMPTYPE":16,"URL":"https://www.seattle.gov/trafficcams/images/Aurora_N_85_NS.jpg","LOCATION":"Aurora Ave N & N 85th St NS","SERVSTAT":"ACTV","SE_ANNO_CAD_DATA":"","STREAM_NAME":"Aurora_N_85_NS","GLOBALID":"43878de6-74a8-4ced-990d-052cc3e65717","CREATOR":"Transportation_SeattleCityGIS","CREATE_DATE":1786716795000,"EDITOR":"Transportation_SeattleCityGIS","EDIT_DATE":1786716795000}},{"type":"Feature","id":364158,"geometry":{"type":"Point","coordinates":[-122.320742908676,47.6613065504186]},"properties":{"OBJECTID":364158,"COMPKEY":914792,"UNITID":"CMR-0393","OWNERSHIP":"SDOT","DISTRICT":null,"NAME":"7_NE_45_SEC.jpg","COMPTYPE":16,"URL":"http://www.seattle.gov/trafficcams/images/7_NE_45_SEC.jpg","LOCATION":"7th Ave NE & NE 45th St","SERVSTAT":"ACTV","SE_ANNO_CAD_DATA":"","STREAM_NAME":"7_NE_45_SEC","GLOBALID":"5a233391-0db8-4ab4-aba4-b5d3d373dff2","CREATOR":"Transportation_SeattleCityGIS","CREATE_DATE":1786716795000,"EDITOR":"Transportation_SeattleCityGIS","EDIT_DATE":1786716795000}},{"type":"Feature","id":364159,"geometry":{"type":"Point","coordinates":[-122.302547411997,47.6191707767306]},"properties":{"OBJECTID":364159,"COMPKEY":914796,"UNITID":"CMR-0395","OWNERSHIP":"SDOT","DISTRICT":null,"NAME":"23_E_Madison_NS.jpg","COMPTYPE":16,"URL":"http://www.seattle.gov/trafficcams/images/23_E_Madison_NS.jpg","LOCATION":"23rd Ave E & E Madison St NS","SERVSTAT":"ACTV","SE_ANNO_CAD_DATA":"","STREAM_NAME":"23_E_Madison_NS","GLOBALID":"4f5c5cb1-92b2-42ae-942b-f7d60f33372f","CREATOR":"Transportation_SeattleCityGIS","CREATE_DATE":1786716795000,"EDITOR":"Transportation_SeattleCityGIS","EDIT_DATE":1786716795000}},{"type":"Feature","id":364160,"geometry":{"type":"Point","coordinates":[-122.349747448842,47.6495897285273]},"properties":{"OBJECTID":364160,"COMPKEY":914761,"UNITID":"CMR-0392","OWNERSHIP":"SDOT","DISTRICT":null,"NAME":"Fremont_N_34_NS.jpg","COMPTYPE":16,"URL":"http://www.seattle.gov/trafficcams/images/Fremont_N_34_NS.jpg","LOCATION":"Fremont Ave N & N 34th St NS","SERVSTAT":"ACTV","SE_ANNO_CAD_DATA":"","STREAM_NAME":"Fremont_N_34_NS","GLOBALID":"806054b0-d4fb-4140-b01c-8ff9de93d48d","CREATOR":"Transportation_SeattleCityGIS","CREATE_DATE":1786716795000,"EDITOR":"Transportation_SeattleCityGIS","EDIT_DATE":1786716795000}},{"type":"Feature","id":364161,"geometry":{"type":"Point","coordinates":[-122.303650196444,47.618420149244]},"properties":{"OBJECTID":364161,"COMPKEY":914795,"UNITID":"CMR-0394","OWNERSHIP":"SDOT","DISTRICT":null,"NAME":"23_E_Madison_EW.jpg","COMPTYPE":16,"URL":"http://www.seattle.gov/trafficcams/images/23_E_Madison_EW.jpg","LOCATION":"23rd Ave E & E Madison St EW","SERVSTAT":"ACTV","SE_ANNO_CAD_DATA":"","STREAM_NAME":"23_E_Madison_EW","GLOBALID":"510a94ac-213e-4673-a851-754165eb6c2c","CREATOR":"Transportation_SeattleCityGIS","CREATE_DATE":1786716795000,"EDITOR":"Transportation_SeattleCityGIS","EDIT_DATE":1786716795000}},{"type":"Feature","id":364162,"geometry":{"type":"Point","coordinates":[-122.376180536228,47.6534713198271]},"properties":{"OBJECTID":364162,"COMPKEY":914756,"UNITID":"CMR-0390","OWNERSHIP":"SDOT","DISTRICT":null,"NAME":"15_W_Nickerson.jpg","COMPTYPE":16,"URL":"https://www.seattle.gov/trafficcams/images/15_W_Nickerson.jpg","LOCATION":"15th Ave W & W Nickerson St","SERVSTAT":"ACTV","SE_ANNO_CAD_DATA":"","STREAM_NAME":"15_W_Nickerson","GLOBALID":"1dc2d50d-9e6e-4847-b991-dde4a6d303c2","CREATOR":"Transportation_SeattleCityGIS","CREATE_DATE":1786716795000,"EDITOR":"Transportation_SeattleCityGIS","EDIT_DATE":1786716795000}},{"type":"Feature","id":364163,"geometry":{"type":"Point","coordinates":[-122.344685774723,47.690555087234]},"properties":{"OBJECTID":364163,"COMPKEY":914805,"UNITID":"CMR-0402","OWNERSHIP":"SDOT","DISTRICT":null,"NAME":"Aurora_N_85_EW.jpg","COMPTYPE":16,"URL":"https://www.seattle.gov/trafficcams/images/Aurora_N_85_EW.jpg","LOCATION":"Aurora Ave N & N 85th St EW","SERVSTAT":"ACTV","SE_ANNO_CAD_DATA":"","STREAM_NAME":"Aurora_N_85_EW","GLOBALID":"cd8fc72a-54b0-4b74-8530-c402571106bc","CREATOR":"Transportation_SeattleCityGIS","CREATE_DATE":1786716795000,"EDITOR":"Transportation_SeattleCityGIS","EDIT_DATE":1786716795000}},{"type":"Feature","id":364164,"geometry":{"type":"Point","coordinates":[-122.321726898199,47.664958815634]},"properties":{"OBJECTID":364164,"COMPKEY":914803,"UNITID":"CMR-0400","OWNERSHIP":"SDOT","DISTRICT":null,"NAME":"7_NE_50.jpg","COMPTYPE":16,"URL":"https://www.seattle.gov/trafficcams/images/7_NE_50.jpg","LOCATION":"7th Ave NE & NE 50th St","SERVSTAT":"ACTV","SE_ANNO_CAD_DATA":"","STREAM_NAME":"7_NE_50","GLOBALID":"fe18a206-fffa-4ad0-91da-6bfa27e772e3","CREATOR":"Transportation_SeattleCityGIS","CREATE_DATE":1786716795000,"EDITOR":"Transportation_SeattleCityGIS","EDIT_DATE":1786716795000}},{"type":"Feature","id":364165,"geometry":{"type":"Point","coordinates":[-122.30461370671,47.6464332619807]},"properties":{"OBJECTID":364165,"COMPKEY":914807,"UNITID":"CMR-0403","OWNERSHIP":"SDOT","DISTRICT":null,"NAME":"Montlake_E_Shelby_SWC.jpg","COMPTYPE":16,"URL":"http://www.seattle.gov/trafficcams/images/Montlake_E_Shelby_SWC.jpg","LOCATION":"Montlake Blvd E & E Shelby St","SERVSTAT":"ACTV","SE_ANNO_CAD_DATA":"","STREAM_NAME":"Montlake_E_Shelby_SWC","GLOBALID":"e89e99b9-098c-4f2e-af88-a82613411d0a","CREATOR":"Transportation_SeattleCityGIS","CREATE_DATE":1786716795000,"EDITOR":"Transportation_SeattleCityGIS","EDIT_DATE":1786716795000}},{"type":"Feature","id":364166,"geometry":{"type":"Point","coordinates":[-122.304582798101,47.6456396272279]},"properties":{"OBJECTID":364166,"COMPKEY":847778,"UNITID":"CMR-0346","OWNERSHIP":"SDOT","DISTRICT":null,"NAME":"Montlake_E_Hamlin_NEC.jpg","COMPTYPE":16,"URL":"http://www.seattle.gov/trafficcams/images/Montlake_E_Hamlin_NEC.jpg","LOCATION":"Montlake Blvd E & E Hamlin St","SERVSTAT":"ACTV","SE_ANNO_CAD_DATA":"","STREAM_NAME":"Montlake_E_Hamlin_NEC","GLOBALID":"e181ddf1-50be-4d3d-939e-9e108fc66045","CREATOR":"Transportation_SeattleCityGIS","CREATE_DATE":1786716795000,"EDITOR":"Transportation_SeattleCityGIS","EDIT_DATE":1786716795000}},{"type":"Feature","id":364167,"geometry":{"type":"Point","coordinates":[-122.320806066608,47.6111536212453]},"properties":{"OBJECTID":364167,"COMPKEY":920146,"UNITID":"CMR-0416","OWNERSHIP":"SDOT","DISTRICT":null,"NAME":"Broadway_E_Madison_EW.jpg","COMPTYPE":16,"URL":"https://www.seattle.gov/trafficcams/images/Broadway_E_Madison_EW.jpg","LOCATION":"Broadway & Madison St EW","SERVSTAT":"ACTV","SE_ANNO_CAD_DATA":"","STREAM_NAME":"Broadway_E_Madison_EW","GLOBALID":"53e8c45a-6086-4d3f-86fe-99120ec3969b","CREATOR":"Transportation_SeattleCityGIS","CREATE_DATE":1786716795000,"EDITOR":"Transportation_SeattleCityGIS","EDIT_DATE":1786716795000}},{"type":"Feature","id":364168,"geometry":{"type":"Point","coordinates":[-122.337417197769,47.5903192137016]},"properties":{"OBJECTID":364168,"COMPKEY":null,"UNITID":"CMR-0158","OWNERSHIP":"SDOT","DISTRICT":null,"NAME":"Alaskan_S_Atlantic.jpg","COMPTYPE":16,"URL":"http://www.seattle.gov/trafficcams/images/Alaskan_S_Atlantic.jpg","LOCATION":"Alaskan Way S & S Atlantic St","SERVSTAT":"ACTV","SE_ANNO_CAD_DATA":"","STREAM_NAME":"Alaskan_S_Atlantic","GLOBALID":"3c06ea09-51d3-4107-aec2-72a1ed60f44e","CREATOR":"Transportation_SeattleCityGIS","CREATE_DATE":1786716795000,"EDITOR":"Transportation_SeattleCityGIS","EDIT_DATE":1786716795000}},{"type":"Feature","id":364169,"geometry":{"type":"Point","coordinates":[-122.335771135801,47.6058810528582]},"properties":{"OBJECTID":364169,"COMPKEY":920145,"UNITID":"CMR-0415","OWNERSHIP":"SDOT","DISTRICT":null,"NAME":"2_Spring.jpg","COMPTYPE":16,"URL":"https://www.seattle.gov/trafficcams/images/2_Spring.stream.jpg","LOCATION":"2nd Ave & Spring St","SERVSTAT":"ACTV","SE_ANNO_CAD_DATA":"","STREAM_NAME":"2_Spring","GLOBALID":"0f4ad60d-c2d8-4b46-b347-efc163680fe4","CREATOR":"Transportation_SeattleCityGIS","CREATE_DATE":1786716795000,"EDITOR":"Transportation_SeattleCityGIS","EDIT_DATE":1786716795000}},{"type":"Feature","id":364170,"geometry":{"type":"Point","coordinates":[-122.307421907458,47.6167499895665]},"properties":{"OBJECTID":364170,"COMPKEY":919940,"UNITID":"CMR-0412","OWNERSHIP":"SDOT","DISTRICT":null,"NAME":"19_E_Madison.jpg","COMPTYPE":16,"URL":"https://www.seattle.gov/trafficcams/images/19_E_Madison.jpg","LOCATION":"19th Ave & E Madison St","SERVSTAT":"ACTV","SE_ANNO_CAD_DATA":"","STREAM_NAME":"19_E_Madison","GLOBALID":"82004316-9d07-4ae7-9546-c29bb77a887d","CREATOR":"Transportation_SeattleCityGIS","CREATE_DATE":1786716795000,"EDITOR":"Transportation_SeattleCityGIS","EDIT_DATE":1786716795000}},{"type":"Feature","id":364171,"geometry":{"type":"Point","coordinates":[-122.31145948867,47.6150445590475]},"properties":{"OBJECTID":364171,"COMPKEY":542975,"UNITID":"CMR-0411","OWNERSHIP":"SDOT","DISTRICT":null,"NAME":"16_E_Madison.jpg","COMPTYPE":16,"URL":"http://www.seattle.gov/trafficcams/images/16_E_Madison.jpg","LOCATION":"16th Ave E & E Madison St","SERVSTAT":"ACTV","SE_ANNO_CAD_DATA":"","STREAM_NAME":"16_E_Madison","GLOBALID":"13ab9d11-23cf-488e-9a0c-512c96cc8d01","CREATOR":"Transportation_SeattleCityGIS","CREATE_DATE":1786716795000,"EDITOR":"Transportation_SeattleCityGIS","EDIT_DATE":1786716795000}},{"type":"Feature","id":364172,"geometry":{"type":"Point","coordinates":[-122.316737668792,47.6129857940037]},"properties":{"OBJECTID":364172,"COMPKEY":920294,"UNITID":"CMR-0418","OWNERSHIP":"SDOT","DISTRICT":null,"NAME":"12_E_Madison_NS.jpg","COMPTYPE":16,"URL":"https://www.seattle.gov/trafficcams/images/12_E_Madison_NS.jpg","LOCATION":"12th Ave & E Madison St NS","SERVSTAT":"ACTV","SE_ANNO_CAD_DATA":"","STREAM_NAME":"12_E_Madison_NS","GLOBALID":"8c631bce-0430-4816-8838-b741cd11ebeb","CREATOR":"Transportation_SeattleCityGIS","CREATE_DATE":1786716795000,"EDITOR":"Transportation_SeattleCityGIS","EDIT_DATE":1786716795000}},{"type":"Feature","id":364173,"geometry":{"type":"Point","coordinates":[-122.327402638154,47.5923997304753]},"properties":{"OBJECTID":364173,"COMPKEY":920413,"UNITID":"CMR-0429","OWNERSHIP":"SDOT","DISTRICT":null,"NAME":"5_S_RoyalB.jpg","COMPTYPE":16,"URL":"https://www.seattle.gov/trafficcams/images/5_S_RoyalB.jpg","LOCATION":"5th Ave S & S Royal Brougham Way","SERVSTAT":"ACTV","SE_ANNO_CAD_DATA":"","STREAM_NAME":"5_S_RoyalB","GLOBALID":"8d5d2329-eedc-4d13-a8a1-76d1e64562f7","CREATOR":"Transportation_SeattleCityGIS","CREATE_DATE":1786716795000,"EDITOR":"Transportation_SeattleCityGIS","EDIT_DATE":1786716795000}},{"type":"Feature","id":364174,"geometry":{"type":"Point","coordinates":[-122.316638316327,47.6129233948931]},"properties":{"OBJECTID":364174,"COMPKEY":919938,"UNITID":"CMR-0410","OWNERSHIP":"SDOT","DISTRICT":null,"NAME":"12_E_Madison_EW.jpg","COMPTYPE":16,"URL":"https://www.seattle.gov/trafficcams/images/12_E_Madison_EW.jpg","LOCATION":"12th Ave & E Madison St EW","SERVSTAT":"ACTV","SE_ANNO_CAD_DATA":"","STREAM_NAME":"12_E_Madison_EW","GLOBALID":"e9f25edc-fadc-43b7-9642-07d01f7058cc","CREATOR":"Transportation_SeattleCityGIS","CREATE_DATE":1786716795000,"EDITOR":"Transportation_SeattleCityGIS","EDIT_DATE":1786716795000}},{"type":"Feature","id":364175,"geometry":{"type":"Point","coordinates":[-122.346363328773,47.6620117618436]},"properties":{"OBJECTID":364175,"COMPKEY":null,"UNITID":"CMR-0371","OWNERSHIP":"SDOT","DISTRICT":null,"NAME":"Green_Lake_N_46_S-Gore.jpg","COMPTYPE":16,"URL":"https://www.seattle.gov/trafficcams/images/Green_Lake_N_46_S-Gore.jpg","LOCATION":"Green Lake Way N & N 46th St","SERVSTAT":"ACTV","SE_ANNO_CAD_DATA":"","STREAM_NAME":"Green_Lake_N_46_S-Gore","GLOBALID":"4a151f73-1601-43db-b82f-8d1d2fbb7ced","CREATOR":"Transportation_SeattleCityGIS","CREATE_DATE":1786716795000,"EDITOR":"Transportation_SeattleCityGIS","EDIT_DATE":1786716795000}},{"type":"Feature","id":364176,"geometry":{"type":"Point","coordinates":[-122.300465915654,47.7104401927705]},"properties":{"OBJECTID":364176,"COMPKEY":920400,"UNITID":"CMR-0424","OWNERSHIP":"SDOT","DISTRICT":null,"NAME":"LCW_N_Northgate.jpg","COMPTYPE":16,"URL":"https://www.seattle.gov/trafficcams/images/LCW_N_Northgate.jpg","LOCATION":"Lake City Way NE & NE Northgate Way","SERVSTAT":"ACTV","SE_ANNO_CAD_DATA":"","STREAM_NAME":"LCW_N_Northgate","GLOBALID":"24ce761c-4e75-4a0c-b57c-44a3b6ead3e1","CREATOR":"Transportation_SeattleCityGIS","CREATE_DATE":1786716795000,"EDITOR":"Transportation_SeattleCityGIS","EDIT_DATE":1786716795000}},{"type":"Feature","id":364177,"geometry":{"type":"Point","coordinates":[-122.292287637354,47.7264771379171]},"properties":{"OBJECTID":364177,"COMPKEY":920390,"UNITID":"CMR-0422","OWNERSHIP":"SDOT","DISTRICT":null,"NAME":"LCW_NE_135.jpg","COMPTYPE":16,"URL":"https://www.seattle.gov/trafficcams/images/LCW_NE_135.jpg","LOCATION":"Lake City Way NE & NE 135th St","SERVSTAT":"ACTV","SE_ANNO_CAD_DATA":"","STREAM_NAME":"LCW_NE_135","GLOBALID":"fba258c4-03f5-4971-a455-f240d0b0392e","CREATOR":"Transportation_SeattleCityGIS","CREATE_DATE":1786716795000,"EDITOR":"Transportation_SeattleCityGIS","EDIT_DATE":1786716795000}},{"type":"Feature","id":364178,"geometry":{"type":"Point","coordinates":[-122.305480007113,47.6975767847756]},"properties":{"OBJECTID":364178,"COMPKEY":920386,"UNITID":"CMR-0421","OWNERSHIP":"SDOT","DISTRICT":null,"NAME":"LCW_NE_95.jpg","COMPTYPE":16,"URL":"https://www.seattle.gov/trafficcams/images/LCW_NE_95.jpg","LOCATION":"Lake City Way NE & NE 95th St","SERVSTAT":"ACTV","SE_ANNO_CAD_DATA":"","STREAM_NAME":"LCW_NE_95","GLOBALID":"d1ab1308-ddbe-4ef7-8f48-847a30afa7e5","CREATOR":"Transportation_SeattleCityGIS","CREATE_DATE":1786716795000,"EDITOR":"Transportation_SeattleCityGIS","EDIT_DATE":1786716795000}},{"type":"Feature","id":364179,"geometry":{"type":"Point","coordinates":[-122.32076111125,47.6112063353626]},"properties":{"OBJECTID":364179,"COMPKEY":920147,"UNITID":"CMR-0417","OWNERSHIP":"SDOT","DISTRICT":null,"NAME":"Broadway_E_Madison_NS.jpg","COMPTYPE":16,"URL":"https://www.seattle.gov/trafficcams/images/Broadway_E_Madison_NS.jpg","LOCATION":"Broadway & Madison St NS","SERVSTAT":"ACTV","SE_ANNO_CAD_DATA":"","STREAM_NAME":"Broadway_Madison_NS","GLOBALID":"d4333cd9-5d78-429b-881c-22308fce73c1","CREATOR":"Transportation_SeattleCityGIS","CREATE_DATE":1786716795000,"EDITOR":"Transportation_SeattleCityGIS","EDIT_DATE":1786716795000}},{"type":"Feature","id":364180,"geometry":{"type":"Point","coordinates":[-122.313301855562,47.6867017579421]},"properties":{"OBJECTID":364180,"COMPKEY":920385,"UNITID":"CMR-0420","OWNERSHIP":"SDOT","DISTRICT":null,"NAME":"LCW_NE_80.jpg","COMPTYPE":16,"URL":"https://www.seattle.gov/trafficcams/images/LCW_NE_80.jpg","LOCATION":"Lake City Way NE & NE 80th St","SERVSTAT":"ACTV","SE_ANNO_CAD_DATA":"","STREAM_NAME":"LCW_NE_80","GLOBALID":"73a4e20b-5f8d-42f4-9c21-1cf3ee4c7e1b","CREATOR":"Transportation_SeattleCityGIS","CREATE_DATE":1786716795000,"EDITOR":"Transportation_SeattleCityGIS","EDIT_DATE":1786716795000}},{"type":"Feature","id":364181,"geometry":{"type":"Point","coordinates":[-122.353365602568,47.6162530395101]},"properties":{"OBJECTID":364181,"COMPKEY":630008,"UNITID":"CMR-0182","OWNERSHIP":"SDOT","DISTRICT":null,"NAME":"Western_Broad_SWC.jpg","COMPTYPE":16,"URL":"http://www.seattle.gov/trafficcams/images/Western_Broad_SWC.jpg","LOCATION":"Western Ave & Broad St","SERVSTAT":"ACTV","SE_ANNO_CAD_DATA":"","STREAM_NAME":"Western_Broad_SWC","GLOBALID":"b5384e52-3330-49e7-9ddd-197dd4174ecb","CREATOR":"Transportation_SeattleCityGIS","CREATE_DATE":1786716795000,"EDITOR":"Transportation_SeattleCityGIS","EDIT_DATE":1786716795000}},{"type":"Feature","id":364182,"geometry":{"type":"Point","coordinates":[-122.292429931828,47.7337243989957]},"properties":{"OBJECTID":364182,"COMPKEY":920391,"UNITID":"CMR-0423","OWNERSHIP":"SDOT","DISTRICT":null,"NAME":"LCW_NE_145.jpg","COMPTYPE":16,"URL":"https://www.seattle.gov/trafficcams/images/LCW_NE_145.jpg","LOCATION":"Lake City Way NE & NE 145th St","SERVSTAT":"ACTV","SE_ANNO_CAD_DATA":"","STREAM_NAME":"LCW_NE_145","GLOBALID":"00cded32-956d-461b-afd0-e4bfd325eec5","CREATOR":"Transportation_SeattleCityGIS","CREATE_DATE":1786716795000,"EDITOR":"Transportation_SeattleCityGIS","EDIT_DATE":1786716795000}},{"type":"Feature","id":364183,"geometry":{"type":"Point","coordinates":[-122.321280832531,47.6515916888942]},"properties":{"OBJECTID":364183,"COMPKEY":898543,"UNITID":"CMR-0386","OWNERSHIP":"SDOT","DISTRICT":null,"NAME":"Eastlake_Fuhrman.jpg","COMPTYPE":16,"URL":"https://www.seattle.gov/trafficcams/images/Eastlake_Fuhrman.jpg","LOCATION":"Eastlake Ave E & Fuhrman Ave E","SERVSTAT":"ACTV","SE_ANNO_CAD_DATA":"","STREAM_NAME":"Eastlake_Fuhrman","GLOBALID":"89818680-e254-4014-b94c-48bf41e44a18","CREATOR":"Transportation_SeattleCityGIS","CREATE_DATE":1786716795000,"EDITOR":"Transportation_SeattleCityGIS","EDIT_DATE":1786716795000}},{"type":"Feature","id":364184,"geometry":{"type":"Point","coordinates":[-122.342349601083,47.6245497266158]},"properties":{"OBJECTID":364184,"COMPKEY":null,"UNITID":"CMR-0211","OWNERSHIP":"SDOT","DISTRICT":null,"NAME":"Dexter_N_Mercer.jpg","COMPTYPE":16,"URL":"http://www.seattle.gov/trafficcams/images/Dexter_N_Mercer.jpg","LOCATION":"Dexter Ave N & Mercer St","SERVSTAT":"ACTV","SE_ANNO_CAD_DATA":"","STREAM_NAME":"Dexter_N_Mercer","GLOBALID":"7c979220-052c-494b-bc18-cad505951b12","CREATOR":"Transportation_SeattleCityGIS","CREATE_DATE":1786716795000,"EDITOR":"Transportation_SeattleCityGIS","EDIT_DATE":1786716795000}},{"type":"Feature","id":364185,"geometry":{"type":"Point","coordinates":[-122.35250654042,47.6169183390817]},"properties":{"OBJECTID":364185,"COMPKEY":null,"UNITID":"CMR-0171","OWNERSHIP":"SDOT","DISTRICT":null,"NAME":"1_Broad.jpg","COMPTYPE":16,"URL":"http://www.seattle.gov/trafficcams/images/1_Broad.jpg","LOCATION":"1st Ave & Broad St","SERVSTAT":"ACTV","SE_ANNO_CAD_DATA":"","STREAM_NAME":"1_Broad","GLOBALID":"b22cc43a-8403-4a42-9b97-797d27e77ad2","CREATOR":"Transportation_SeattleCityGIS","CREATE_DATE":1786716795000,"EDITOR":"Transportation_SeattleCityGIS","EDIT_DATE":1786716795000}},{"type":"Feature","id":364186,"geometry":{"type":"Point","coordinates":[-122.310756833143,47.6885040546201]},"properties":{"OBJECTID":364186,"COMPKEY":null,"UNITID":"CMR-0437","OWNERSHIP":"SDOT","DISTRICT":null,"NAME":"LCW_NE_82.jpg","COMPTYPE":16,"URL":"http://www.seattle.gov/trafficcams/images/LCW_NE_82.jpg","LOCATION":"Lake City Way NE & NE 82nd St","SERVSTAT":"ACTV","SE_ANNO_CAD_DATA":"","STREAM_NAME":"LCW_NE_82","GLOBALID":"7bcbb4e6-3d91-4b81-9c1b-670d86ad002d","CREATOR":"Transportation_SeattleCityGIS","CREATE_DATE":1786716795000,"EDITOR":"Transportation_SeattleCityGIS","EDIT_DATE":1786716795000}},{"type":"Feature","id":364187,"geometry":{"type":"Point","coordinates":[-122.304615616401,47.6447241267042]},"properties":{"OBJECTID":364187,"COMPKEY":918951,"UNITID":"CMR-0408","OWNERSHIP":"SDOT","DISTRICT":null,"NAME":"Montlake_SR520_WB-Ramp.jpg","COMPTYPE":16,"URL":"https://www.seattle.gov/trafficcams/images/Montlake_SR520_WB-Ramp.jpg","LOCATION":"Montlake Blvd E & SR 520 WB Ramp","SERVSTAT":"ACTV","SE_ANNO_CAD_DATA":"","STREAM_NAME":"Montlake_SR520_WB-Ramp","GLOBALID":"58577f28-1061-4304-9b66-500aa1952e44","CREATOR":"Transportation_SeattleCityGIS","CREATE_DATE":1786716795000,"EDITOR":"Transportation_SeattleCityGIS","EDIT_DATE":1786716795000}},{"type":"Feature","id":364188,"geometry":{"type":"Point","coordinates":[-122.334588522093,47.6246733079255]},"properties":{"OBJECTID":364188,"COMPKEY":914797,"UNITID":"CMR-0396","OWNERSHIP":"SDOT","DISTRICT":null,"NAME":"Fairview_Mercer_4.jpg","COMPTYPE":16,"URL":"https://www.seattle.gov/trafficcams/images/Fairview_Mercer_4.jpg","LOCATION":"Fairview Ave N & Mercer St E","SERVSTAT":"ACTV","SE_ANNO_CAD_DATA":"","STREAM_NAME":"Fairview_Mercer_4","GLOBALID":"901acc3a-a516-4910-8be6-4c1853f9f364","CREATOR":"Transportation_SeattleCityGIS","CREATE_DATE":1786716795000,"EDITOR":"Transportation_SeattleCityGIS","EDIT_DATE":1786716795000}},{"type":"Feature","id":364189,"geometry":{"type":"Point","coordinates":[-122.334220940606,47.6244870831165]},"properties":{"OBJECTID":364189,"COMPKEY":914798,"UNITID":"CMR-0397","OWNERSHIP":"SDOT","DISTRICT":"3","NAME":"Fairview_Mercer_3.jpg","COMPTYPE":16,"URL":"http://www.seattle.gov/trafficcams/images/Fairview_Mercer_3.jpg","LOCATION":"Fairview Ave N & Mercer St NS","SERVSTAT":"ACTV","SE_ANNO_CAD_DATA":"","STREAM_NAME":"Fairview_Mercer_3","GLOBALID":"307747aa-0862-4a1a-bb65-c4e7d073355f","CREATOR":"Transportation_SeattleCityGIS","CREATE_DATE":1786716795000,"EDITOR":"Transportation_SeattleCityGIS","EDIT_DATE":1786716795000}},{"type":"Feature","id":364190,"geometry":{"type":"Point","coordinates":[-122.334376740799,47.6248024229241]},"properties":{"OBJECTID":364190,"COMPKEY":545779,"UNITID":"CMR-0110","OWNERSHIP":"SDOT","DISTRICT":null,"NAME":"Fairview_Mercer_5.jpg","COMPTYPE":16,"URL":"https://www.seattle.gov/trafficcams/images/Fairview_Mercer_5.jpg","LOCATION":"Fairview Ave N & Mercer St EW","SERVSTAT":"ACTV","SE_ANNO_CAD_DATA":"","STREAM_NAME":"Fairview_Mercer_5","GLOBALID":"b87e2415-014b-4518-b9b7-5fce5df3b626","CREATOR":"Transportation_SeattleCityGIS","CREATE_DATE":1786716795000,"EDITOR":"Transportation_SeattleCityGIS","EDIT_DATE":1786716795000}},{"type":"Feature","id":364191,"geometry":{"type":"Point","coordinates":[-122.327664585076,47.5992625593711]},"properties":{"OBJECTID":364191,"COMPKEY":920412,"UNITID":"CMR-0428","OWNERSHIP":"SDOT","DISTRICT":null,"NAME":"5_S_Jackson.jpg","COMPTYPE":16,"URL":"https://www.seattle.gov/trafficcams/images/5_S_Jackson.jpg","LOCATION":"5th Ave S & S Jackson St","SERVSTAT":"ACTV","SE_ANNO_CAD_DATA":"","STREAM_NAME":"5_S_Jackson","GLOBALID":"3ce1fb11-91d2-4047-aaad-2fc5a962d243","CREATOR":"Transportation_SeattleCityGIS","CREATE_DATE":1786716795000,"EDITOR":"Transportation_SeattleCityGIS","EDIT_DATE":1786716795000}},{"type":"Feature","id":364192,"geometry":{"type":"Point","coordinates":[-122.331578112913,47.5992252283334]},"properties":{"OBJECTID":364192,"COMPKEY":920409,"UNITID":"CMR-0425","OWNERSHIP":"SDOT","DISTRICT":null,"NAME":"2_S_Jackson.jpg","COMPTYPE":16,"URL":"https://www.seattle.gov/trafficcams/images/2_S_Jackson.jpg","LOCATION":"2nd Ave S & S Jackson St","SERVSTAT":"ACTV","SE_ANNO_CAD_DATA":"","STREAM_NAME":"2_S_Jackson","GLOBALID":"70d354d4-12ab-4ac6-ae87-dfa131984c99","CREATOR":"Transportation_SeattleCityGIS","CREATE_DATE":1786716795000,"EDITOR":"Transportation_SeattleCityGIS","EDIT_DATE":1786716795000}},{"type":"Feature","id":364193,"geometry":{"type":"Point","coordinates":[-122.328961252174,47.5976010606152]},"properties":{"OBJECTID":364193,"COMPKEY":920411,"UNITID":"CMR-0427","OWNERSHIP":"SDOT","DISTRICT":null,"NAME":"4_S_Weller.jpg","COMPTYPE":16,"URL":"https://www.seattle.gov/trafficcams/images/4_S_Weller.jpg","LOCATION":"4th Ave S & S Weller St","SERVSTAT":"ACTV","SE_ANNO_CAD_DATA":"","STREAM_NAME":"4_S_Weller","GLOBALID":"39e96338-0c33-432c-905a-ca74b3e17e3c","CREATOR":"Transportation_SeattleCityGIS","CREATE_DATE":1786716795000,"EDITOR":"Transportation_SeattleCityGIS","EDIT_DATE":1786716795000}},{"type":"Feature","id":364194,"geometry":{"type":"Point","coordinates":[-122.346387043537,47.690568289763]},"properties":{"OBJECTID":364194,"COMPKEY":545149,"UNITID":"CMR-0078","OWNERSHIP":"SDOT","DISTRICT":"1","NAME":"Linden_N_85.jpg","COMPTYPE":16,"URL":"http://www.seattle.gov/trafficcams/images/Linden_N_85.jpg","LOCATION":"Linden Ave N & N 85th St","SERVSTAT":"ACTV","SE_ANNO_CAD_DATA":"","STREAM_NAME":"Linden_N_85","GLOBALID":"fc8494d1-1ad8-4435-8ada-36c0be16a605","CREATOR":"Transportation_SeattleCityGIS","CREATE_DATE":1786716795000,"EDITOR":"Transportation_SeattleCityGIS","EDIT_DATE":1786716795000}},{"type":"Feature","id":364195,"geometry":{"type":"Point","coordinates":[-122.364716103322,47.6589442541187]},"properties":{"OBJECTID":364195,"COMPKEY":null,"UNITID":"CMR-0253","OWNERSHIP":"SDOT","DISTRICT":null,"NAME":"Leary_NW_43_EW.jpg","COMPTYPE":16,"URL":"http://www.seattle.gov/trafficcams/images/Leary_NW_43_EW.jpg","LOCATION":"Leary Way NW & NW 43rd St","SERVSTAT":"ACTV","SE_ANNO_CAD_DATA":"","STREAM_NAME":"Leary_NW_43_EW","GLOBALID":"40d2ed61-f857-4dd5-b934-945cc7585985","CREATOR":"Transportation_SeattleCityGIS","CREATE_DATE":1786716795000,"EDITOR":"Transportation_SeattleCityGIS","EDIT_DATE":1786716795000}},{"type":"Feature","id":364196,"geometry":{"type":"Point","coordinates":[-122.346662362875,47.6525967087139]},"properties":{"OBJECTID":364196,"COMPKEY":null,"UNITID":"CMR-0432","OWNERSHIP":"SDOT","DISTRICT":null,"NAME":"Bridge_N_38.jpg","COMPTYPE":16,"URL":"https://www.seattle.gov/trafficcams/images/Bridge_N_38.jpg","LOCATION":"Bridge Way N & N 38th St","SERVSTAT":"ACTV","SE_ANNO_CAD_DATA":"","STREAM_NAME":"Bridge_N_38","GLOBALID":"5c207276-eb17-4795-9259-8f7136c02c32","CREATOR":"Transportation_SeattleCityGIS","CREATE_DATE":1786716795000,"EDITOR":"Transportation_SeattleCityGIS","EDIT_DATE":1786716795000}},{"type":"Feature","id":364197,"geometry":{"type":"Point","coordinates":[-122.333251777488,47.5955063172317]},"properties":{"OBJECTID":364197,"COMPKEY":null,"UNITID":"CMR-T08","OWNERSHIP":"SDOT","DISTRICT":null,"NAME":"SDOT_Portable_8.jpg","COMPTYPE":16,"URL":"http://www.seattle.gov/trafficcams/images/SDOT_Portable_8.jpg","LOCATION":"Occidental Ave S & S Charles St","SERVSTAT":"ACTV","SE_ANNO_CAD_DATA":"","STREAM_NAME":null,"GLOBALID":"0d829c38-ef2d-46f6-8819-82c5c40b2319","CREATOR":"Transportation_SeattleCityGIS","CREATE_DATE":1786716795000,"EDITOR":"Transportation_SeattleCityGIS","EDIT_DATE":1786716795000}},{"type":"Feature","id":364198,"geometry":{"type":"Point","coordinates":[-122.328928631871,47.7231714855344]},"properties":{"OBJECTID":364198,"COMPKEY":null,"UNITID":"CMR-T05","OWNERSHIP":"SDOT","DISTRICT":null,"NAME":"SDOT_Portable_5.jpg","COMPTYPE":16,"URL":"http://www.seattle.gov/trafficcams/images/SDOT_Portable_5.jpg","LOCATION":"1st Ave NE & NE 130th St","SERVSTAT":"ACTV","SE_ANNO_CAD_DATA":"","STREAM_NAME":null,"GLOBALID":"ea7e8917-5807-4329-9e8c-1a198d91b9a8","CREATOR":"Transportation_SeattleCityGIS","CREATE_DATE":1786716795000,"EDITOR":"Transportation_SeattleCityGIS","EDIT_DATE":1786716795000}},{"type":"Feature","id":364199,"geometry":{"type":"Point","coordinates":[-122.323577183572,47.7231364354611]},"properties":{"OBJECTID":364199,"COMPKEY":null,"UNITID":"CMR-T07","OWNERSHIP":"SDOT","DISTRICT":null,"NAME":"SDOT_Portable_7.jpg","COMPTYPE":16,"URL":"http://www.seattle.gov/trafficcams/images/SDOT_Portable_7.jpg","LOCATION":"5th Ave NE & NE 130th St","SERVSTAT":"ACTV","SE_ANNO_CAD_DATA":"","STREAM_NAME":null,"GLOBALID":"6b125585-1002-4a2a-a2eb-4b9e6d90f6a3","CREATOR":"Transportation_SeattleCityGIS","CREATE_DATE":1786716795000,"EDITOR":"Transportation_SeattleCityGIS","EDIT_DATE":1786716795000}},{"type":"Feature","id":364200,"geometry":{"type":"Point","coordinates":[-122.340032897739,47.6130625948948]},"properties":{"OBJECTID":364200,"COMPKEY":null,"UNITID":"CMR-0174","OWNERSHIP":"SDOT","DISTRICT":null,"NAME":"4_Virginia.jpg","COMPTYPE":16,"URL":"http://www.seattle.gov/trafficcams/images/4_Virginia.jpg","LOCATION":"4th Ave & Virginia St","SERVSTAT":"ACTV","SE_ANNO_CAD_DATA":"","STREAM_NAME":"4_Virginia","GLOBALID":"84f45563-4f7f-49be-bb36-bf118e721fed","CREATOR":"Transportation_SeattleCityGIS","CREATE_DATE":1786716795000,"EDITOR":"Transportation_SeattleCityGIS","EDIT_DATE":1786716795000}},{"type":"Feature","id":364201,"geometry":{"type":"Point","coordinates":[-122.344518418884,47.686939107874]},"properties":{"OBJECTID":364201,"COMPKEY":920758,"UNITID":"CMR-0431","OWNERSHIP":"SDOT","DISTRICT":null,"NAME":"Aurora_N_80.jpg","COMPTYPE":16,"URL":"https://www.seattle.gov/trafficcams/images/Aurora_N_80.jpg","LOCATION":"Aurora Ave N & N 80th St","SERVSTAT":"ACTV","SE_ANNO_CAD_DATA":"","STREAM_NAME":"Aurora_N_80","GLOBALID":"4cb3f656-e29b-4f09-894c-ba34817f5717","CREATOR":"Transportation_SeattleCityGIS","CREATE_DATE":1786716795000,"EDITOR":"Transportation_SeattleCityGIS","EDIT_DATE":1786716795000}},{"type":"Feature","id":364202,"geometry":{"type":"Point","coordinates":[-122.337103234166,47.5903691177236]},"properties":{"OBJECTID":364202,"COMPKEY":null,"UNITID":"CMR-0157","OWNERSHIP":"SDOT","DISTRICT":null,"NAME":"SR-99_S_Atlantic.jpg","COMPTYPE":16,"URL":"http://www.seattle.gov/trafficcams/images/SR-99_S_Atlantic.jpg","LOCATION":"SR 99 & S Atlantic St","SERVSTAT":"ACTV","SE_ANNO_CAD_DATA":"","STREAM_NAME":"SR-99_S_Atlantic","GLOBALID":"58b7e074-9501-4ef4-85fe-b12f409e2484","CREATOR":"Transportation_SeattleCityGIS","CREATE_DATE":1786716795000,"EDITOR":"Transportation_SeattleCityGIS","EDIT_DATE":1786716795000}},{"type":"Feature","id":364203,"geometry":{"type":"Point","coordinates":[-122.341394219355,47.6173823437299]},"properties":{"OBJECTID":364203,"COMPKEY":630013,"UNITID":"CMR-0187","OWNERSHIP":"SDOT","DISTRICT":null,"NAME":"7_Bell.jpg","COMPTYPE":16,"URL":"https://www.seattle.gov/trafficcams/images/7_Bell.jpg","LOCATION":"7th Ave & Bell St","SERVSTAT":"ACTV","SE_ANNO_CAD_DATA":"","STREAM_NAME":"7_Bell","GLOBALID":"754f7092-b0d9-476e-95ec-2739102ac638","CREATOR":"Transportation_SeattleCityGIS","CREATE_DATE":1786716795000,"EDITOR":"Transportation_SeattleCityGIS","EDIT_DATE":1786716795000}},{"type":"Feature","id":364204,"geometry":{"type":"Point","coordinates":[-122.339339033493,47.5799412198674]},"properties":{"OBJECTID":364204,"COMPKEY":null,"UNITID":"CMR-0066","OWNERSHIP":"SDOT","DISTRICT":null,"NAME":"SR-99_S_Lander.jpg","COMPTYPE":16,"URL":"http://www.seattle.gov/trafficcams/images/SR-99_S_Lander.jpg","LOCATION":"SR 99 @ S Lander St","SERVSTAT":"ACTV","SE_ANNO_CAD_DATA":"","STREAM_NAME":"SR-99_S_Lander","GLOBALID":"d11b9a75-8472-49e1-8d46-d20fabab4739","CREATOR":"Transportation_SeattleCityGIS","CREATE_DATE":1786716795000,"EDITOR":"Transportation_SeattleCityGIS","EDIT_DATE":1786716795000}},{"type":"Feature","id":364205,"geometry":{"type":"Point","coordinates":[-122.337393604364,47.6126653472821]},"properties":{"OBJECTID":364205,"COMPKEY":544867,"UNITID":"CMR-0046","OWNERSHIP":"SDOT","DISTRICT":null,"NAME":"5_Olive.jpg","COMPTYPE":16,"URL":"http://www.seattle.gov/trafficcams/images/5_Olive.jpg","LOCATION":"5th Ave & Olive Way","SERVSTAT":"ACTV","SE_ANNO_CAD_DATA":"","STREAM_NAME":"5_Olive","GLOBALID":"b9430a7e-cb6b-411b-8db2-27a750ad50d4","CREATOR":"Transportation_SeattleCityGIS","CREATE_DATE":1786716795000,"EDITOR":"Transportation_SeattleCityGIS","EDIT_DATE":1786716795000}},{"type":"Feature","id":364206,"geometry":{"type":"Point","coordinates":[-122.312069744066,47.6866249583601]},"properties":{"OBJECTID":364206,"COMPKEY":545832,"UNITID":"CMR-0118","OWNERSHIP":"SDOT","DISTRICT":null,"NAME":"15_NE_80.jpg","COMPTYPE":16,"URL":"http://www.seattle.gov/trafficcams/images/15_NE_80.jpg","LOCATION":"15th Ave NE & NE 80th St","SERVSTAT":"ACTV","SE_ANNO_CAD_DATA":"","STREAM_NAME":"15_NE_80","GLOBALID":"62d23d02-301c-4cb4-b5a2-1f6b9450d472","CREATOR":"Transportation_SeattleCityGIS","CREATE_DATE":1786716795000,"EDITOR":"Transportation_SeattleCityGIS","EDIT_DATE":1786716795000}},{"type":"Feature","id":364207,"geometry":{"type":"Point","coordinates":[-122.312464144733,47.652975964136]},"properties":{"OBJECTID":364207,"COMPKEY":null,"UNITID":"CMR-0214","OWNERSHIP":"SDOT","DISTRICT":null,"NAME":"15_NE_Pacific.jpg","COMPTYPE":16,"URL":"http://www.seattle.gov/trafficcams/images/15_NE_Pacific.jpg","LOCATION":"15th Ave NE & NE Pacific St","SERVSTAT":"ACTV","SE_ANNO_CAD_DATA":"","STREAM_NAME":"15_NE_Pacific","GLOBALID":"97b3e159-3bfb-412f-b409-48336cb66225","CREATOR":"Transportation_SeattleCityGIS","CREATE_DATE":1786716795000,"EDITOR":"Transportation_SeattleCityGIS","EDIT_DATE":1786716795000}},{"type":"Feature","id":364208,"geometry":{"type":"Point","coordinates":[-122.311993309524,47.6612619533606]},"properties":{"OBJECTID":364208,"COMPKEY":null,"UNITID":"CMR-0216","OWNERSHIP":"SDOT","DISTRICT":null,"NAME":"15_NE_45.jpg","COMPTYPE":16,"URL":"http://www.seattle.gov/trafficcams/images/15_NE_45.jpg","LOCATION":"15th Ave NE & NE 45th St","SERVSTAT":"ACTV","SE_ANNO_CAD_DATA":"","STREAM_NAME":"15_NE_45","GLOBALID":"d3a4c41d-f470-4313-9746-b7abf7cd35ac","CREATOR":"Transportation_SeattleCityGIS","CREATE_DATE":1786716795000,"EDITOR":"Transportation_SeattleCityGIS","EDIT_DATE":1786716795000}},{"type":"Feature","id":364209,"geometry":{"type":"Point","coordinates":[-122.313171390807,47.683059411251]},"properties":{"OBJECTID":364209,"COMPKEY":542958,"UNITID":"CMR-0005","OWNERSHIP":"SDOT","DISTRICT":null,"NAME":"14_NE_75.jpg","COMPTYPE":16,"URL":"http://www.seattle.gov/trafficcams/images/14_NE_75.jpg","LOCATION":"14th Ave NE & NE 75th St","SERVSTAT":"ACTV","SE_ANNO_CAD_DATA":"","STREAM_NAME":"14_NE_75","GLOBALID":"3270b462-5d81-4c84-88c7-6dc34c77b1e5","CREATOR":"Transportation_SeattleCityGIS","CREATE_DATE":1786716795000,"EDITOR":"Transportation_SeattleCityGIS","EDIT_DATE":1786716795000}},{"type":"Feature","id":364210,"geometry":{"type":"Point","coordinates":[-122.315238737376,47.6649173416459]},"properties":{"OBJECTID":364210,"COMPKEY":664624,"UNITID":"CMR-0225","OWNERSHIP":"SDOT","DISTRICT":null,"NAME":"12_NE_50.jpg","COMPTYPE":16,"URL":"http://www.seattle.gov/trafficcams/images/12_NE_50.jpg","LOCATION":"12th Ave NE & NE 50th St","SERVSTAT":"ACTV","SE_ANNO_CAD_DATA":"","STREAM_NAME":"12_NE_50","GLOBALID":"2bda5fba-0e3e-402d-83b8-18c3bf39a3a5","CREATOR":"Transportation_SeattleCityGIS","CREATE_DATE":1786716795000,"EDITOR":"Transportation_SeattleCityGIS","EDIT_DATE":1786716795000}},{"type":"Feature","id":364211,"geometry":{"type":"Point","coordinates":[-122.328634265585,47.7086287203541]},"properties":{"OBJECTID":364211,"COMPKEY":544727,"UNITID":"CMR-0018","OWNERSHIP":"SDOT","DISTRICT":null,"NAME":"1_NE_Northgate.jpg","COMPTYPE":16,"URL":"http://www.seattle.gov/trafficcams/images/1_NE_Northgate.jpg","LOCATION":"1st Ave NE & NE Northgate Way","SERVSTAT":"ACTV","SE_ANNO_CAD_DATA":"","STREAM_NAME":"1_NE_Northgate","GLOBALID":"44318641-3034-4c1d-91fb-225a4dc10e5a","CREATOR":"Transportation_SeattleCityGIS","CREATE_DATE":1786716795000,"EDITOR":"Transportation_SeattleCityGIS","EDIT_DATE":1786716795000}},{"type":"Feature","id":364212,"geometry":{"type":"Point","coordinates":[-122.34502431541,47.7341284859647]},"properties":{"OBJECTID":364212,"COMPKEY":545012,"UNITID":"CMR-0075","OWNERSHIP":"SDOT","DISTRICT":null,"NAME":"Aurora_N_145_1.jpg","COMPTYPE":16,"URL":"http://www.seattle.gov/trafficcams/images/Aurora_N_145_1.jpg","LOCATION":"Aurora Ave N & N 145th St EW","SERVSTAT":"ACTV","SE_ANNO_CAD_DATA":"","STREAM_NAME":"Aurora_N_145_1","GLOBALID":"d06b38c6-929f-45dc-a526-348bece237f0","CREATOR":"Transportation_SeattleCityGIS","CREATE_DATE":1786716795000,"EDITOR":"Transportation_SeattleCityGIS","EDIT_DATE":1786716795000}},{"type":"Feature","id":364213,"geometry":{"type":"Point","coordinates":[-122.345090029913,47.7334976919338]},"properties":{"OBJECTID":364213,"COMPKEY":545014,"UNITID":"CMR-0076","OWNERSHIP":"SDOT","DISTRICT":null,"NAME":"Aurora_N_145_2.jpg","COMPTYPE":16,"URL":"http://www.seattle.gov/trafficcams/images/Aurora_N_145_2.jpg","LOCATION":"Aurora Ave N & N 145th St NS","SERVSTAT":"ACTV","SE_ANNO_CAD_DATA":"","STREAM_NAME":"Aurora_N_145_2","GLOBALID":"2bd0dc5e-ea5b-4b61-a0a4-4f053c66af70","CREATOR":"Transportation_SeattleCityGIS","CREATE_DATE":1786716795000,"EDITOR":"Transportation_SeattleCityGIS","EDIT_DATE":1786716795000}},{"type":"Feature","id":364214,"geometry":{"type":"Point","coordinates":[-122.341752612831,47.6117330915136]},"properties":{"OBJECTID":364214,"COMPKEY":null,"UNITID":"CMR-0239","OWNERSHIP":"SDOT","DISTRICT":null,"NAME":"2_Virginia.jpg","COMPTYPE":16,"URL":"http://www.seattle.gov/trafficcams/images/2_Virginia.jpg","LOCATION":"2nd Ave & Virginia St","SERVSTAT":"ACTV","SE_ANNO_CAD_DATA":"","STREAM_NAME":"2_Virginia","GLOBALID":"8e4b4006-b17b-408d-9874-876902656565","CREATOR":"Transportation_SeattleCityGIS","CREATE_DATE":1786716795000,"EDITOR":"Transportation_SeattleCityGIS","EDIT_DATE":1786716795000}},{"type":"Feature","id":364215,"geometry":{"type":"Point","coordinates":[-122.349856494152,47.6461937958856]},"properties":{"OBJECTID":364215,"COMPKEY":931494,"UNITID":"CMR-0445","OWNERSHIP":"SDOT","DISTRICT":null,"NAME":"4_N_Dexter_2.jpg","COMPTYPE":16,"URL":"https://www.seattle.gov/trafficcams/images/4_N_Dexter_2.jpg","LOCATION":"4th Ave N & Dexter Ave N 2","SERVSTAT":"ACTV","SE_ANNO_CAD_DATA":"","STREAM_NAME":"4_N_Dexter_2","GLOBALID":"da0c90dd-2f86-4e3f-986a-d65be12f2dc6","CREATOR":"Transportation_SeattleCityGIS","CREATE_DATE":1786716795000,"EDITOR":"Transportation_SeattleCityGIS","EDIT_DATE":1786716795000}},{"type":"Feature","id":364216,"geometry":{"type":"Point","coordinates":[-122.347312159033,47.6512371573134]},"properties":{"OBJECTID":364216,"COMPKEY":914758,"UNITID":"CMR-0391","OWNERSHIP":"SDOT","DISTRICT":null,"NAME":"Aurora_N_36.jpg","COMPTYPE":16,"URL":"https://www.seattle.gov/trafficcams/images/Aurora_N_36.jpg","LOCATION":"Aurora Ave N & N 36th St","SERVSTAT":"ACTV","SE_ANNO_CAD_DATA":"","STREAM_NAME":"Aurora_N_36","GLOBALID":"f53495cc-a5f2-405e-ab6d-d50d1f4823e3","CREATOR":"Transportation_SeattleCityGIS","CREATE_DATE":1786716795000,"EDITOR":"Transportation_SeattleCityGIS","EDIT_DATE":1786716795000}},{"type":"Feature","id":364217,"geometry":{"type":"Point","coordinates":[-122.329187043257,47.6036975160912]},"properties":{"OBJECTID":364217,"COMPKEY":null,"UNITID":"CMR-0049","OWNERSHIP":"SDOT","DISTRICT":null,"NAME":"5_James.jpg","COMPTYPE":16,"URL":"http://www.seattle.gov/trafficcams/images/5_James.jpg","LOCATION":"5th Ave & James St","SERVSTAT":"ACTV","SE_ANNO_CAD_DATA":"","STREAM_NAME":"5_James","GLOBALID":"70445565-2c1c-4712-84b2-df137b030c74","CREATOR":"Transportation_SeattleCityGIS","CREATE_DATE":1786716795000,"EDITOR":"Transportation_SeattleCityGIS","EDIT_DATE":1786716795000}},{"type":"Feature","id":364218,"geometry":{"type":"Point","coordinates":[-122.342892469047,47.6087236566222]},"properties":{"OBJECTID":364218,"COMPKEY":931240,"UNITID":"CMR-0444","OWNERSHIP":"SDOT","DISTRICT":null,"NAME":"Alaskan_Elliott_NWC.jpg","COMPTYPE":16,"URL":"https://www.seattle.gov/trafficcams/images/Alaskan_Elliott_NWC.jpg","LOCATION":"Alaskan Way & Elliott Way","SERVSTAT":"ACTV","SE_ANNO_CAD_DATA":"","STREAM_NAME":"Alaskan_Elliott_NWC","GLOBALID":"ff280ea0-3eba-4d21-b6bc-88451ace36af","CREATOR":"Transportation_SeattleCityGIS","CREATE_DATE":1786716795000,"EDITOR":"Transportation_SeattleCityGIS","EDIT_DATE":1786716795000}},{"type":"Feature","id":364219,"geometry":{"type":"Point","coordinates":[-122.347149390406,47.6621454414606]},"properties":{"OBJECTID":364219,"COMPKEY":545015,"UNITID":"CMR-0077","OWNERSHIP":"SDOT","DISTRICT":null,"NAME":"Aurora_N_46.jpg","COMPTYPE":16,"URL":"http://www.seattle.gov/trafficcams/images/Aurora_N_46.jpg","LOCATION":"Aurora Ave N & N 46th St","SERVSTAT":"ACTV","SE_ANNO_CAD_DATA":"","STREAM_NAME":"Aurora_N_46","GLOBALID":"5916260c-3dd5-47e6-aa69-c89452546f85","CREATOR":"Transportation_SeattleCityGIS","CREATE_DATE":1786716795000,"EDITOR":"Transportation_SeattleCityGIS","EDIT_DATE":1786716795000}},{"type":"Feature","id":364220,"geometry":{"type":"Point","coordinates":[-122.328733504746,47.6048763674432]},"properties":{"OBJECTID":364220,"COMPKEY":null,"UNITID":"CMR-0318","OWNERSHIP":"SDOT","DISTRICT":null,"NAME":"6_Cherry.jpg","COMPTYPE":16,"URL":"http://www.seattle.gov/trafficcams/images/6_Cherry.jpg","LOCATION":"6th Ave & Cherry St","SERVSTAT":"ACTV","SE_ANNO_CAD_DATA":"","STREAM_NAME":"6_Cherry","GLOBALID":"a87afd64-f317-4738-9a37-6b7c22acdcf9","CREATOR":"Transportation_SeattleCityGIS","CREATE_DATE":1786716795000,"EDITOR":"Transportation_SeattleCityGIS","EDIT_DATE":1786716795000}},{"type":"Feature","id":364221,"geometry":{"type":"Point","coordinates":[-122.343544141064,47.62801952182]},"properties":{"OBJECTID":364221,"COMPKEY":null,"UNITID":"CMR-0081","OWNERSHIP":"SDOT","DISTRICT":null,"NAME":"Aurora_N_Ward.jpg","COMPTYPE":16,"URL":"http://www.seattle.gov/trafficcams/images/Aurora_N_Ward.jpg","LOCATION":"Aurora Ave N & Ward St","SERVSTAT":"ACTV","SE_ANNO_CAD_DATA":"","STREAM_NAME":"Aurora_N_Ward","GLOBALID":"0b83e673-b124-449e-a4f7-d29a8faea120","CREATOR":"Transportation_SeattleCityGIS","CREATE_DATE":1786716795000,"EDITOR":"Transportation_SeattleCityGIS","EDIT_DATE":1786716795000}},{"type":"Feature","id":364222,"geometry":{"type":"Point","coordinates":[-122.339741461175,47.6246868616371]},"properties":{"OBJECTID":364222,"COMPKEY":null,"UNITID":"CMR-0154","OWNERSHIP":"SDOT","DISTRICT":null,"NAME":"9_N_Mercer.jpg","COMPTYPE":16,"URL":"http://www.seattle.gov/trafficcams/images/9_N_Mercer.jpg","LOCATION":"9th Ave N & Mercer St","SERVSTAT":"ACTV","SE_ANNO_CAD_DATA":"","STREAM_NAME":"9_N_Mercer","GLOBALID":"8c7c9e68-6f5e-4850-b853-35de9675f7fe","CREATOR":"Transportation_SeattleCityGIS","CREATE_DATE":1786716795000,"EDITOR":"Transportation_SeattleCityGIS","EDIT_DATE":1786716795000}},{"type":"Feature","id":364223,"geometry":{"type":"Point","coordinates":[-122.355546710342,47.7232336689317]},"properties":{"OBJECTID":364223,"COMPKEY":null,"UNITID":"CMR-0247","OWNERSHIP":"SDOT","DISTRICT":null,"NAME":"Greenwood_N_130.jpg","COMPTYPE":16,"URL":"http://www.seattle.gov/trafficcams/images/Greenwood_N_130.jpg","LOCATION":"Greenwood Ave N & N 130th St","SERVSTAT":"ACTV","SE_ANNO_CAD_DATA":"","STREAM_NAME":"Greenwood_N_130","GLOBALID":"d425ce77-df6a-46dc-8f79-c9b782e33ee2","CREATOR":"Transportation_SeattleCityGIS","CREATE_DATE":1786716795000,"EDITOR":"Transportation_SeattleCityGIS","EDIT_DATE":1786716795000}},{"type":"Feature","id":364224,"geometry":{"type":"Point","coordinates":[-122.3174895077,47.6831111823573]},"properties":{"OBJECTID":364224,"COMPKEY":545978,"UNITID":"CMR-0139","OWNERSHIP":"SDOT","DISTRICT":null,"NAME":"Roosevelt_NE_75.jpg","COMPTYPE":16,"URL":"http://www.seattle.gov/trafficcams/images/Roosevelt_NE_75.jpg","LOCATION":"Roosevelt Ave NE & NE 75th St","SERVSTAT":"ACTV","SE_ANNO_CAD_DATA":"","STREAM_NAME":"Roosevelt_NE_75","GLOBALID":"7e85c5e0-c0d7-477e-8809-4c4f9799c927","CREATOR":"Transportation_SeattleCityGIS","CREATE_DATE":1786716795000,"EDITOR":"Transportation_SeattleCityGIS","EDIT_DATE":1786716795000}},{"type":"Feature","id":364225,"geometry":{"type":"Point","coordinates":[-122.27898248493,47.5232707068685]},"properties":{"OBJECTID":364225,"COMPKEY":null,"UNITID":"CMR-0275","OWNERSHIP":"SDOT","DISTRICT":null,"NAME":"MLK_S_Henderson.jpg","COMPTYPE":16,"URL":"http://www.seattle.gov/trafficcams/images/MLK_S_Henderson.jpg","LOCATION":"MLK Jr Way S & S Henderson St","SERVSTAT":"ACTV","SE_ANNO_CAD_DATA":"","STREAM_NAME":"MLK_S_Henderson","GLOBALID":"4bea161a-22c2-4635-8f5d-97e5d7104bcf","CREATOR":"Transportation_SeattleCityGIS","CREATE_DATE":1786716795000,"EDITOR":"Transportation_SeattleCityGIS","EDIT_DATE":1786716795000}},{"type":"Feature","id":364226,"geometry":{"type":"Point","coordinates":[-122.340207471986,47.6650344456661]},"properties":{"OBJECTID":364226,"COMPKEY":null,"UNITID":"CMR-0115","OWNERSHIP":"SDOT","DISTRICT":null,"NAME":"Green_Lake_N_50.jpg","COMPTYPE":16,"URL":"http://www.seattle.gov/trafficcams/images/Green_Lake_N_50.jpg","LOCATION":"Greenlake Way N & N 50th St","SERVSTAT":"ACTV","SE_ANNO_CAD_DATA":"","STREAM_NAME":"Green_Lake_N_50","GLOBALID":"a13c493e-93b8-44e5-a3ea-16787ec68e8e","CREATOR":"Transportation_SeattleCityGIS","CREATE_DATE":1786716795000,"EDITOR":"Transportation_SeattleCityGIS","EDIT_DATE":1786716795000}},{"type":"Feature","id":364227,"geometry":{"type":"Point","coordinates":[-122.383888739881,47.5811758566297]},"properties":{"OBJECTID":364227,"COMPKEY":null,"UNITID":"CMR-0250","OWNERSHIP":"SDOT","DISTRICT":null,"NAME":"41_SW_Admiral.jpg","COMPTYPE":16,"URL":"http://www.seattle.gov/trafficcams/images/41_SW_Admiral.jpg","LOCATION":"41st Ave SW & SW Admiral Way ","SERVSTAT":"ACTV","SE_ANNO_CAD_DATA":"","STREAM_NAME":"41_SW_Admiral","GLOBALID":"da7a6916-b8d8-4d0d-ab17-be70e38c325b","CREATOR":"Transportation_SeattleCityGIS","CREATE_DATE":1786716795000,"EDITOR":"Transportation_SeattleCityGIS","EDIT_DATE":1786716795000}},{"type":"Feature","id":364228,"geometry":{"type":"Point","coordinates":[-122.31501862894,47.526432989128]},"properties":{"OBJECTID":364228,"COMPKEY":542955,"UNITID":"CMR-0003","OWNERSHIP":"SDOT","DISTRICT":null,"NAME":"14_S_Cloverdale.jpg","COMPTYPE":16,"URL":"http://www.seattle.gov/trafficcams/images/14_S_Cloverdale.jpg","LOCATION":"14th Ave S & S Cloverdale St","SERVSTAT":"ACTV","SE_ANNO_CAD_DATA":"","STREAM_NAME":"14_S_Cloverdale","GLOBALID":"a1895ffc-ede7-45ce-a115-47acb3784ff9","CREATOR":"Transportation_SeattleCityGIS","CREATE_DATE":1786716795000,"EDITOR":"Transportation_SeattleCityGIS","EDIT_DATE":1786716795000}},{"type":"Feature","id":364229,"geometry":{"type":"Point","coordinates":[-122.314174341229,47.5992367393755]},"properties":{"OBJECTID":364229,"COMPKEY":542956,"UNITID":"CMR-0004","OWNERSHIP":"SDOT","DISTRICT":null,"NAME":"14_S_Jackson.jpg","COMPTYPE":16,"URL":"http://www.seattle.gov/trafficcams/images/14_S_Jackson.jpg","LOCATION":"14th Ave S & S Jackson St","SERVSTAT":"ACTV","SE_ANNO_CAD_DATA":"","STREAM_NAME":"14_S_Jackson","GLOBALID":"a821188f-03bc-4223-af55-a306ff0cd28e","CREATOR":"Transportation_SeattleCityGIS","CREATE_DATE":1786716795000,"EDITOR":"Transportation_SeattleCityGIS","EDIT_DATE":1786716795000}},{"type":"Feature","id":364230,"geometry":{"type":"Point","coordinates":[-122.375927407135,47.6686667429281]},"properties":{"OBJECTID":364230,"COMPKEY":19226,"UNITID":"CMR-0010","OWNERSHIP":"SDOT","DISTRICT":null,"NAME":"15_NW_Market_2.jpg","COMPTYPE":16,"URL":"http://www.seattle.gov/trafficcams/images/15_NW_Market_2.jpg","LOCATION":"15th Ave NW & NW Market St EW","SERVSTAT":"ACTV","SE_ANNO_CAD_DATA":"","STREAM_NAME":"15_NW_Market_2","GLOBALID":"678e3857-35f9-42b8-91e1-11dc97be9eb9","CREATOR":"Transportation_SeattleCityGIS","CREATE_DATE":1786716795000,"EDITOR":"Transportation_SeattleCityGIS","EDIT_DATE":1786716795000}},{"type":"Feature","id":364231,"geometry":{"type":"Point","coordinates":[-122.376214714875,47.6685143323895]},"properties":{"OBJECTID":364231,"COMPKEY":542969,"UNITID":"CMR-0011","OWNERSHIP":"SDOT","DISTRICT":null,"NAME":"15_NW_Market_1.jpg","COMPTYPE":16,"URL":"http://www.seattle.gov/trafficcams/images/15_NW_Market_1.jpg","LOCATION":"15th Ave NW & NW Market St NS","SERVSTAT":"ACTV","SE_ANNO_CAD_DATA":"","STREAM_NAME":"15_NW_Market_1","GLOBALID":"91da77fd-aac1-4577-b331-00ccb96fccd7","CREATOR":"Transportation_SeattleCityGIS","CREATE_DATE":1786716795000,"EDITOR":"Transportation_SeattleCityGIS","EDIT_DATE":1786716795000}},{"type":"Feature","id":364232,"geometry":{"type":"Point","coordinates":[-122.302710373859,47.6129414128931]},"properties":{"OBJECTID":364232,"COMPKEY":null,"UNITID":"CMR-0263","OWNERSHIP":"SDOT","DISTRICT":null,"NAME":"23_Union.jpg","COMPTYPE":16,"URL":"http://www.seattle.gov/trafficcams/images/23_Union.jpg","LOCATION":"23rd Ave & E Union St NS","SERVSTAT":"ACTV","SE_ANNO_CAD_DATA":"","STREAM_NAME":"23_Union","GLOBALID":"e64d6f4b-e701-46d5-b4e0-4fb0922f309f","CREATOR":"Transportation_SeattleCityGIS","CREATE_DATE":1786716795000,"EDITOR":"Transportation_SeattleCityGIS","EDIT_DATE":1786716795000}},{"type":"Feature","id":364233,"geometry":{"type":"Point","coordinates":[-122.342399048107,47.61865735184]},"properties":{"OBJECTID":364233,"COMPKEY":921020,"UNITID":"CMR-0434","OWNERSHIP":"SDOT","DISTRICT":null,"NAME":"Dexter_N_Denny_2.jpg","COMPTYPE":16,"URL":"https://www.seattle.gov/trafficcams/images/Dexter_N_Denny_2.jpg","LOCATION":"Dexter Ave N & Denny Way - 2","SERVSTAT":"ACTV","SE_ANNO_CAD_DATA":"","STREAM_NAME":"Dexter_N_Denny_2","GLOBALID":"52685328-2c9f-469a-82d7-31c6cd74a55b","CREATOR":"Transportation_SeattleCityGIS","CREATE_DATE":1786716795000,"EDITOR":"Transportation_SeattleCityGIS","EDIT_DATE":1786716795000}},{"type":"Feature","id":364234,"geometry":{"type":"Point","coordinates":[-122.317222846923,47.599189062752]},"properties":{"OBJECTID":364234,"COMPKEY":null,"UNITID":"CMR-0193","OWNERSHIP":"SDOT","DISTRICT":null,"NAME":"12_S_Jackson.jpg","COMPTYPE":16,"URL":"http://www.seattle.gov/trafficcams/images/12_S_Jackson.jpg","LOCATION":"12th Ave S & S Jackson St","SERVSTAT":"ACTV","SE_ANNO_CAD_DATA":"","STREAM_NAME":"12_S_Jackson","GLOBALID":"83a3d07f-b096-4c56-88f7-551d715e0d15","CREATOR":"Transportation_SeattleCityGIS","CREATE_DATE":1786716795000,"EDITOR":"Transportation_SeattleCityGIS","EDIT_DATE":1786716795000}},{"type":"Feature","id":364235,"geometry":{"type":"Point","coordinates":[-122.293968085039,47.7192715252829]},"properties":{"OBJECTID":364235,"COMPKEY":545834,"UNITID":"CMR-0120","OWNERSHIP":"SDOT","DISTRICT":"2","NAME":"LCW_NE_125_1.jpg","COMPTYPE":16,"URL":"http://www.seattle.gov/trafficcams/images/LCW_NE_125_1.jpg","LOCATION":"Lake City Way NE & NE 125th St 1","SERVSTAT":"ACTV","SE_ANNO_CAD_DATA":"","STREAM_NAME":"LCW_NE_125_1","GLOBALID":"48a983a1-7d9a-41e8-9999-ae5a1920268c","CREATOR":"Transportation_SeattleCityGIS","CREATE_DATE":1786716795000,"EDITOR":"Transportation_SeattleCityGIS","EDIT_DATE":1786716795000}},{"type":"Feature","id":364236,"geometry":{"type":"Point","coordinates":[-122.295319710143,47.7191325517681]},"properties":{"OBJECTID":364236,"COMPKEY":null,"UNITID":"CMR-0119","OWNERSHIP":"SDOT","DISTRICT":null,"NAME":"LCW_NE_125_2.jpg","COMPTYPE":16,"URL":"https://www.seattle.gov/trafficcams/images/LCW_NE_125_2.jpg","LOCATION":"Lake City Way & NE 125th St 2","SERVSTAT":"ACTV","SE_ANNO_CAD_DATA":"","STREAM_NAME":"LCW_NE_125_2","GLOBALID":"a919770e-5099-4788-8e37-f1f8f51210a8","CREATOR":"Transportation_SeattleCityGIS","CREATE_DATE":1786716795000,"EDITOR":"Transportation_SeattleCityGIS","EDIT_DATE":1786716795000}},{"type":"Feature","id":364237,"geometry":{"type":"Point","coordinates":[-122.340000441292,47.5839075527923]},"properties":{"OBJECTID":364237,"COMPKEY":933188,"UNITID":"CMR-0446","OWNERSHIP":"SDOT","DISTRICT":null,"NAME":"EMarg_S_Walker.jpg","COMPTYPE":16,"URL":"https://www.seattle.gov/trafficcams/images/EMarg_S_Walker.jpg","LOCATION":"E Marginal Way S & S Walker St","SERVSTAT":"ACTV","SE_ANNO_CAD_DATA":"","STREAM_NAME":"EMarg_S_Walker","GLOBALID":"e00706da-2c48-410a-8ee1-63271cd0a5df","CREATOR":"Transportation_SeattleCityGIS","CREATE_DATE":1786716795000,"EDITOR":"Transportation_SeattleCityGIS","EDIT_DATE":1786716795000}},{"type":"Feature","id":364238,"geometry":{"type":"Point","coordinates":[-122.292250178464,47.728288273371]},"properties":{"OBJECTID":364238,"COMPKEY":null,"UNITID":"CMR-0121","OWNERSHIP":"SDOT","DISTRICT":null,"NAME":"LCW_NE_137.jpg","COMPTYPE":16,"URL":"http://www.seattle.gov/trafficcams/images/LCW_NE_137.jpg","LOCATION":"Lake City Way & NE 137th St","SERVSTAT":"ACTV","SE_ANNO_CAD_DATA":"","STREAM_NAME":"LCW_NE_137","GLOBALID":"a296cc7a-df3d-4eee-b1aa-55b1676e092a","CREATOR":"Transportation_SeattleCityGIS","CREATE_DATE":1786716795000,"EDITOR":"Transportation_SeattleCityGIS","EDIT_DATE":1786716795000}},{"type":"Feature","id":364239,"geometry":{"type":"Point","coordinates":[-122.36004833799,47.5719553508907]},"properties":{"OBJECTID":364239,"COMPKEY":null,"UNITID":"CMR-0094","OWNERSHIP":"SDOT","DISTRICT":null,"NAME":"Chelan_SW_WMarg_1.jpg","COMPTYPE":16,"URL":"http://www.seattle.gov/trafficcams/images/Chelan_SW_WMarg_1.jpg","LOCATION":"Chelan Ave SW & W Marginal Way 1","SERVSTAT":"ACTV","SE_ANNO_CAD_DATA":"","STREAM_NAME":"Chelan_SW_WMarg_1","GLOBALID":"eb965b86-2bb9-479a-a463-eec1c6b882b8","CREATOR":"Transportation_SeattleCityGIS","CREATE_DATE":1786716795000,"EDITOR":"Transportation_SeattleCityGIS","EDIT_DATE":1786716795000}},{"type":"Feature","id":364240,"geometry":{"type":"Point","coordinates":[-122.354025652086,47.5173427437488]},"properties":{"OBJECTID":364240,"COMPKEY":null,"UNITID":"CMR-0328","OWNERSHIP":"SDOT","DISTRICT":null,"NAME":"15_SW_Roxbury.jpg","COMPTYPE":16,"URL":"http://www.seattle.gov/trafficcams/images/15_SW_Roxbury.jpg","LOCATION":"15th Ave SW & SW Roxbury St","SERVSTAT":"ACTV","SE_ANNO_CAD_DATA":"","STREAM_NAME":"15_SW_Roxbury","GLOBALID":"44a30dcd-eee6-4a3b-8cb4-8964aecd6975","CREATOR":"Transportation_SeattleCityGIS","CREATE_DATE":1786716795000,"EDITOR":"Transportation_SeattleCityGIS","EDIT_DATE":1786716795000}},{"type":"Feature","id":364241,"geometry":{"type":"Point","coordinates":[-122.292579516621,47.5607938192119]},"properties":{"OBJECTID":364241,"COMPKEY":null,"UNITID":"CMR-0125","OWNERSHIP":"SDOT","DISTRICT":null,"NAME":"MLK_S_Alaska_1.jpg","COMPTYPE":16,"URL":"http://www.seattle.gov/trafficcams/images/MLK_S_Alaska_1.jpg","LOCATION":"MLK Way S & S Alaska St EW","SERVSTAT":"ACTV","SE_ANNO_CAD_DATA":"","STREAM_NAME":"MLK_S_Alaska_1","GLOBALID":"b7d8a6ee-0ce6-4bf7-888b-c576d1d5c963","CREATOR":"Transportation_SeattleCityGIS","CREATE_DATE":1786716795000,"EDITOR":"Transportation_SeattleCityGIS","EDIT_DATE":1786716795000}},{"type":"Feature","id":364242,"geometry":{"type":"Point","coordinates":[-122.35615674407,47.5710898150588]},"properties":{"OBJECTID":364242,"COMPKEY":null,"UNITID":"CMR-0143","OWNERSHIP":"SDOT","DISTRICT":null,"NAME":"WSB_Delridge.jpg","COMPTYPE":16,"URL":"http://www.seattle.gov/trafficcams/images/WSB_Delridge.jpg","LOCATION":"W Seattle Bridge @ Delridge Way Exit","SERVSTAT":"ACTV","SE_ANNO_CAD_DATA":"","STREAM_NAME":"WSB_Delridge","GLOBALID":"82ea2e9b-11b8-4fbd-adff-6def3b397360","CREATOR":"Transportation_SeattleCityGIS","CREATE_DATE":1786716795000,"EDITOR":"Transportation_SeattleCityGIS","EDIT_DATE":1786716795000}},{"type":"Feature","id":364243,"geometry":{"type":"Point","coordinates":[-122.334192271123,47.586108573202]},"properties":{"OBJECTID":364243,"COMPKEY":544730,"UNITID":"CMR-0021","OWNERSHIP":"SDOT","DISTRICT":"4","NAME":"1_S_Holgate.jpg","COMPTYPE":16,"URL":"http://www.seattle.gov/trafficcams/images/1_S_Holgate.jpg","LOCATION":"1st Ave S & S Holgate St","SERVSTAT":"ACTV","SE_ANNO_CAD_DATA":"","STREAM_NAME":"1_S_Holgate","GLOBALID":"ae66c296-38a2-4f31-8971-896b5c0e0f00","CREATOR":"Transportation_SeattleCityGIS","CREATE_DATE":1786716795000,"EDITOR":"Transportation_SeattleCityGIS","EDIT_DATE":1786716795000}},{"type":"Feature","id":364244,"geometry":{"type":"Point","coordinates":[-122.347644207561,47.5714551751394]},"properties":{"OBJECTID":364244,"COMPKEY":null,"UNITID":"CMR-0329","OWNERSHIP":"SDOT","DISTRICT":null,"NAME":"11_SW_Spokane_2.jpg","COMPTYPE":16,"URL":"http://www.seattle.gov/trafficcams/images/11_SW_Spokane_2.jpg","LOCATION":"11th Ave SW & SW Spokane St NS","SERVSTAT":"ACTV","SE_ANNO_CAD_DATA":"","STREAM_NAME":"11_SW_Spokane_2","GLOBALID":"35ee1a02-a0c7-4fc3-9431-89b2ddd4a78a","CREATOR":"Transportation_SeattleCityGIS","CREATE_DATE":1786716795000,"EDITOR":"Transportation_SeattleCityGIS","EDIT_DATE":1786716795000}},{"type":"Feature","id":364245,"geometry":{"type":"Point","coordinates":[-122.348506575046,47.5715901171617]},"properties":{"OBJECTID":364245,"COMPKEY":null,"UNITID":"CMR-0001","OWNERSHIP":"SDOT","DISTRICT":null,"NAME":"11_SW_Spokane_1.jpg","COMPTYPE":16,"URL":"http://www.seattle.gov/trafficcams/images/11_SW_Spokane_1.jpg","LOCATION":"11th Ave SW & SW Spokane St","SERVSTAT":"ACTV","SE_ANNO_CAD_DATA":"","STREAM_NAME":"11_SW_Spokane_1","GLOBALID":"3c674750-59d4-43d3-8c12-7e625de8f02c","CREATOR":"Transportation_SeattleCityGIS","CREATE_DATE":1786716795000,"EDITOR":"Transportation_SeattleCityGIS","EDIT_DATE":1786716795000}},{"type":"Feature","id":364246,"geometry":{"type":"Point","coordinates":[-122.360093150427,47.5721603916684]},"properties":{"OBJECTID":364246,"COMPKEY":809696,"UNITID":"CMR-0331","OWNERSHIP":"SDOT","DISTRICT":null,"NAME":"Chelan_SW_WMarg_2.jpg","COMPTYPE":16,"URL":"https://www.seattle.gov/trafficcams/images/Chelan_SW_WMarg_2.jpg","LOCATION":"Chelan Ave SW & W Marginal Way 2","SERVSTAT":"ACTV","SE_ANNO_CAD_DATA":"","STREAM_NAME":"Chelan_SW_WMarg_2","GLOBALID":"b0d0559d-9f0b-4db0-800f-1d6b6d2e33d6","CREATOR":"Transportation_SeattleCityGIS","CREATE_DATE":1786716795000,"EDITOR":"Transportation_SeattleCityGIS","EDIT_DATE":1786716795000}},{"type":"Feature","id":364247,"geometry":{"type":"Point","coordinates":[-122.34363213571,47.6185863410725]},"properties":{"OBJECTID":364247,"COMPKEY":null,"UNITID":"CMR-0365","OWNERSHIP":"SDOT","DISTRICT":null,"NAME":"7_Denny_1.jpg","COMPTYPE":16,"URL":"https://www.seattle.gov/trafficcams/images/7_Denny_1.jpg","LOCATION":"7th Ave N & Denny Way 1","SERVSTAT":"ACTV","SE_ANNO_CAD_DATA":"","STREAM_NAME":"7_Denny_1","GLOBALID":"e10a79e2-1d05-4819-844e-69534269944b","CREATOR":"Transportation_SeattleCityGIS","CREATE_DATE":1786716795000,"EDITOR":"Transportation_SeattleCityGIS","EDIT_DATE":1786716795000}},{"type":"Feature","id":364248,"geometry":{"type":"Point","coordinates":[-122.343644599731,47.6185610615934]},"properties":{"OBJECTID":364248,"COMPKEY":null,"UNITID":"CMR-0366","OWNERSHIP":"SDOT","DISTRICT":null,"NAME":"7_Denny_2.jpg","COMPTYPE":16,"URL":"https://www.seattle.gov/trafficcams/images/7_Denny_2.jpg","LOCATION":"7th Ave N & Denny Way 2","SERVSTAT":"ACTV","SE_ANNO_CAD_DATA":"","STREAM_NAME":"7_Denny_2","GLOBALID":"f9329c85-2cad-4509-85e5-5d4176d44760","CREATOR":"Transportation_SeattleCityGIS","CREATE_DATE":1786716795000,"EDITOR":"Transportation_SeattleCityGIS","EDIT_DATE":1786716795000}},{"type":"Feature","id":364249,"geometry":{"type":"Point","coordinates":[-122.342401852616,47.6185501645518]},"properties":{"OBJECTID":364249,"COMPKEY":545649,"UNITID":"CMR-0098","OWNERSHIP":"SDOT","DISTRICT":null,"NAME":"Dexter_N_Denny_EW.jpg","COMPTYPE":16,"URL":"http://www.seattle.gov/trafficcams/images/Dexter_N_Denny_EW.jpg","LOCATION":"Dexter Ave & Denny Way","SERVSTAT":"ACTV","SE_ANNO_CAD_DATA":"","STREAM_NAME":"Dexter_N_Denny_EW","GLOBALID":"949a7caf-af04-4dd4-bfea-a0a9315e7405","CREATOR":"Transportation_SeattleCityGIS","CREATE_DATE":1786716795000,"EDITOR":"Transportation_SeattleCityGIS","EDIT_DATE":1786716795000}},{"type":"Feature","id":364250,"geometry":{"type":"Point","coordinates":[-122.342399048107,47.61865735184]},"properties":{"OBJECTID":364250,"COMPKEY":null,"UNITID":null,"OWNERSHIP":null,"DISTRICT":null,"NAME":null,"COMPTYPE":16,"URL":null,"LOCATION":null,"SERVSTAT":null,"SE_ANNO_CAD_DATA":"","STREAM_NAME":null,"GLOBALID":"b27f5a1d-05c6-473d-b575-21b213d3d39a","CREATOR":"Transportation_SeattleCityGIS","CREATE_DATE":1786716795000,"EDITOR":"Transportation_SeattleCityGIS","EDIT_DATE":1786716795000}},{"type":"Feature","id":364251,"geometry":{"type":"Point","coordinates":[-122.325619610125,47.6649531430355]},"properties":{"OBJECTID":364251,"COMPKEY":null,"UNITID":"CMR-0116","OWNERSHIP":"SDOT","DISTRICT":null,"NAME":"Latona_NE_50.jpg","COMPTYPE":16,"URL":"http://www.seattle.gov/trafficcams/images/Latona_NE_50.jpg","LOCATION":"Latona Ave NE & NE 50th St","SERVSTAT":"ACTV","SE_ANNO_CAD_DATA":"","STREAM_NAME":"Latona_NE_50","GLOBALID":"97ad5c07-f4de-434f-801e-aea676904836","CREATOR":"Transportation_SeattleCityGIS","CREATE_DATE":1786716795000,"EDITOR":"Transportation_SeattleCityGIS","EDIT_DATE":1786716795000}},{"type":"Feature","id":364252,"geometry":{"type":"Point","coordinates":[-122.338001054286,47.6049434576639]},"properties":{"OBJECTID":364252,"COMPKEY":null,"UNITID":"CMR-0179","OWNERSHIP":"SDOT","DISTRICT":null,"NAME":"Western_Spring.jpg","COMPTYPE":16,"URL":"http://www.seattle.gov/trafficcams/images/Western_Spring.jpg","LOCATION":"Western Ave & Spring St","SERVSTAT":"ACTV","SE_ANNO_CAD_DATA":"","STREAM_NAME":"Western_Spring","GLOBALID":"fcb9a25b-4be3-48f9-8707-aae23467564c","CREATOR":"Transportation_SeattleCityGIS","CREATE_DATE":1786716795000,"EDITOR":"Transportation_SeattleCityGIS","EDIT_DATE":1786716795000}},{"type":"Feature","id":364253,"geometry":{"type":"Point","coordinates":[-122.329159992823,47.62312894733]},"properties":{"OBJECTID":364253,"COMPKEY":933681,"UNITID":"CMR-0449","OWNERSHIP":"SDOT","DISTRICT":null,"NAME":"Eastlake_E_Republican.jpg","COMPTYPE":16,"URL":"https://www.seattle.gov/trafficcams/images/Eastlake_E_Republican.jpg","LOCATION":"Eastlake Ave E & Republican St","SERVSTAT":"ACTV","SE_ANNO_CAD_DATA":"","STREAM_NAME":"Eastlake_E_Republican","GLOBALID":"2f157975-0a49-4587-b5a0-250576f76e39","CREATOR":"Transportation_SeattleCityGIS","CREATE_DATE":1786716795000,"EDITOR":"Transportation_SeattleCityGIS","EDIT_DATE":1786716795000}},{"type":"Feature","id":364254,"geometry":{"type":"Point","coordinates":[-122.348579462672,47.6621294828748]},"properties":{"OBJECTID":364254,"COMPKEY":null,"UNITID":"CMR-0381","OWNERSHIP":"SDOT","DISTRICT":null,"NAME":"Linden_N_46.jpg","COMPTYPE":16,"URL":"https://www.seattle.gov/trafficcams/images/Linden_N_46.jpg","LOCATION":"Linden Ave N & N 46th St","SERVSTAT":"ACTV","SE_ANNO_CAD_DATA":"","STREAM_NAME":"Linden_N_46","GLOBALID":"dd6f999f-c931-4a5d-acbf-1997f791ef2d","CREATOR":"Transportation_SeattleCityGIS","CREATE_DATE":1786716795000,"EDITOR":"Transportation_SeattleCityGIS","EDIT_DATE":1786716795000}},{"type":"Feature","id":364255,"geometry":{"type":"Point","coordinates":[-122.306519063479,47.6612634649448]},"properties":{"OBJECTID":364255,"COMPKEY":847776,"UNITID":"CMR-0344","OWNERSHIP":"SDOT","DISTRICT":null,"NAME":"20_NE_45_NWC.jpg","COMPTYPE":16,"URL":"https://www.seattle.gov/trafficcams/images/20_NE_45_NWC.jpg","LOCATION":"20th Ave NE & NE 45th St","SERVSTAT":"ACTV","SE_ANNO_CAD_DATA":"","STREAM_NAME":"20_NE_45_NWC","GLOBALID":"12ce540d-e0c2-4f1a-b573-41d0be4ed18c","CREATOR":"Transportation_SeattleCityGIS","CREATE_DATE":1786716795000,"EDITOR":"Transportation_SeattleCityGIS","EDIT_DATE":1786716795000}},{"type":"Feature","id":364256,"geometry":{"type":"Point","coordinates":[-122.306519063479,47.6612634649448]},"properties":{"OBJECTID":364256,"COMPKEY":null,"UNITID":null,"OWNERSHIP":null,"DISTRICT":null,"NAME":null,"COMPTYPE":16,"URL":null,"LOCATION":null,"SERVSTAT":null,"SE_ANNO_CAD_DATA":"","STREAM_NAME":null,"GLOBALID":"14259d65-e30f-4515-9e35-b633630c07b0","CREATOR":"Transportation_SeattleCityGIS","CREATE_DATE":1786716795000,"EDITOR":"Transportation_SeattleCityGIS","EDIT_DATE":1786716795000}},{"type":"Feature","id":364257,"geometry":{"type":"Point","coordinates":[-122.328452955926,47.6079438610006]},"properties":{"OBJECTID":364257,"COMPKEY":919937,"UNITID":"CMR-0409","OWNERSHIP":"SDOT","DISTRICT":null,"NAME":"8_Madison.jpg","COMPTYPE":16,"URL":"https://www.seattle.gov/trafficcams/images/8_Madison.jpg","LOCATION":"8th Ave & Madison St","SERVSTAT":"ACTV","SE_ANNO_CAD_DATA":"","STREAM_NAME":"8_Madison","GLOBALID":"abe1e03a-d0ef-4225-8b06-fba331c952d9","CREATOR":"Transportation_SeattleCityGIS","CREATE_DATE":1786716795000,"EDITOR":"Transportation_SeattleCityGIS","EDIT_DATE":1786716795000}},{"type":"Feature","id":364258,"geometry":{"type":"Point","coordinates":[-122.33290910388,47.6060878574652]},"properties":{"OBJECTID":364258,"COMPKEY":null,"UNITID":"CMR-0180","OWNERSHIP":"SDOT","DISTRICT":null,"NAME":"4_Madison.jpg","COMPTYPE":16,"URL":"http://www.seattle.gov/trafficcams/images/4_Madison.jpg","LOCATION":"4th Ave & Madison St","SERVSTAT":"ACTV","SE_ANNO_CAD_DATA":"","STREAM_NAME":"4_Madison","GLOBALID":"344033e4-6a46-4e11-982f-ceaccee91159","CREATOR":"Transportation_SeattleCityGIS","CREATE_DATE":1786716795000,"EDITOR":"Transportation_SeattleCityGIS","EDIT_DATE":1786716795000}}]}